0.135,0.237,0.3,0.425,0.447,0.462,0.488,0.504,0.543,0.636,0.676,0.8,0.884,0.96,1.004,1.024,1.039,1.113,1.148,1.256,1.301,1.342,1.376,1.457,1.497,1.529,1.598,1.621,1.652,1.717,1.795,1.907,1.996,2.28,2.299,2.339,2.381,2.483,2.574,2.62,2.632,2.786,2.852,2.876,2.9,3.203,3.298,3.489,3.581,3.692,3.802,3.932,4.012,4.077,4.143,4.187,4.211,4.321,4.369,4.413,4.485,4.565,4.638,4.681,4.748,4.906,4.95,4.981,5.012,5.032,5.05,5.087,5.11,5.235,5.377,5.41,5.452,5.469,5.57,5.622,5.656,5.721,5.756,5.895,5.923,5.979,6.045,6.078,6.108,6.349,6.38,6.465,6.553,6.616,6.804,6.87,6.892,6.953,7.072,7.156,7.269,7.601,7.635,7.67,7.785,7.914,7.951,7.974,8.011,8.122,8.274,8.33,8.392,8.486,8.533,8.598,8.622,8.673,8.767,8.807,8.937,9.007,9.142,9.21,9.257,9.286,9.415,9.51,9.535,9.651,9.687,9.724,9.802,9.861,9.966,nan,nan,nan,nan,nan,nan,nan,nan,nan,nan,nan,nan,nan,nan,nan,nan,nan,nan,nan,nan,nan,nan,nan,nan,nan,nan
0.034,0.078,0.152,0.169,0.192,0.239,0.285,0.302,0.402,0.421,0.448,0.514,0.612,0.647,0.712,0.789,0.82,0.838,1.059,1.105,1.134,1.167,1.245,1.348,1.378,1.504,1.543,1.766,1.79,1.94,1.993,2.045,2.087,2.15,2.168,2.195,2.326,2.355,2.385,2.402,2.615,2.661,2.809,2.885,2.966,3.037,3.359,3.399,3.474,3.566,3.594,3.647,3.662,3.939,4.02,4.156,4.214,4.308,4.39,4.451,4.467,4.499,4.522,4.597,4.644,4.73,4.776,4.808,4.865,4.939,5.001,5.021,5.045,5.083,5.174,5.208,5.292,5.33,5.356,5.447,5.594,5.62,5.65,5.855,5.964,5.989,6.039,6.07,6.144,6.204,6.294,6.608,6.637,6.735,6.791,6.813,6.931,7.002,7.043,7.126,7.268,7.305,7.399,7.488,7.538,7.627,7.833,7.89,7.951,8.002,8.041,8.109,8.161,8.229,8.389,8.45,8.503,8.52,8.548,8.627,8.755,8.852,8.879,9.075,9.093,9.121,9.166,9.191,9.24,9.281,9.296,9.348,9.376,9.425,9.516,9.64,9.723,9.761,9.812,9.837,9.916,nan,nan,nan,nan,nan,nan,nan,nan,nan,nan,nan,nan,nan,nan,nan,nan,nan,nan,nan,nan
0.171,0.255,0.345,0.396,0.425,0.504,0.54,0.573,0.586,0.672,0.691,0.757,0.838,1.013,1.041,1.083,1.112,1.171,1.274,1.319,1.393,1.407,1.445,1.475,1.557,1.615,1.683,1.818,1.879,1.918,1.994,2.012,2.053,2.084,2.112,2.137,2.22,2.336,2.397,2.437,2.498,2.62,2.648,2.68,2.7,2.73,3.063,3.093,3.209,3.25,3.334,3.438,3.448,3.479,3.522,3.639,3.681,3.731,3.79,4.102,4.124,4.205,4.236,4.259,4.277,4.309,4.387,4.456,4.513,4.556,4.589,4.65,4.754,4.82,4.861,4.894,4.936,4.994,5.044,5.063,5.094,5.148,5.201,5.266,5.307,5.414,5.452,5.52,5.57,5.603,5.632,5.687,5.726,5.759,5.786,5.806,5.849,5.898,6.113,6.181,6.218,6.237,6.277,6.433,6.506,6.559,6.651,6.725,6.771,6.841,6.885,6.906,6.958,6.986,7.074,7.122,7.248,7.359,7.398,7.66,7.709,7.781,7.935,7.975,8.034,8.078,8.18,8.223,8.293,8.319,8.364,8.392,8.441,8.568,8.602,8.681,8.713,8.749,8.82,8.839,8.896,9.03,9.054,9.069,9.17,9.207,9.268,9.331,9.394,9.512,9.557,9.617,9.69,9.708,9.73,9.772,9.827,9.857,nan,nan,nan
0.084,0.107,0.167,0.19,0.219,0.307,0.426,0.562,0.671,0.787,0.833,0.891,0.916,0.975,1.001,1.093,1.13,1.249,1.28,1.408,1.474,1.628,1.755,1.796,1.82,1.876,1.91,1.951,1.978,2.03,2.268,2.284,2.385,2.499,2.64,2.68,2.886,3.007,3.035,3.137,3.194,3.251,3.3,3.373,3.427,3.846,3.865,3.951,3.999,4.046,4.085,4.159,4.207,4.234,4.446,4.568,4.607,4.644,4.729,4.765,4.804,4.862,4.911,4.949,4.982,5.011,5.048,5.088,5.122,5.158,5.258,5.404,5.425,5.45,5.479,5.552,5.653,5.731,5.784,5.831,5.879,5.92,5.972,6.13,6.212,6.249,6.298,6.457,6.557,6.693,6.748,6.776,6.794,6.841,6.879,6.957,6.977,7.0,7.065,7.1,7.149,7.203,7.501,7.56,7.769,7.796,7.841,7.88,7.941,8.023,8.04,8.064,8.155,8.301,8.347,8.43,8.466,8.581,8.664,8.715,8.747,8.809,8.834,8.88,8.915,8.941,8.971,9.063,9.081,9.107,9.203,9.226,9.482,9.526,9.646,9.695,9.712,9.732,9.763,9.887,9.908,9.934,9.993,nan,nan,nan,nan,nan,nan,nan,nan,nan,nan,nan,nan,nan,nan,nan,nan,nan,nan
0.039,0.125,0.238,0.286,0.341,0.399,0.496,0.638,0.805,0.851,0.876,0.922,0.988,1.045,1.077,1.218,1.246,1.321,1.377,1.44,1.466,1.55,1.579,1.614,1.673,1.705,1.859,1.919,1.954,1.978,2.054,2.08,2.117,2.185,2.216,2.235,2.271,2.303,2.365,2.418,2.447,2.526,2.62,2.654,2.679,2.827,3.015,3.181,3.194,3.32,3.411,3.544,3.67,3.706,3.725,3.84,3.888,3.944,3.986,4.194,4.227,4.268,4.309,4.378,4.44,4.528,4.548,4.581,4.685,4.961,5.017,5.033,5.186,5.208,5.259,5.348,5.458,5.751,5.834,6.018,6.046,6.138,6.158,6.184,6.341,6.388,6.422,6.502,6.67,6.785,6.866,7.055,7.074,7.138,7.176,7.193,7.281,7.324,7.434,7.481,7.525,7.686,7.852,7.923,7.955,8.03,8.074,8.106,8.188,8.279,8.344,8.415,8.525,8.651,8.693,8.753,8.79,8.904,8.969,8.997,9.047,9.093,9.193,9.221,9.241,9.341,9.366,9.428,9.463,9.522,9.598,9.61,9.641,9.686,9.734,9.755,9.806,9.945,nan,nan,nan,nan,nan,nan,nan,nan,nan,nan,nan,nan,nan,nan,nan,nan,nan,nan,nan,nan,nan,nan,nan
0.049,0.112,0.168,0.196,0.223,0.243,0.285,0.302,0.346,0.4,0.417,0.448,0.545,0.622,0.691,0.723,0.77,0.804,0.854,0.912,0.944,0.996,1.03,1.061,1.108,1.156,1.2,1.218,1.241,1.271,1.295,1.396,1.428,1.473,1.506,1.594,1.627,1.744,1.856,1.967,2.017,2.08,2.141,2.185,2.26,2.302,2.36,2.426,2.457,2.523,2.7,2.79,2.913,3.127,3.238,3.276,3.314,3.335,3.482,3.565,3.744,3.857,3.974,4.011,4.058,4.072,4.103,4.149,4.203,4.325,4.37,4.434,4.498,4.529,4.586,4.636,4.661,4.758,4.792,4.868,4.894,4.955,4.985,5.046,5.068,5.088,5.115,5.168,5.189,5.215,5.243,5.257,5.337,5.372,5.434,5.488,5.538,5.601,5.718,5.737,5.774,5.835,5.918,5.962,6.0,6.061,6.099,6.174,6.467,6.487,6.641,6.702,6.733,6.778,6.819,7.008,7.06,7.167,7.33,7.389,7.449,7.478,7.569,7.598,7.626,7.66,7.69,7.818,7.935,7.968,8.024,8.17,8.441,8.479,8.549,8.593,8.816,8.927,9.03,9.076,9.128,9.347,9.387,9.483,9.503,9.537,9.677,9.726,9.794,9.846,9.902,9.924,nan,nan,nan,nan,nan,nan,nan,nan,nan
0.06,0.123,0.157,0.182,0.233,0.288,0.344,0.41,0.47,0.542,0.562,0.634,0.728,0.755,0.777,0.902,0.96,1.036,1.102,1.131,1.243,1.322,1.343,1.463,1.486,1.577,1.655,1.714,1.786,1.901,1.918,1.988,2.094,2.157,2.186,2.288,2.346,2.44,2.531,2.722,2.856,3.019,3.111,3.288,3.314,3.424,3.447,3.5,3.527,3.617,3.794,3.81,3.832,3.879,3.962,4.035,4.13,4.216,4.305,4.336,4.351,4.429,4.47,4.513,4.635,4.694,4.764,4.821,4.847,5.061,5.098,5.139,5.185,5.215,5.385,5.435,5.533,5.582,5.635,5.68,5.697,5.714,5.771,5.805,5.854,5.885,5.94,6.156,6.175,6.361,6.406,6.597,6.736,6.799,6.849,7.255,7.313,7.391,7.415,7.434,7.487,7.556,7.591,7.669,7.741,7.805,7.852,7.995,8.063,8.101,8.128,8.172,8.294,8.391,8.421,8.457,8.541,8.632,8.667,8.747,8.772,8.896,8.928,8.974,9.047,9.113,9.167,9.197,9.221,9.258,9.281,9.325,9.449,9.519,9.565,9.602,9.667,9.744,9.794,9.881,9.909,nan,nan,nan,nan,nan,nan,nan,nan,nan,nan,nan,nan,nan,nan,nan,nan,nan,nan,nan,nan
0.036,0.178,0.203,0.231,0.255,0.331,0.388,0.426,0.467,0.552,0.588,0.644,0.667,0.682,0.736,0.773,0.847,0.925,0.952,1.007,1.022,1.093,1.179,1.208,1.247,1.284,1.324,1.361,1.462,1.519,1.535,1.713,1.85,1.978,2.201,2.282,2.346,2.385,2.492,2.608,2.676,2.872,2.963,2.998,3.264,3.281,3.372,3.419,3.561,3.629,3.687,3.719,3.741,3.785,4.056,4.111,4.143,4.338,4.378,4.426,4.449,4.464,4.537,4.57,4.652,4.744,4.783,4.859,4.94,4.99,5.014,5.03,5.057,5.128,5.188,5.206,5.235,5.353,5.42,5.475,5.525,5.584,5.78,5.949,5.986,6.12,6.32,6.359,6.498,6.582,6.647,6.695,6.721,6.783,6.951,7.095,7.14,7.182,7.224,7.26,7.312,7.412,7.534,7.672,7.746,7.792,8.001,8.052,8.144,8.168,8.439,8.512,8.704,8.754,8.847,8.899,8.958,9.004,9.062,9.141,9.166,9.245,9.289,9.323,9.352,9.367,9.53,9.551,9.586,9.621,9.645,9.711,9.777,9.799,9.844,9.863,9.898,9.909,9.921,9.96,9.99,nan,nan,nan,nan,nan,nan,nan,nan,nan,nan,nan,nan,nan,nan,nan,nan,nan,nan,nan,nan
0.072,0.109,0.152,0.194,0.476,0.517,0.623,0.662,0.688,0.805,0.833,0.978,1.032,1.091,1.131,1.179,1.207,1.271,1.328,1.357,1.399,1.424,1.469,1.513,1.561,1.614,1.631,1.648,1.842,1.994,2.078,2.093,2.132,2.217,2.463,2.647,2.761,2.798,2.847,2.867,2.889,2.966,3.045,3.123,3.161,3.474,3.654,3.698,3.729,3.827,3.913,4.004,4.106,4.119,4.264,4.283,4.358,4.398,4.536,4.608,4.689,4.721,4.826,4.864,4.957,4.982,5.017,5.102,5.153,5.166,5.199,5.252,5.275,5.351,5.391,5.418,5.442,5.478,5.497,5.534,5.585,5.62,5.773,5.841,6.061,6.223,6.284,6.315,6.383,6.407,6.823,6.994,7.122,7.169,7.2,7.224,7.236,7.292,7.418,7.526,7.581,7.657,7.754,7.936,7.989,8.02,8.098,8.131,8.23,8.316,8.345,8.443,8.521,8.56,8.611,8.63,8.689,8.775,8.801,8.841,8.88,8.91,8.964,9.007,9.121,9.273,9.306,9.358,9.419,9.473,9.555,9.63,9.695,9.89,9.917,nan,nan,nan,nan,nan,nan,nan,nan,nan,nan,nan,nan,nan,nan,nan,nan,nan,nan,nan,nan,nan,nan,nan,nan,nan,nan
0.123,0.152,0.204,0.308,0.38,0.487,0.551,0.62,0.724,0.755,0.779,0.87,0.93,0.955,0.995,1.167,1.186,1.299,1.339,1.388,1.428,1.453,1.527,1.642,1.74,1.779,1.81,1.861,1.946,1.983,2.003,2.033,2.048,2.076,2.194,2.259,2.289,2.373,2.427,2.467,2.505,2.68,2.713,2.746,2.93,2.967,3.048,3.066,3.165,3.252,3.279,3.291,3.319,3.455,3.494,3.561,3.743,3.764,3.838,3.921,3.989,4.058,4.152,4.223,4.291,4.319,4.34,4.463,4.56,4.622,4.642,4.658,4.699,4.735,4.911,4.933,4.973,5.017,5.132,5.149,5.191,5.21,5.241,5.282,5.321,5.379,5.407,5.556,5.75,5.887,5.988,6.228,6.295,6.344,6.572,6.664,6.703,6.765,6.84,7.002,7.037,7.077,7.141,7.27,7.317,7.399,7.567,7.617,7.669,7.701,7.79,7.88,7.984,8.037,8.073,8.106,8.143,8.242,8.269,8.481,8.575,8.62,8.646,8.766,8.794,8.816,9.019,9.175,9.21,9.229,9.298,9.339,9.357,9.464,9.531,9.565,9.582,9.659,9.691,9.726,9.758,9.825,9.871,9.915,9.935,nan,nan,nan,nan,nan,nan,nan,nan,nan,nan,nan,nan,nan,nan,nan,nan
0.084,0.136,0.294,0.383,0.504,0.573,0.64,0.672,0.708,0.746,0.762,0.774,0.805,0.837,0.898,0.925,1.01,1.041,1.113,1.128,1.147,1.334,1.386,1.555,1.624,1.679,1.714,1.744,1.828,2.019,2.112,2.134,2.337,2.378,2.433,2.648,2.687,2.73,2.881,3.122,3.153,3.188,3.205,3.339,3.542,3.621,3.669,3.724,3.911,3.941,3.989,4.076,4.124,4.189,4.323,4.363,4.415,4.438,4.549,4.622,4.637,4.661,4.709,4.763,4.799,4.988,5.01,5.033,5.07,5.163,5.253,5.328,5.436,5.494,5.553,5.581,5.608,5.664,5.701,5.747,5.876,6.015,6.075,6.115,6.307,6.474,6.632,6.692,6.774,6.82,6.841,6.937,7.006,7.111,7.158,7.208,7.339,7.358,7.415,7.519,7.62,7.669,7.727,7.777,7.9,8.012,8.058,8.1,8.133,8.386,8.438,8.541,8.607,8.631,8.65,8.7,8.745,8.762,8.878,8.938,9.026,9.042,9.088,9.12,9.139,9.177,9.203,9.249,9.283,9.433,9.534,9.572,9.635,9.713,9.896,9.942,9.962,9.984,nan,nan,nan,nan,nan,nan,nan,nan,nan,nan,nan,nan,nan,nan,nan,nan,nan,nan,nan,nan,nan,nan,nan
0.122,0.175,0.262,0.302,0.708,0.731,0.758,0.776,0.85,0.96,1.038,1.138,1.165,1.203,1.264,1.282,1.331,1.36,1.432,1.488,1.516,1.556,1.64,1.744,1.772,1.816,1.85,1.984,2.003,2.1,2.295,2.36,2.412,2.495,2.515,2.546,2.699,2.774,2.86,2.894,2.921,2.952,3.045,3.105,3.195,3.247,3.482,3.607,3.659,3.716,3.743,3.788,3.922,3.939,3.98,4.015,4.12,4.179,4.228,4.245,4.275,4.294,4.357,4.444,4.487,4.505,4.618,4.667,4.693,4.76,4.838,4.932,4.963,5.036,5.068,5.161,5.199,5.259,5.338,5.366,5.412,5.468,5.544,5.589,5.607,5.64,5.675,5.752,5.803,5.855,5.872,5.919,5.96,6.017,6.084,6.343,6.402,6.429,6.451,6.539,6.763,7.024,7.058,7.183,7.313,7.441,7.529,7.586,7.644,7.78,7.999,8.123,8.162,8.198,8.258,8.31,8.439,8.464,8.498,8.537,8.586,8.614,8.635,8.678,8.726,8.761,8.845,8.941,8.996,9.025,9.056,9.094,9.13,9.151,9.237,9.267,9.305,9.346,9.401,9.427,9.453,9.472,9.605,9.656,9.688,9.735,9.882,9.904,9.945,9.975,nan,nan,nan,nan,nan,nan,nan,nan,nan,nan,nan
0.045,0.101,0.126,0.15,0.335,0.415,0.517,0.583,0.616,0.676,0.772,0.819,0.867,0.886,0.95,0.974,0.99,1.007,1.07,1.1,1.117,1.145,1.175,1.22,1.252,1.334,1.369,1.408,1.45,1.48,1.548,1.612,1.662,1.68,1.716,1.751,1.873,1.937,2.053,2.098,2.239,2.279,2.302,2.328,2.398,2.484,2.505,2.714,2.732,2.774,2.815,2.853,2.894,2.959,3.027,3.215,3.257,3.328,3.415,3.525,3.758,3.787,3.844,3.914,4.155,4.243,4.302,4.37,4.385,4.53,4.603,4.636,4.76,4.828,4.846,4.973,5.07,5.095,5.159,5.206,5.235,5.258,5.348,5.374,5.422,5.492,5.544,5.579,5.603,5.645,5.668,5.694,5.743,5.81,5.934,6.013,6.044,6.076,6.105,6.171,6.209,6.351,6.419,6.468,6.491,6.558,6.778,7.137,7.205,7.264,7.37,7.409,7.741,7.855,7.977,8.006,8.048,8.098,8.13,8.259,8.28,8.3,8.319,8.367,8.414,8.534,8.609,8.678,8.81,8.84,8.933,9.029,9.079,9.178,9.205,9.353,9.373,9.442,9.542,9.575,9.643,9.717,9.753,9.89,9.969,nan,nan,nan,nan,nan,nan,nan,nan,nan,nan,nan,nan,nan,nan,nan,nan
0.113,0.178,0.202,0.25,0.326,0.378,0.462,0.512,0.559,0.611,0.703,0.776,0.842,0.951,1.003,1.021,1.121,1.145,1.192,1.23,1.394,1.432,1.463,1.488,1.521,1.575,1.673,1.689,1.708,1.763,1.81,1.942,2.031,2.088,2.23,2.275,2.312,2.369,2.384,2.447,2.624,2.659,2.689,2.784,2.811,2.972,3.041,3.158,3.381,3.512,3.558,3.761,3.788,3.849,3.895,3.928,3.971,3.992,4.148,4.19,4.238,4.278,4.465,4.563,4.679,4.711,4.758,4.778,4.924,4.954,5.002,5.025,5.053,5.119,5.228,5.341,5.392,5.435,5.462,5.555,5.58,5.625,5.66,5.786,5.846,5.973,5.991,6.058,6.132,6.235,6.255,6.319,6.441,6.59,6.719,6.803,6.954,7.325,7.435,7.508,7.562,7.671,7.791,7.837,7.896,7.962,7.999,8.059,8.081,8.149,8.177,8.222,8.292,8.346,8.384,8.405,8.522,8.61,8.649,8.678,8.702,8.741,8.789,8.806,8.91,8.945,8.971,9.153,9.173,9.238,9.351,9.43,9.5,9.715,9.754,9.783,9.809,9.84,9.888,9.906,9.979,nan,nan,nan,nan,nan,nan,nan,nan,nan,nan,nan,nan,nan,nan,nan,nan,nan,nan,nan,nan
0.033,0.085,0.129,0.188,0.243,0.297,0.438,0.524,0.54,0.558,0.603,0.698,0.836,0.852,0.896,1.011,1.065,1.084,1.183,1.221,1.241,1.281,1.3,1.324,1.381,1.421,1.494,1.529,1.594,1.61,1.681,1.705,1.74,1.764,1.878,1.942,1.993,2.06,2.088,2.228,2.39,2.473,2.539,2.612,2.676,2.725,2.776,2.949,2.996,3.019,3.094,3.195,3.229,3.259,3.368,3.461,3.564,3.598,3.664,3.715,3.757,3.868,3.881,3.956,3.977,4.248,4.288,4.306,4.368,4.4,4.472,4.499,4.592,4.64,4.707,4.726,4.901,4.942,5.031,5.05,5.093,5.121,5.211,5.29,5.353,5.372,5.417,5.72,5.76,5.923,6.024,6.074,6.129,6.16,6.223,6.272,6.328,6.501,6.652,6.914,7.021,7.129,7.179,7.257,7.308,7.62,7.663,7.694,7.767,7.832,8.05,8.276,8.334,8.447,8.489,8.532,8.568,8.684,8.736,8.759,8.864,8.941,9.026,9.067,9.085,9.113,9.165,9.282,9.351,9.368,9.424,9.518,9.571,9.605,9.631,9.702,9.728,9.815,9.888,9.917,9.981,nan,nan,nan,nan,nan,nan,nan,nan,nan,nan,nan,nan,nan,nan,nan,nan,nan,nan,nan,nan
0.294,0.358,0.422,0.518,0.54,0.589,0.655,0.855,0.897,0.945,0.971,1.028,1.069,1.103,1.149,1.175,1.21,1.282,1.305,1.323,1.359,1.378,1.401,1.64,1.667,1.721,1.764,1.838,1.865,1.89,1.919,1.948,1.991,2.007,2.076,2.112,2.238,2.334,2.511,2.573,2.61,2.872,2.927,2.989,3.016,3.076,3.159,3.243,3.377,3.429,3.467,3.517,3.553,3.625,3.666,3.788,3.842,3.888,3.937,3.961,4.166,4.274,4.317,4.406,4.513,4.532,4.591,4.625,4.644,4.695,4.797,4.832,4.851,4.866,4.917,4.954,5.051,5.083,5.183,5.219,5.246,5.277,5.374,5.406,5.432,5.485,5.504,5.593,5.671,5.705,5.773,5.846,5.905,5.947,5.996,6.097,6.153,6.213,6.293,6.337,6.527,6.753,6.774,6.808,6.879,6.915,7.122,7.234,7.31,7.378,7.437,7.48,7.584,7.808,7.845,7.868,7.991,8.025,8.171,8.203,8.262,8.297,8.47,8.65,8.67,8.844,8.871,8.911,8.945,8.964,9.018,9.054,9.158,9.187,9.209,9.298,9.342,9.457,9.494,9.556,9.581,9.622,9.706,9.723,9.753,9.804,9.842,9.868,9.935,nan,nan,nan,nan,nan,nan,nan,nan,nan,nan,nan,nan
0.053,0.28,0.323,0.365,0.414,0.478,0.492,0.632,0.713,0.747,0.823,0.858,0.934,0.965,1.047,1.077,1.101,1.154,1.229,1.33,1.364,1.486,1.512,1.58,1.757,1.772,1.805,1.828,1.885,2.028,2.074,2.184,2.264,2.356,2.49,2.508,2.535,2.668,2.699,2.84,3.254,3.43,3.57,3.611,3.671,3.743,3.769,3.825,3.974,4.059,4.111,4.212,4.239,4.27,4.483,4.542,4.708,4.725,4.754,4.784,4.807,4.931,4.963,5.011,5.101,5.166,5.182,5.228,5.32,5.378,5.437,5.469,5.512,5.587,5.671,5.725,5.744,5.866,5.908,6.059,6.094,6.115,6.155,6.176,6.191,6.21,6.231,6.304,6.363,6.571,6.631,6.658,6.735,6.857,6.949,7.117,7.148,7.192,7.259,7.313,7.408,7.545,7.804,7.829,7.867,8.003,8.039,8.159,8.227,8.269,8.333,8.427,8.463,8.515,8.59,8.683,8.813,8.841,8.912,8.979,9.11,9.151,9.226,9.248,9.33,9.404,9.473,9.511,9.589,9.685,9.729,9.853,9.972,nan,nan,nan,nan,nan,nan,nan,nan,nan,nan,nan,nan,nan,nan,nan,nan,nan,nan,nan,nan,nan,nan,nan,nan,nan,nan,nan,nan
0.091,0.175,0.239,0.271,0.392,0.427,0.563,0.586,0.614,0.805,0.836,0.865,0.922,0.967,1.013,1.032,1.171,1.276,1.374,1.39,1.584,1.68,1.709,1.778,1.822,1.861,1.904,1.923,1.949,2.021,2.104,2.167,2.19,2.236,2.28,2.4,2.47,2.51,2.54,2.583,2.659,2.762,2.795,2.912,2.946,3.119,3.134,3.225,3.344,3.654,3.742,3.78,3.876,3.912,4.011,4.165,4.27,4.302,4.356,4.492,4.517,4.669,4.693,4.737,4.788,4.847,4.878,4.894,4.926,4.963,5.062,5.089,5.119,5.137,5.186,5.23,5.279,5.329,5.354,5.41,5.461,5.507,5.52,5.578,5.63,5.755,5.776,5.914,5.963,6.04,6.13,6.313,6.364,6.803,6.851,6.911,6.944,6.979,7.038,7.084,7.122,7.172,7.303,7.387,7.5,7.546,7.63,7.873,8.0,8.042,8.088,8.159,8.193,8.26,8.292,8.319,8.394,8.42,8.474,8.521,8.548,8.576,8.647,8.803,8.855,8.871,8.897,8.959,9.057,9.084,9.141,9.162,9.179,9.225,9.279,9.307,9.366,9.401,9.446,9.502,9.594,9.614,9.686,9.707,9.792,9.877,9.936,9.981,nan,nan,nan,nan,nan,nan,nan,nan,nan,nan,nan,nan,nan
0.029,0.052,0.114,0.166,0.212,0.293,0.347,0.42,0.466,0.504,0.647,0.679,0.784,0.845,1.069,1.132,1.222,1.261,1.298,1.344,1.386,1.472,1.541,1.606,1.64,1.668,1.724,1.746,1.876,1.975,2.022,2.052,2.095,2.341,2.38,2.416,2.452,2.505,2.565,2.7,2.726,2.798,2.829,3.007,3.114,3.143,3.255,3.355,3.442,3.664,3.68,3.717,3.737,3.825,3.897,3.947,3.967,3.995,4.024,4.053,4.084,4.207,4.31,4.345,4.398,4.43,4.457,4.514,4.645,4.717,4.743,4.782,4.841,4.866,4.921,4.974,5.239,5.258,5.289,5.388,5.457,5.485,5.53,5.562,5.621,5.681,5.747,5.778,5.834,5.961,6.057,6.096,6.178,6.237,6.274,6.312,6.353,6.436,6.501,6.633,6.795,6.859,6.971,7.036,7.121,7.186,7.249,7.26,7.335,7.403,7.471,7.596,7.634,7.664,7.691,7.773,7.795,7.953,8.026,8.066,8.096,8.163,8.224,8.317,8.433,8.456,8.531,8.624,8.699,8.772,8.811,8.893,8.912,8.936,8.999,9.073,9.111,9.137,9.174,9.218,9.245,9.275,9.378,9.395,9.425,9.48,9.509,9.56,9.617,9.695,9.761,9.801,9.914,9.99,nan,nan,nan,nan,nan,nan,nan
0.12,0.194,0.298,0.323,0.491,0.531,0.566,0.632,0.767,0.79,0.827,0.882,1.027,1.05,1.138,1.34,1.459,1.589,1.634,1.667,1.702,1.793,1.834,1.954,2.042,2.13,2.151,2.172,2.23,2.336,2.381,2.475,2.515,2.585,2.771,2.84,2.918,2.954,3.136,3.26,3.376,3.438,3.496,3.526,3.557,3.602,3.867,4.016,4.089,4.107,4.206,4.39,4.421,4.481,4.514,4.53,4.621,4.662,4.698,4.722,4.78,4.844,4.921,4.954,4.981,5.003,5.068,5.172,5.244,5.297,5.348,5.374,5.413,5.436,5.481,5.499,5.516,5.601,5.727,5.755,5.846,5.907,5.958,6.011,6.123,6.173,6.254,6.362,6.396,6.436,6.619,6.789,6.826,6.931,7.201,7.259,7.282,7.447,7.489,7.522,7.571,7.722,7.759,7.794,7.805,7.991,8.024,8.111,8.19,8.246,8.284,8.309,8.443,8.462,8.514,8.587,8.736,8.753,8.807,8.838,8.893,8.924,9.063,9.075,9.113,9.232,9.267,9.33,9.391,9.523,9.58,9.628,9.659,9.728,9.809,9.913,9.956,nan,nan,nan,nan,nan,nan,nan,nan,nan,nan,nan,nan,nan,nan,nan,nan,nan,nan,nan,nan,nan,nan,nan,nan
0.02,0.088,0.165,0.219,0.36,0.408,0.517,0.549,0.592,0.642,0.665,0.744,0.784,0.813,0.885,1.072,1.126,1.163,1.188,1.252,1.292,1.376,1.418,1.477,1.575,1.598,1.703,1.718,1.828,1.941,2.136,2.282,2.311,2.435,2.507,2.703,2.829,3.054,3.078,3.271,3.366,3.549,3.686,3.718,3.761,3.784,3.864,4.012,4.12,4.143,4.19,4.235,4.283,4.368,4.437,4.469,4.496,4.517,4.57,4.625,4.7,4.745,4.798,4.832,4.877,4.935,5.008,5.03,5.113,5.187,5.226,5.362,5.392,5.448,5.592,5.652,5.67,5.689,5.732,6.0,6.043,6.072,6.106,6.192,6.228,6.248,6.322,6.367,6.402,6.44,6.605,7.01,7.028,7.141,7.165,7.346,7.416,7.454,7.568,7.64,7.782,7.818,7.89,7.922,7.966,7.997,8.017,8.064,8.107,8.146,8.22,8.264,8.327,8.353,8.445,8.48,8.587,8.683,8.737,8.866,8.894,8.942,8.981,9.023,9.073,9.09,9.104,9.151,9.179,9.249,9.304,9.443,9.502,9.552,9.575,9.612,9.672,9.739,9.774,9.798,9.873,9.944,9.976,nan,nan,nan,nan,nan,nan,nan,nan,nan,nan,nan,nan,nan,nan,nan,nan,nan,nan
0.05,0.067,0.187,0.218,0.286,0.429,0.516,0.602,0.659,0.68,0.706,0.745,0.796,0.842,0.951,1.001,1.146,1.232,1.342,1.4,1.525,1.867,1.948,2.012,2.066,2.185,2.278,2.324,2.386,2.418,2.459,2.647,2.738,2.804,2.837,2.953,3.112,3.133,3.149,3.178,3.296,3.325,3.507,3.625,3.647,3.835,3.882,3.963,4.003,4.139,4.167,4.24,4.317,4.35,4.4,4.455,4.499,4.576,4.641,4.691,4.725,4.938,4.974,5.033,5.078,5.106,5.199,5.3,5.357,5.416,5.437,5.453,5.634,5.693,5.799,5.88,5.908,5.936,6.175,6.225,6.267,6.377,6.412,6.479,6.553,6.592,6.661,6.694,6.751,6.845,7.229,7.368,7.504,7.536,7.587,7.627,7.761,7.81,7.85,7.887,7.94,7.968,8.043,8.133,8.222,8.364,8.461,8.486,8.577,8.713,8.733,8.779,8.796,8.816,8.847,9.015,9.082,9.173,9.23,9.268,9.363,9.407,9.442,9.484,9.538,9.654,9.893,9.941,9.974,9.996,nan,nan,nan,nan,nan,nan,nan,nan,nan,nan,nan,nan,nan,nan,nan,nan,nan,nan,nan,nan,nan,nan,nan,nan,nan,nan,nan,nan,nan,nan,nan
0.09,0.191,0.321,0.484,0.553,0.668,0.733,0.806,0.894,0.923,0.982,1.047,1.065,1.105,1.136,1.184,1.216,1.246,1.282,1.423,1.478,1.632,1.679,1.727,1.762,1.795,1.819,1.859,1.897,1.969,2.09,2.111,2.187,2.262,2.326,2.339,2.374,2.493,2.521,2.644,2.661,2.856,2.975,3.066,3.153,3.215,3.259,3.314,3.383,3.505,3.542,3.676,3.7,3.711,3.763,3.831,3.914,3.997,4.054,4.078,4.186,4.412,4.551,4.578,4.695,4.717,4.78,4.829,5.017,5.047,5.219,5.291,5.33,5.369,5.394,5.431,5.51,5.544,5.578,5.588,5.627,5.668,5.688,5.815,5.901,5.939,6.098,6.161,6.218,6.382,6.423,6.479,6.573,6.73,6.818,6.865,6.98,7.076,7.204,7.332,7.389,7.467,7.514,7.617,7.734,7.77,7.849,7.883,7.902,7.957,8.1,8.132,8.238,8.287,8.442,8.473,8.539,8.568,8.6,8.633,8.655,8.696,8.717,8.77,8.918,9.011,9.048,9.099,9.131,9.17,9.312,9.392,9.508,9.743,9.809,9.882,9.9,9.945,9.965,9.992,nan,nan,nan,nan,nan,nan,nan,nan,nan,nan,nan,nan,nan,nan,nan,nan,nan,nan,nan,nan,nan
0.17,0.204,0.304,0.412,0.54,0.637,0.714,0.736,0.826,0.945,1.025,1.07,1.149,1.186,1.206,1.232,1.259,1.345,1.382,1.432,1.445,1.459,1.496,1.558,1.661,1.749,1.775,1.814,1.909,1.966,2.065,2.083,2.128,2.192,2.239,2.394,2.456,2.799,2.9,2.96,3.02,3.078,3.13,3.155,3.203,3.42,3.479,3.606,3.659,3.856,3.9,4.1,4.125,4.146,4.263,4.289,4.346,4.399,4.428,4.547,4.574,4.639,4.791,4.817,4.957,4.993,5.034,5.056,5.12,5.148,5.195,5.22,5.255,5.339,5.411,5.464,5.488,5.509,5.533,5.592,5.655,5.696,5.733,5.766,5.814,5.876,5.913,5.951,5.974,6.054,6.179,6.212,6.286,6.312,6.372,6.434,6.468,6.558,6.654,6.695,6.757,6.788,6.863,6.887,6.977,7.062,7.091,7.144,7.179,7.381,7.464,7.481,7.529,7.597,7.669,7.803,7.853,8.033,8.101,8.152,8.166,8.21,8.418,8.599,8.615,8.677,8.702,8.73,8.766,8.783,8.834,8.881,8.975,9.027,9.105,9.136,9.207,9.365,9.389,9.421,9.639,9.666,9.729,9.778,9.833,9.866,9.889,9.91,9.995,nan,nan,nan,nan,nan,nan,nan,nan,nan,nan,nan,nan
0.047,0.154,0.254,0.289,0.336,0.528,0.572,0.601,0.647,0.679,0.72,0.816,0.884,0.937,0.957,0.976,1.039,1.138,1.191,1.269,1.348,1.386,1.402,1.437,1.491,1.665,1.68,1.699,1.726,1.776,1.81,1.832,1.92,1.964,2.077,2.309,2.489,2.54,2.564,2.633,2.728,2.848,3.029,3.087,3.372,3.437,3.748,3.781,3.817,3.925,3.958,3.999,4.069,4.132,4.195,4.221,4.293,4.336,4.419,4.501,4.56,4.579,4.638,4.677,4.723,4.777,4.811,4.876,4.938,4.973,5.007,5.026,5.063,5.12,5.176,5.208,5.244,5.292,5.391,5.449,5.478,5.526,5.543,5.69,5.708,5.818,5.994,6.176,6.248,6.372,6.434,6.5,6.617,6.691,6.787,6.854,6.892,6.952,7.015,7.072,7.176,7.315,7.347,7.503,7.551,7.58,7.692,7.772,7.8,7.835,7.976,8.092,8.177,8.218,8.297,8.4,8.435,8.494,8.587,8.617,8.654,8.724,8.756,8.802,8.861,8.896,8.939,8.968,9.06,9.118,9.242,9.269,9.302,9.393,9.476,9.497,9.548,9.589,9.637,9.719,9.749,9.773,9.925,nan,nan,nan,nan,nan,nan,nan,nan,nan,nan,nan,nan,nan,nan,nan,nan,nan,nan
0.035,0.094,0.143,0.214,0.276,0.303,0.436,0.506,0.666,0.691,0.925,0.975,1.019,1.083,1.101,1.139,1.173,1.195,1.26,1.296,1.347,1.377,1.398,1.445,1.478,1.656,1.77,1.801,1.873,1.935,1.971,2.06,2.098,2.135,2.317,2.351,2.382,2.424,2.485,2.553,2.715,2.731,2.767,2.854,3.184,3.348,3.409,3.605,3.73,3.757,3.887,3.984,4.097,4.122,4.168,4.235,4.274,4.331,4.358,4.404,4.436,4.472,4.504,4.56,4.6,4.614,4.698,4.732,4.752,4.767,4.82,4.834,4.883,4.917,5.018,5.056,5.103,5.152,5.23,5.257,5.298,5.313,5.343,5.389,5.483,5.56,5.724,5.807,5.834,5.895,5.94,6.057,6.087,6.144,6.199,6.273,6.283,6.328,6.35,6.425,6.496,6.571,6.597,6.62,6.657,6.738,6.877,6.956,7.046,7.1,7.112,7.191,7.256,7.377,7.418,7.443,7.479,7.565,7.605,7.655,7.689,7.768,7.9,7.953,8.099,8.17,8.212,8.247,8.345,8.402,8.452,8.475,8.491,8.541,8.568,8.652,8.716,8.767,8.789,8.818,8.846,8.862,8.912,8.928,8.988,9.051,9.157,9.206,9.325,9.369,9.425,9.469,9.486,9.514,9.56,9.657,9.726,9.811,9.906,9.974,nan
0.028,0.059,0.104,0.197,0.304,0.347,0.47,0.611,0.698,0.712,0.746,0.838,0.874,0.916,0.939,1.004,1.032,1.116,1.249,1.311,1.358,1.384,1.463,1.626,1.653,1.709,1.8,1.832,1.898,1.97,2.13,2.343,2.402,2.451,2.465,2.556,2.595,2.66,2.749,2.767,2.802,2.841,2.956,2.986,3.224,3.297,3.423,3.452,3.481,3.501,3.574,3.762,3.797,3.886,3.967,4.141,4.183,4.257,4.339,4.374,4.437,4.504,4.523,4.569,4.589,4.638,4.693,4.729,4.827,4.852,4.871,4.887,4.905,4.933,5.093,5.163,5.218,5.254,5.339,5.38,5.416,5.537,5.559,5.634,5.663,5.709,5.743,5.85,5.874,6.046,6.083,6.113,6.127,6.146,6.291,6.369,6.425,6.58,6.656,6.693,6.826,6.958,7.057,7.192,7.236,7.295,7.315,7.383,7.495,7.544,7.617,7.671,7.747,7.79,7.911,8.046,8.08,8.291,8.441,8.52,8.567,8.643,8.749,8.817,8.842,8.879,8.923,9.017,9.056,9.14,9.17,9.285,9.442,9.52,9.55,9.579,9.707,9.733,9.789,9.813,9.91,nan,nan,nan,nan,nan,nan,nan,nan,nan,nan,nan,nan,nan,nan,nan,nan,nan,nan,nan,nan
0.066,0.17,0.219,0.243,0.35,0.42,0.489,0.634,0.734,0.75,0.801,0.828,0.866,1.034,1.102,1.139,1.161,1.239,1.296,1.395,1.457,1.481,1.504,1.583,1.615,1.684,1.755,1.783,1.967,2.077,2.131,2.163,2.198,2.252,2.359,2.377,2.403,2.425,2.484,2.682,2.714,2.765,2.811,2.878,2.921,2.973,3.012,3.055,3.307,3.422,3.436,3.464,3.532,3.587,3.712,3.758,3.817,3.903,3.923,3.959,4.218,4.245,4.334,4.348,4.387,4.411,4.498,4.56,4.597,4.627,4.651,4.673,4.778,4.801,4.837,4.888,4.909,4.982,5.009,5.035,5.109,5.14,5.181,5.371,5.406,5.515,5.541,5.587,5.626,5.652,5.776,5.868,5.889,5.955,5.985,6.142,6.157,6.228,6.328,6.35,6.374,6.417,6.533,6.61,6.68,6.715,6.788,6.923,6.944,6.981,7.04,7.155,7.417,7.449,7.637,7.73,7.883,7.969,7.996,8.058,8.074,8.107,8.18,8.241,8.261,8.321,8.438,8.451,8.462,8.526,8.578,8.627,8.673,8.787,8.933,8.968,9.003,9.027,9.127,9.15,9.187,9.24,9.279,9.322,9.35,9.4,9.466,9.489,9.513,9.526,9.551,9.627,9.762,9.805,9.893,9.946,9.99,nan,nan,nan,nan
0.038,0.066,0.14,0.202,0.225,0.284,0.316,0.344,0.4,0.489,0.527,0.59,0.606,0.684,0.765,0.781,0.818,0.85,0.884,0.909,0.955,1.025,1.138,1.169,1.194,1.274,1.304,1.336,1.363,1.417,1.496,1.52,1.579,1.724,1.756,1.818,1.86,1.915,1.937,2.067,2.129,2.184,2.277,2.718,2.769,2.948,3.01,3.081,3.118,3.265,3.32,3.347,3.428,3.571,3.607,3.704,3.748,3.779,3.812,3.842,3.989,4.006,4.076,4.099,4.159,4.193,4.396,4.408,4.43,4.475,4.506,4.572,4.706,4.723,4.753,4.778,4.873,4.981,5.006,5.034,5.054,5.139,5.174,5.206,5.245,5.328,5.373,5.404,5.457,5.484,5.571,5.663,5.718,5.749,5.787,5.807,5.858,5.92,5.973,5.988,6.008,6.063,6.154,6.176,6.215,6.237,6.383,6.402,6.443,6.467,6.744,6.788,6.822,6.932,7.265,7.286,7.325,7.433,7.492,7.608,7.654,7.748,7.823,7.947,8.055,8.074,8.128,8.166,8.253,8.278,8.305,8.35,8.474,8.498,8.549,8.612,8.638,8.741,8.839,8.865,8.95,9.005,9.055,9.091,9.11,9.177,9.21,9.26,9.284,9.373,9.416,9.502,9.527,9.604,9.645,9.681,9.704,9.747,9.774,9.857,9.922
0.063,0.153,0.211,0.255,0.439,0.527,0.561,0.584,0.663,0.728,0.771,0.801,0.877,0.933,0.962,1.0,1.064,1.163,1.209,1.235,1.312,1.363,1.377,1.458,1.486,1.52,1.688,1.79,1.816,1.92,1.993,2.015,2.057,2.127,2.182,2.219,2.275,2.336,2.425,2.465,2.563,2.694,2.773,2.952,3.1,3.128,3.18,3.203,3.548,3.596,3.663,3.742,3.815,3.85,4.008,4.141,4.181,4.239,4.296,4.316,4.383,4.446,4.505,4.55,4.565,4.631,4.659,4.725,4.762,4.795,4.829,4.867,4.894,4.941,5.06,5.121,5.204,5.215,5.24,5.359,5.432,5.472,5.522,5.679,5.771,5.891,5.995,6.063,6.081,6.147,6.212,6.306,6.346,6.487,6.537,6.606,6.662,6.702,6.857,6.916,6.953,7.074,7.202,7.298,7.37,7.402,7.471,7.569,7.591,7.715,7.931,7.952,8.016,8.189,8.33,8.383,8.427,8.452,8.565,8.641,8.742,8.776,8.969,9.02,9.055,9.095,9.136,9.173,9.218,9.289,9.383,9.399,9.481,9.507,9.616,9.667,9.699,9.875,9.91,9.982,nan,nan,nan,nan,nan,nan,nan,nan,nan,nan,nan,nan,nan,nan,nan,nan,nan,nan,nan,nan,nan
0.129,0.154,0.202,0.261,0.307,0.492,0.603,0.649,0.678,0.756,0.823,0.845,0.897,0.942,0.982,1.098,1.137,1.164,1.194,1.228,1.299,1.424,1.462,1.586,1.625,1.696,1.789,1.859,1.927,1.967,2.054,2.243,2.316,2.462,2.772,2.825,2.935,2.964,3.115,3.162,3.195,3.315,3.368,3.432,3.471,3.501,3.535,3.556,3.662,3.685,3.731,3.834,3.855,4.012,4.135,4.257,4.489,4.561,4.604,4.721,4.751,4.835,4.895,4.938,4.967,4.996,5.102,5.166,5.196,5.219,5.253,5.297,5.361,5.42,5.437,5.502,5.568,5.659,5.725,5.743,5.826,5.876,5.923,6.048,6.144,6.187,6.234,6.405,6.443,6.504,6.517,6.571,6.608,6.677,6.701,6.731,6.787,6.859,6.905,6.987,7.034,7.078,7.151,7.201,7.383,7.47,7.654,7.89,8.01,8.081,8.114,8.143,8.206,8.258,8.374,8.544,8.611,8.64,8.675,8.746,8.791,8.825,8.862,8.887,8.927,8.998,9.033,9.135,9.173,9.408,9.423,9.449,9.587,9.636,9.701,9.766,9.837,9.853,9.991,nan,nan,nan,nan,nan,nan,nan,nan,nan,nan,nan,nan,nan,nan,nan,nan,nan,nan,nan,nan,nan,nan
0.092,0.143,0.226,0.262,0.316,0.339,0.464,0.49,0.542,0.593,0.634,0.675,0.698,0.754,0.778,0.806,0.849,0.867,0.901,0.96,1.043,1.098,1.281,1.335,1.447,1.471,1.537,1.57,1.624,1.749,1.767,1.858,1.904,1.956,1.992,2.006,2.04,2.064,2.096,2.199,2.242,2.286,2.354,2.401,2.458,2.482,2.656,2.716,2.752,2.813,2.845,2.896,2.972,3.138,3.169,3.249,3.294,3.346,3.499,3.53,3.645,3.806,3.844,3.945,4.004,4.167,4.207,4.242,4.304,4.336,4.405,4.447,4.553,4.642,4.71,4.756,4.795,4.83,4.87,4.894,5.014,5.043,5.109,5.128,5.283,5.358,5.417,5.456,5.497,5.594,5.689,5.737,5.771,5.832,5.883,5.931,6.036,6.305,6.391,6.576,6.697,6.912,6.989,7.01,7.051,7.237,7.264,7.317,7.441,7.492,7.559,7.598,7.635,7.787,7.819,7.909,7.975,8.002,8.084,8.151,8.2,8.233,8.26,8.288,8.337,8.373,8.419,8.489,8.507,8.572,8.602,8.732,8.81,8.908,8.924,8.939,8.955,8.995,9.016,9.068,9.083,9.107,9.136,9.192,9.203,9.361,9.437,9.54,9.676,9.713,9.796,9.915,9.938,nan,nan,nan,nan,nan,nan,nan,nan
0.058,0.141,0.252,0.279,0.298,0.365,0.393,0.479,0.502,0.574,0.604,0.628,0.693,0.72,0.778,0.82,0.85,0.868,0.911,0.973,1.084,1.115,1.192,1.216,1.327,1.413,1.455,1.48,1.6,1.628,1.686,1.929,2.007,2.045,2.156,2.19,2.235,2.263,2.294,2.34,2.415,2.651,2.781,2.936,3.059,3.137,3.176,3.257,3.276,3.333,3.38,3.452,3.47,3.483,3.538,3.603,3.645,3.74,3.855,3.885,3.916,4.0,4.062,4.121,4.141,4.188,4.256,4.272,4.289,4.413,4.523,4.557,4.653,4.707,4.992,5.035,5.075,5.115,5.166,5.218,5.244,5.274,5.327,5.431,5.465,5.509,5.528,5.632,5.655,5.702,5.799,5.834,5.87,5.898,6.012,6.337,6.364,6.418,6.553,6.603,6.746,6.881,6.955,7.078,7.243,7.28,7.56,7.58,7.611,7.661,7.68,7.746,7.789,7.907,7.945,8.027,8.098,8.142,8.206,8.282,8.332,8.374,8.475,8.516,8.537,8.564,8.579,8.598,8.614,8.65,8.777,8.806,8.909,8.952,9.076,9.142,9.224,9.281,9.294,9.308,9.334,9.376,9.512,9.549,9.624,9.657,9.792,9.862,9.939,9.996,nan,nan,nan,nan,nan,nan,nan,nan,nan,nan,nan
0.029,0.133,0.26,0.283,0.466,0.481,0.507,0.66,0.72,0.799,0.821,0.893,0.947,0.967,0.988,1.013,1.051,1.122,1.155,1.204,1.222,1.255,1.345,1.394,1.552,1.68,1.72,1.75,1.792,1.865,1.906,2.012,2.052,2.133,2.178,2.233,2.277,2.293,2.332,2.443,2.537,2.599,2.707,2.747,2.829,2.907,2.972,3.134,3.167,3.374,3.414,3.465,3.528,3.56,3.594,3.62,3.652,3.783,3.803,3.853,3.932,3.954,4.084,4.147,4.181,4.212,4.251,4.3,4.369,4.421,4.447,4.48,4.53,4.575,4.639,4.664,4.708,4.725,4.772,4.793,4.819,4.912,4.953,5.04,5.074,5.091,5.138,5.241,5.338,5.405,5.46,5.473,5.504,5.617,5.676,5.802,5.824,5.947,5.967,6.032,6.126,6.216,6.319,6.347,6.44,6.468,6.54,6.57,6.731,6.926,7.068,7.216,7.324,7.356,7.452,7.514,7.564,7.59,7.637,7.665,7.769,7.819,7.88,8.009,8.098,8.253,8.285,8.338,8.411,8.452,8.523,8.552,8.577,8.64,8.844,8.886,8.95,8.995,9.148,9.314,9.332,9.372,9.452,9.523,9.872,9.953,nan,nan,nan,nan,nan,nan,nan,nan,nan,nan,nan,nan,nan,nan,nan
0.143,0.25,0.329,0.35,0.571,0.64,0.678,0.755,1.0,1.048,1.167,1.273,1.433,1.464,1.499,1.525,1.544,1.67,1.697,1.885,1.927,1.978,2.057,2.098,2.12,2.244,2.412,2.462,2.558,2.619,2.653,2.743,2.881,3.046,3.123,3.169,3.198,3.353,3.41,3.503,3.546,3.609,3.636,3.758,3.905,4.028,4.097,4.156,4.227,4.241,4.258,4.276,4.287,4.31,4.347,4.429,4.483,4.576,4.645,4.684,4.729,4.8,4.831,4.868,4.906,4.948,4.989,5.061,5.148,5.187,5.234,5.269,5.327,5.379,5.421,5.466,5.496,5.524,5.649,5.696,5.785,5.852,5.886,5.927,5.949,6.01,6.052,6.076,6.119,6.16,6.336,6.522,6.557,6.653,6.729,6.794,6.947,7.166,7.57,7.771,7.86,8.02,8.108,8.158,8.232,8.257,8.328,8.357,8.532,8.601,8.734,8.754,8.777,8.829,8.881,8.929,9.077,9.1,9.124,9.146,9.178,9.212,9.233,9.367,9.387,9.463,9.539,9.557,9.63,9.702,9.741,9.824,9.896,9.972,nan,nan,nan,nan,nan,nan,nan,nan,nan,nan,nan,nan,nan,nan,nan,nan,nan,nan,nan,nan,nan,nan,nan,nan,nan,nan,nan
0.068,0.164,0.214,0.297,0.341,0.397,0.548,0.573,0.629,0.716,0.762,0.814,0.875,0.948,0.973,1.02,1.115,1.134,1.168,1.248,1.31,1.528,1.628,1.672,1.707,1.747,1.765,1.841,2.027,2.049,2.076,2.167,2.186,2.225,2.291,2.307,2.422,2.566,2.657,2.733,2.908,2.945,2.966,3.012,3.082,3.225,3.256,3.323,3.492,3.632,3.7,3.947,4.014,4.045,4.107,4.158,4.184,4.297,4.371,4.427,4.473,4.506,4.575,4.673,4.748,4.788,4.81,4.969,5.048,5.066,5.101,5.176,5.211,5.266,5.314,5.391,5.47,5.638,5.68,5.887,6.01,6.09,6.131,6.147,6.257,6.349,6.515,6.566,6.728,6.757,6.8,6.822,6.863,6.921,7.056,7.092,7.118,7.264,7.302,7.381,7.466,7.508,7.838,7.853,7.922,8.012,8.114,8.171,8.227,8.286,8.301,8.329,8.346,8.434,8.504,8.661,8.721,8.789,8.958,9.075,9.16,9.179,9.202,9.285,9.401,9.455,9.487,9.564,9.612,9.642,9.681,9.722,9.785,9.864,9.942,9.968,nan,nan,nan,nan,nan,nan,nan,nan,nan,nan,nan,nan,nan,nan,nan,nan,nan,nan,nan,nan,nan,nan,nan,nan,nan
0.039,0.145,0.183,0.292,0.35,0.455,0.51,0.608,0.653,0.772,0.802,0.871,0.923,0.985,1.054,1.074,1.106,1.119,1.18,1.217,1.301,1.315,1.334,1.348,1.468,1.548,1.573,1.609,1.652,1.689,1.735,1.802,1.847,1.868,1.895,2.04,2.113,2.134,2.188,2.266,2.292,2.311,2.328,2.39,2.414,2.477,2.561,2.719,2.739,2.929,3.02,3.049,3.314,3.437,3.458,3.51,3.674,3.712,3.801,3.827,3.953,4.14,4.161,4.265,4.471,4.513,4.542,4.568,4.617,4.651,4.667,4.695,4.734,4.78,4.931,5.076,5.154,5.196,5.234,5.291,5.349,5.382,5.408,5.553,5.655,5.813,5.911,5.945,6.103,6.207,6.426,6.474,6.537,6.58,6.645,6.76,6.794,6.969,7.067,7.179,7.239,7.367,7.451,7.507,7.542,7.585,7.709,7.818,7.833,7.983,8.051,8.077,8.125,8.16,8.186,8.268,8.361,8.558,8.62,8.679,8.726,8.782,8.883,8.925,8.966,9.061,9.106,9.123,9.155,9.272,9.288,9.308,9.321,9.394,9.437,9.472,9.499,9.52,9.766,9.817,9.867,9.931,nan,nan,nan,nan,nan,nan,nan,nan,nan,nan,nan,nan,nan,nan,nan,nan,nan,nan,nan
0.11,0.146,0.257,0.283,0.3,0.342,0.419,0.456,0.483,0.533,0.589,0.707,0.736,0.873,0.91,0.932,1.004,1.124,1.186,1.257,1.325,1.36,1.39,1.405,1.495,1.611,1.648,1.701,1.724,2.02,2.04,2.126,2.189,2.252,2.278,2.522,2.602,2.649,2.679,2.906,2.945,3.003,3.068,3.171,3.223,3.261,3.301,3.429,3.469,3.564,3.622,3.699,3.801,3.821,3.904,4.139,4.169,4.254,4.328,4.409,4.564,4.582,4.606,4.643,4.687,4.835,4.946,4.962,5.021,5.063,5.156,5.297,5.462,5.518,5.675,5.765,5.791,5.895,5.91,5.989,6.073,6.096,6.196,6.277,6.413,6.46,6.481,6.57,6.66,6.689,6.742,6.788,6.853,6.914,6.941,6.998,7.026,7.046,7.085,7.106,7.383,7.429,7.445,7.499,7.556,7.588,7.616,7.653,7.674,7.744,7.914,7.933,7.96,7.985,8.011,8.043,8.218,8.241,8.276,8.316,8.356,8.46,8.529,8.637,8.653,8.765,8.803,8.828,8.858,8.918,8.955,9.025,9.138,9.204,9.272,9.305,9.467,9.573,9.638,9.69,9.737,9.819,9.866,9.931,nan,nan,nan,nan,nan,nan,nan,nan,nan,nan,nan,nan,nan,nan,nan,nan,nan
0.029,0.056,0.149,0.183,0.247,0.343,0.378,0.408,0.462,0.489,0.522,0.565,0.619,0.656,0.708,0.783,0.828,0.854,0.875,0.907,0.941,1.032,1.087,1.15,1.245,1.302,1.398,1.425,1.509,1.542,1.614,1.649,1.766,1.934,1.974,2.039,2.139,2.191,2.273,2.388,2.448,2.49,2.606,2.632,2.793,2.965,3.176,3.212,3.409,3.439,3.473,3.551,3.593,3.794,3.846,3.896,3.952,3.975,3.995,4.055,4.079,4.169,4.219,4.29,4.452,4.508,4.746,4.802,4.82,4.836,4.962,5.009,5.034,5.096,5.174,5.23,5.351,5.369,5.498,5.514,5.558,5.612,5.664,5.717,5.848,5.878,5.912,5.939,5.957,6.019,6.072,6.118,6.168,6.202,6.227,6.264,6.329,6.366,6.435,6.5,6.566,6.837,6.903,6.921,7.022,7.078,7.175,7.257,7.301,7.361,7.516,7.583,7.727,7.759,7.847,7.978,8.167,8.285,8.356,8.435,8.457,8.586,8.646,8.715,8.837,8.938,8.971,9.045,9.128,9.241,9.277,9.306,9.424,9.464,9.492,9.522,9.568,9.614,9.635,9.672,9.826,9.906,nan,nan,nan,nan,nan,nan,nan,nan,nan,nan,nan,nan,nan,nan,nan,nan,nan,nan,nan
0.029,0.071,0.147,0.17,0.219,0.252,0.35,0.467,0.515,0.643,0.671,0.698,0.764,0.799,0.869,0.989,1.059,1.092,1.119,1.144,1.173,1.276,1.342,1.497,1.612,1.708,1.74,1.819,1.884,1.959,2.085,2.207,2.377,2.455,2.598,2.68,2.804,2.914,2.97,3.026,3.074,3.092,3.162,3.321,3.424,3.639,3.749,3.797,3.84,3.865,4.045,4.124,4.142,4.216,4.277,4.367,4.403,4.446,4.519,4.742,4.779,4.874,4.905,5.12,5.162,5.207,5.287,5.406,5.425,5.497,5.535,5.573,5.623,5.652,5.785,5.822,5.93,5.975,6.036,6.148,6.308,6.332,6.403,6.434,6.483,6.683,6.907,6.986,7.07,7.087,7.115,7.173,7.3,7.388,7.456,7.478,7.554,7.588,7.803,7.916,8.024,8.05,8.085,8.109,8.128,8.172,8.216,8.334,8.43,8.599,8.641,8.723,8.787,8.842,8.935,9.057,9.079,9.129,9.173,9.261,9.319,9.367,9.396,9.442,9.497,9.533,9.598,9.681,9.709,9.856,9.873,9.958,nan,nan,nan,nan,nan,nan,nan,nan,nan,nan,nan,nan,nan,nan,nan,nan,nan,nan,nan,nan,nan,nan,nan,nan,nan,nan,nan,nan,nan
0.072,0.129,0.169,0.199,0.232,0.249,0.327,0.542,0.573,0.698,0.739,0.872,0.922,0.936,0.959,0.993,1.04,1.07,1.104,1.145,1.318,1.35,1.392,1.421,1.577,1.659,1.678,1.714,1.738,1.778,1.84,1.881,1.908,1.975,2.081,2.121,2.203,2.317,2.366,2.413,2.603,2.646,2.733,2.767,2.892,2.937,2.972,3.198,3.242,3.326,3.366,3.441,3.59,3.658,3.711,3.738,3.823,3.89,3.997,4.007,4.089,4.189,4.374,4.441,4.485,4.639,4.664,4.698,4.715,4.756,4.803,4.89,4.97,5.0,5.032,5.115,5.198,5.303,5.343,5.374,5.424,5.46,5.499,5.537,5.669,5.703,5.733,5.77,5.844,5.911,6.152,6.533,6.712,6.807,6.841,6.898,7.189,7.316,7.396,7.447,7.46,7.625,7.651,7.785,7.92,8.021,8.072,8.192,8.246,8.318,8.365,8.416,8.49,8.626,8.655,8.685,8.738,8.797,8.889,8.915,8.961,9.003,9.035,9.077,9.19,9.209,9.293,9.343,9.411,9.508,9.596,9.621,9.691,9.711,9.747,9.78,9.841,9.882,9.922,nan,nan,nan,nan,nan,nan,nan,nan,nan,nan,nan,nan,nan,nan,nan,nan,nan,nan,nan,nan,nan,nan
0.039,0.086,0.129,0.178,0.208,0.347,0.41,0.452,0.476,0.585,0.649,0.883,0.924,0.945,0.967,0.995,1.115,1.15,1.269,1.315,1.374,1.396,1.418,1.598,1.69,1.776,1.82,1.851,1.97,1.991,2.044,2.18,2.385,2.529,2.856,2.896,2.931,2.971,3.116,3.2,3.225,3.314,3.498,3.588,3.738,3.801,3.872,3.939,3.983,4.033,4.056,4.072,4.124,4.157,4.235,4.322,4.365,4.462,4.572,4.606,4.703,4.735,4.775,4.802,4.832,4.864,4.918,4.943,4.976,5.006,5.055,5.07,5.099,5.161,5.229,5.307,5.413,5.688,5.708,5.77,5.823,5.859,5.972,6.08,6.128,6.166,6.19,6.277,6.528,6.652,6.697,6.744,6.771,6.937,7.048,7.334,7.478,7.492,7.516,7.558,7.662,7.767,7.811,7.882,7.946,8.021,8.088,8.199,8.276,8.293,8.318,8.348,8.422,8.471,8.485,8.524,8.541,8.715,8.749,8.815,8.851,8.878,8.928,9.048,9.104,9.121,9.153,9.213,9.348,9.393,9.442,9.486,9.533,9.562,9.579,9.606,9.693,9.725,9.751,9.783,9.889,nan,nan,nan,nan,nan,nan,nan,nan,nan,nan,nan,nan,nan,nan,nan,nan,nan,nan,nan,nan
0.027,0.067,0.112,0.147,0.205,0.239,0.318,0.387,0.448,0.486,0.581,0.612,0.676,0.74,0.766,0.871,0.908,1.031,1.059,1.121,1.2,1.286,1.308,1.34,1.368,1.395,1.427,1.478,1.498,1.618,1.661,1.825,2.053,2.096,2.143,2.241,2.333,2.354,2.405,2.464,2.509,2.539,2.6,2.786,2.854,2.875,3.251,3.434,3.535,3.684,3.747,3.903,3.916,3.944,3.981,4.069,4.277,4.351,4.392,4.548,4.594,4.614,4.639,4.745,4.797,4.818,4.84,4.86,4.919,4.99,5.051,5.121,5.211,5.275,5.342,5.406,5.461,5.511,5.697,5.747,5.873,5.951,5.978,6.008,6.033,6.086,6.24,6.343,6.371,6.505,6.628,6.817,6.912,6.949,7.019,7.059,7.091,7.127,7.246,7.302,7.338,7.394,7.462,7.496,7.573,7.723,7.747,7.794,7.85,8.038,8.074,8.099,8.128,8.176,8.283,8.309,8.377,8.458,8.501,8.561,8.582,8.608,8.629,8.657,8.789,8.868,8.914,9.061,9.085,9.11,9.156,9.19,9.219,9.249,9.373,9.403,9.541,9.557,9.643,9.67,9.779,9.805,9.894,9.926,nan,nan,nan,nan,nan,nan,nan,nan,nan,nan,nan,nan,nan,nan,nan,nan,nan
0.051,0.085,0.223,0.429,0.454,0.487,0.503,0.571,0.615,0.665,0.697,0.745,0.761,0.794,0.866,0.928,0.95,0.994,1.118,1.39,1.452,1.507,1.578,1.679,1.739,1.776,1.81,1.848,1.872,1.901,1.97,2.027,2.043,2.086,2.131,2.206,2.306,2.353,2.364,2.403,2.503,2.577,2.625,2.869,2.946,3.075,3.133,3.178,3.268,3.5,3.514,3.674,3.802,3.857,4.015,4.078,4.11,4.199,4.29,4.321,4.381,4.404,4.432,4.493,4.542,4.575,4.618,4.755,4.831,4.858,4.874,4.999,5.097,5.205,5.234,5.324,5.348,5.383,5.423,5.483,5.545,5.581,5.598,5.705,5.731,5.753,5.772,5.8,5.834,5.858,5.897,5.942,6.176,6.298,6.367,6.421,6.512,6.56,6.627,6.689,6.731,6.794,7.067,7.106,7.267,7.385,7.441,7.662,7.74,7.834,7.865,7.897,7.957,8.068,8.135,8.151,8.323,8.341,8.414,8.522,8.547,8.685,8.772,8.816,8.89,8.948,8.972,9.007,9.025,9.091,9.14,9.181,9.206,9.242,9.333,9.425,9.505,9.534,9.613,9.659,9.687,9.722,9.81,nan,nan,nan,nan,nan,nan,nan,nan,nan,nan,nan,nan,nan,nan,nan,nan,nan,nan
0.045,0.153,0.191,0.277,0.309,0.386,0.477,0.519,0.617,0.706,0.761,0.786,0.859,0.926,0.961,1.07,1.094,1.127,1.181,1.254,1.269,1.368,1.441,1.47,1.491,1.57,1.677,1.705,1.753,1.779,1.826,1.922,1.956,2.002,2.068,2.099,2.169,2.454,2.476,2.653,2.682,2.703,2.862,2.986,3.072,3.098,3.169,3.331,3.365,3.407,3.533,3.614,3.634,3.712,3.741,3.85,3.888,3.947,4.015,4.068,4.33,4.346,4.382,4.419,4.452,4.483,4.529,4.781,4.84,4.871,4.903,4.965,4.998,5.052,5.11,5.21,5.322,5.412,5.486,5.52,5.543,5.57,5.603,5.661,5.824,5.98,6.092,6.12,6.239,6.279,6.317,6.567,6.714,6.757,6.805,6.884,6.947,7.237,7.493,7.586,7.705,7.75,7.797,7.862,8.075,8.264,8.373,8.406,8.485,8.515,8.559,8.599,8.642,8.756,8.801,8.876,8.926,8.956,8.97,9.019,9.06,9.099,9.149,9.184,9.201,9.27,9.438,9.462,9.503,9.534,9.583,9.668,9.838,9.862,9.998,nan,nan,nan,nan,nan,nan,nan,nan,nan,nan,nan,nan,nan,nan,nan,nan,nan,nan,nan,nan,nan,nan,nan,nan,nan,nan
0.031,0.127,0.243,0.262,0.351,0.4,0.483,0.543,0.568,0.69,0.752,0.772,0.838,0.88,0.914,0.966,1.01,1.133,1.152,1.191,1.271,1.347,1.399,1.44,1.467,1.52,1.567,1.677,1.72,1.753,1.766,1.808,1.938,2.007,2.032,2.135,2.158,2.196,2.266,2.316,2.35,2.366,2.524,2.777,3.016,3.087,3.325,3.41,3.443,3.483,3.572,3.755,3.804,3.822,3.84,3.894,4.05,4.078,4.104,4.126,4.164,4.246,4.292,4.357,4.385,4.416,4.712,4.772,4.89,4.988,5.042,5.085,5.113,5.144,5.207,5.254,5.283,5.305,5.327,5.416,5.496,5.51,5.534,5.592,5.749,5.771,5.812,5.977,6.043,6.09,6.158,6.273,6.337,6.355,6.371,6.548,6.622,6.682,6.932,6.979,7.078,7.331,7.375,7.418,7.491,7.685,7.924,7.966,8.031,8.123,8.153,8.323,8.628,8.687,8.776,8.845,8.876,8.904,8.933,9.056,9.104,9.129,9.223,9.261,9.317,9.337,9.397,9.418,9.447,9.537,9.585,9.657,9.697,9.892,nan,nan,nan,nan,nan,nan,nan,nan,nan,nan,nan,nan,nan,nan,nan,nan,nan,nan,nan,nan,nan,nan,nan,nan,nan,nan,nan
0.071,0.093,0.118,0.135,0.153,0.235,0.271,0.293,0.321,0.338,0.504,0.682,0.831,0.984,1.072,1.1,1.153,1.207,1.286,1.333,1.381,1.433,1.538,1.556,1.632,1.664,1.742,1.769,1.868,1.963,1.997,2.087,2.247,2.314,2.349,2.422,2.445,2.508,2.592,2.634,2.681,2.773,2.905,2.938,2.998,3.138,3.265,3.322,3.648,3.736,4.02,4.075,4.118,4.2,4.226,4.259,4.288,4.363,4.416,4.462,4.524,4.572,4.62,4.654,4.774,4.809,4.837,4.864,4.887,4.932,4.954,4.985,5.019,5.087,5.14,5.207,5.265,5.322,5.355,5.489,5.583,5.623,5.675,5.694,5.72,5.778,5.854,5.995,6.218,6.269,6.381,6.422,6.566,6.695,6.832,6.895,6.956,7.081,7.364,7.404,7.54,7.724,7.774,7.846,8.026,8.073,8.142,8.189,8.268,8.331,8.359,8.405,8.481,8.56,8.583,8.628,8.708,8.736,8.873,8.934,8.957,8.998,9.036,9.198,9.246,9.271,9.3,9.449,9.517,9.591,9.739,9.779,9.815,nan,nan,nan,nan,nan,nan,nan,nan,nan,nan,nan,nan,nan,nan,nan,nan,nan,nan,nan,nan,nan,nan,nan,nan,nan,nan,nan,nan
0.067,0.128,0.146,0.177,0.317,0.365,0.396,0.428,0.512,0.596,0.648,0.727,0.784,0.816,0.846,0.888,0.919,0.941,0.998,1.039,1.093,1.126,1.221,1.241,1.303,1.372,1.42,1.442,1.467,1.593,1.637,1.708,1.768,1.799,1.834,1.857,1.886,1.925,1.986,2.01,2.034,2.092,2.111,2.158,2.207,2.233,2.465,2.598,2.682,2.794,2.87,2.892,3.078,3.15,3.192,3.479,3.506,3.555,3.583,3.62,3.64,3.719,3.757,4.006,4.168,4.247,4.303,4.367,4.521,4.559,4.592,4.641,4.714,4.731,4.752,4.777,4.798,4.85,4.891,4.917,4.938,5.016,5.051,5.25,5.275,5.29,5.324,5.421,5.529,5.555,5.603,5.666,5.794,5.847,5.882,5.927,5.959,6.009,6.046,6.358,6.4,6.426,6.486,6.665,6.879,6.96,6.991,7.059,7.165,7.287,7.545,7.632,7.692,7.74,7.802,7.835,7.855,7.87,7.935,7.993,8.041,8.097,8.259,8.319,8.366,8.385,8.476,8.547,8.58,8.595,8.652,8.704,8.749,8.812,8.88,8.919,9.065,9.097,9.123,9.206,9.271,9.289,9.489,9.501,9.521,9.539,9.566,9.617,9.729,9.792,9.884,9.959,9.996,nan,nan,nan,nan,nan,nan,nan,nan
0.058,0.094,0.162,0.259,0.31,0.364,0.47,0.613,0.66,0.721,0.741,0.943,0.981,1.031,1.094,1.122,1.15,1.184,1.209,1.407,1.501,1.548,1.644,1.667,1.694,1.734,1.797,1.897,1.982,2.325,2.364,2.438,2.482,2.525,2.572,2.624,2.644,2.678,2.8,2.967,3.012,3.146,3.183,3.23,3.347,3.506,3.585,3.701,3.742,3.787,3.871,3.906,3.979,4.021,4.184,4.231,4.345,4.373,4.525,4.584,4.665,4.687,4.714,4.755,4.785,4.922,5.095,5.118,5.217,5.242,5.273,5.286,5.323,5.335,5.36,5.446,5.472,5.49,5.514,5.605,5.636,5.78,6.003,6.089,6.116,6.139,6.202,6.253,6.296,6.38,6.442,6.526,6.679,6.783,6.914,6.97,7.15,7.202,7.288,7.333,7.53,7.55,7.617,7.745,7.825,7.956,7.988,8.079,8.195,8.223,8.259,8.286,8.327,8.382,8.414,8.484,8.529,8.561,8.745,8.794,8.815,8.849,8.87,8.953,9.02,9.046,9.1,9.156,9.202,9.235,9.249,9.265,9.332,9.405,9.436,9.484,9.555,9.571,9.623,9.684,9.743,9.77,9.793,9.832,9.925,nan,nan,nan,nan,nan,nan,nan,nan,nan,nan,nan,nan,nan,nan,nan,nan
0.059,0.097,0.121,0.164,0.267,0.326,0.371,0.413,0.459,0.609,0.677,0.738,0.864,0.889,0.914,0.93,0.972,1.001,1.022,1.048,1.067,1.095,1.17,1.22,1.241,1.266,1.425,1.44,1.46,1.582,1.617,1.721,1.747,1.764,1.795,1.858,1.9,1.964,2.044,2.079,2.195,2.249,2.355,2.43,2.542,2.583,2.611,2.923,3.196,3.396,3.419,3.505,3.648,3.673,3.757,3.898,4.019,4.063,4.104,4.243,4.276,4.326,4.361,4.447,4.509,4.554,4.578,4.675,4.78,4.809,4.839,4.969,4.98,5.027,5.043,5.058,5.108,5.154,5.252,5.318,5.377,5.407,5.512,5.57,5.599,5.662,5.689,5.712,5.727,5.8,5.843,5.904,5.966,5.981,5.999,6.121,6.163,6.178,6.193,6.479,6.521,6.619,6.816,6.852,6.882,6.9,6.993,7.071,7.119,7.186,7.384,7.514,7.615,7.653,7.695,7.77,7.88,7.945,7.983,8.007,8.077,8.107,8.125,8.215,8.273,8.303,8.343,8.361,8.416,8.48,8.539,8.567,8.586,8.673,8.699,8.721,8.776,8.801,8.849,8.871,8.958,8.993,9.015,9.07,9.101,9.136,9.165,9.177,9.252,9.311,9.434,9.513,9.541,9.573,9.601,9.652,9.704,9.907,9.972,nan,nan
0.084,0.122,0.146,0.189,0.292,0.351,0.396,0.438,0.484,0.634,0.702,0.763,0.889,0.914,0.939,0.955,0.997,1.026,1.047,1.073,1.092,1.12,1.195,1.245,1.266,1.291,1.45,1.465,1.485,1.607,1.642,1.746,1.772,1.789,1.82,1.883,1.925,1.989,2.069,2.104,2.22,2.274,2.38,2.455,2.567,2.608,2.636,2.948,3.221,3.421,3.444,3.53,3.673,3.698,3.782,3.923,4.044,4.088,4.129,4.268,4.301,4.351,4.386,4.472,4.534,4.579,4.603,4.7,4.805,4.834,4.864,4.994,5.005,5.052,5.068,5.083,5.133,5.179,5.277,5.343,5.402,5.432,5.537,5.595,5.624,5.687,5.714,5.737,5.752,5.825,5.868,5.929,5.991,6.006,6.024,6.146,6.188,6.203,6.218,6.504,6.546,6.644,6.841,6.877,6.907,6.925,7.018,7.096,7.144,7.211,7.409,7.539,7.64,7.678,7.72,7.795,7.905,7.97,8.008,8.032,8.102,8.132,8.15,8.24,8.298,8.328,8.368,8.386,8.441,8.505,8.564,8.592,8.611,8.698,8.724,8.746,8.801,8.826,8.874,8.896,8.983,9.018,9.04,9.095,9.126,9.161,9.19,9.202,9.277,9.336,9.459,9.538,9.566,9.598,9.626,9.677,9.729,9.932,9.997,nan,nan
0.109,0.147,0.171,0.214,0.317,0.376,0.421,0.463,0.509,0.659,0.727,0.788,0.914,0.939,0.964,0.98,1.022,1.051,1.072,1.098,1.117,1.145,1.22,1.27,1.291,1.316,1.475,1.49,1.51,1.632,1.667,1.771,1.797,1.814,1.845,1.908,1.95,2.014,2.094,2.129,2.245,2.299,2.405,2.48,2.592,2.633,2.661,2.973,3.246,3.446,3.469,3.555,3.698,3.723,3.807,3.948,4.069,4.113,4.154,4.293,4.326,4.376,4.411,4.497,4.559,4.604,4.628,4.725,4.83,4.859,4.889,5.019,5.03,5.077,5.093,5.108,5.158,5.204,5.302,5.368,5.427,5.457,5.562,5.62,5.649,5.712,5.739,5.762,5.777,5.85,5.893,5.954,6.016,6.031,6.049,6.171,6.213,6.228,6.243,6.529,6.571,6.669,6.866,6.902,6.932,6.95,7.043,7.121,7.169,7.236,7.434,7.564,7.665,7.703,7.745,7.82,7.93,7.995,8.033,8.057,8.127,8.157,8.175,8.265,8.323,8.353,8.393,8.411,8.466,8.53,8.589,8.617,8.636,8.723,8.749,8.771,8.826,8.851,8.899,8.921,9.008,9.043,9.065,9.12,9.151,9.186,9.215,9.227,9.302,9.361,9.484,9.563,9.591,9.623,9.651,9.702,9.754,9.957,10.022,nan,nan
0.134,0.172,0.196,0.239,0.342,0.401,0.446,0.488,0.534,0.684,0.752,0.813,0.939,0.964,0.989,1.005,1.047,1.076,1.097,1.123,1.142,1.17,1.245,1.295,1.316,1.341,1.5,1.515,1.535,1.657,1.692,1.796,1.822,1.839,1.87,1.933,1.975,2.039,2.119,2.154,2.27,2.324,2.43,2.505,2.617,2.658,2.686,2.998,3.271,3.471,3.494,3.58,3.723,3.748,3.832,3.973,4.094,4.138,4.179,4.318,4.351,4.401,4.436,4.522,4.584,4.629,4.653,4.75,4.855,4.884,4.914,5.044,5.055,5.102,5.118,5.133,5.183,5.229,5.327,5.393,5.452,5.482,5.587,5.645,5.674,5.737,5.764,5.787,5.802,5.875,5.918,5.979,6.041,6.056,6.074,6.196,6.238,6.253,6.268,6.554,6.596,6.694,6.891,6.927,6.957,6.975,7.068,7.146,7.194,7.261,7.459,7.589,7.69,7.728,7.77,7.845,7.955,8.02,8.058,8.082,8.152,8.182,8.2,8.29,8.348,8.378,8.418,8.436,8.491,8.555,8.614,8.642,8.661,8.748,8.774,8.796,8.851,8.876,8.924,8.946,9.033,9.068,9.09,9.145,9.176,9.211,9.24,9.252,9.327,9.386,9.509,9.588,9.616,9.648,9.676,9.727,9.779,9.982,10.047,nan,nan
