0.136,0.237,0.301,0.425,0.447,0.463,0.489,0.505,0.545,0.636,0.8,0.969,1.007,1.026,1.042,1.115,1.15,1.258,1.305,1.344,1.377,1.458,1.499,1.599,1.622,1.653,1.718,1.795,1.907,1.996,2.279,2.297,2.329,2.355,2.383,2.482,2.544,2.574,2.619,2.631,2.669,2.735,2.785,2.852,2.875,2.899,3.102,3.201,3.297,3.318,3.487,3.581,3.691,3.802,3.932,4.012,4.077,4.143,4.187,4.211,4.322,4.37,4.414,4.486,4.565,4.648,4.683,4.907,4.963,5.011,5.032,5.051,5.088,5.237,5.377,5.411,5.453,5.57,5.626,5.722,5.758,5.896,5.979,6.045,6.078,6.108,6.343,6.367,6.464,6.552,6.614,6.734,6.803,6.869,6.89,6.952,7.07,7.11,7.155,7.268,7.601,7.635,7.669,7.691,7.784,7.914,7.951,7.974,8.011,8.122,8.274,8.393,8.533,8.599,8.674,8.768,8.812,8.939,9.008,9.211,9.258,9.292,9.416,9.511,9.673,9.724,9.803,9.861,9.966,nan,nan,nan,nan,nan,nan,nan,nan,nan,nan,nan,nan,nan,nan,nan,nan,nan,nan,nan,nan,nan,nan,nan,nan,nan,nan,nan,nan,nan
0.034,0.078,0.153,0.183,0.239,0.29,0.306,0.402,0.422,0.448,0.515,0.645,0.79,0.821,0.84,1.06,1.109,1.14,1.246,1.348,1.379,1.505,1.767,1.802,1.949,1.994,2.045,2.087,2.117,2.158,2.171,2.197,2.326,2.354,2.384,2.401,2.614,2.659,2.808,2.863,2.947,3.029,3.358,3.398,3.474,3.565,3.592,3.646,3.662,3.939,4.02,4.156,4.215,4.391,4.451,4.467,4.5,4.525,4.603,4.645,4.732,4.778,4.809,4.866,4.94,5.002,5.024,5.084,5.175,5.209,5.331,5.363,5.448,5.595,5.621,5.651,5.855,5.964,5.989,6.038,6.07,6.144,6.204,6.293,6.607,6.637,6.688,6.734,6.789,6.811,6.91,6.934,7.002,7.041,7.125,7.266,7.304,7.32,7.398,7.449,7.488,7.536,7.626,7.799,7.834,7.89,7.951,8.002,8.041,8.109,8.161,8.229,8.389,8.452,8.504,8.521,8.549,8.627,8.854,9.077,9.094,9.131,9.168,9.193,9.241,9.282,9.297,9.348,9.377,9.426,9.516,9.64,9.724,9.812,9.837,9.916,nan,nan,nan,nan,nan,nan,nan,nan,nan,nan,nan,nan,nan,nan,nan,nan,nan,nan,nan,nan,nan,nan
0.171,0.255,0.346,0.397,0.427,0.504,0.541,0.574,0.588,0.672,0.692,0.758,1.014,1.044,1.11,1.172,1.275,1.394,1.408,1.449,1.477,1.558,1.615,1.684,1.82,1.888,1.927,1.994,2.012,2.052,2.084,2.111,2.136,2.219,2.302,2.337,2.397,2.436,2.497,2.614,2.633,2.671,2.693,2.712,2.807,3.062,3.092,3.126,3.204,3.244,3.328,3.438,3.447,3.469,3.515,3.554,3.639,3.681,3.73,3.79,4.12,4.205,4.236,4.259,4.278,4.414,4.514,4.556,4.59,4.651,4.821,4.883,4.937,5.003,5.045,5.066,5.095,5.15,5.202,5.266,5.308,5.415,5.453,5.521,5.571,5.627,5.654,5.726,5.76,5.787,5.807,5.898,6.113,6.181,6.217,6.236,6.276,6.39,6.432,6.504,6.558,6.648,6.723,6.769,6.84,6.883,6.905,6.948,6.984,7.074,7.121,7.229,7.26,7.294,7.358,7.384,7.659,7.689,7.761,7.935,7.975,8.034,8.078,8.181,8.223,8.294,8.365,8.441,8.569,8.604,8.682,8.714,8.751,8.825,8.843,9.039,9.057,9.172,9.209,9.269,9.332,9.406,9.513,9.559,9.618,9.69,9.708,9.74,9.785,9.828,9.857,nan,nan,nan,nan,nan,nan,nan
0.092,0.167,0.191,0.227,0.307,0.427,0.563,0.674,0.788,0.836,0.893,0.975,1.007,1.106,1.132,1.274,1.41,1.475,1.629,1.755,1.797,1.821,1.876,1.91,1.951,1.978,2.03,2.267,2.283,2.385,2.431,2.497,2.639,2.679,2.885,2.99,3.034,3.054,3.135,3.167,3.249,3.278,3.303,3.37,3.426,3.846,3.865,3.951,3.999,4.046,4.085,4.16,4.207,4.235,4.569,4.61,4.646,4.731,4.805,4.863,4.913,4.952,4.985,5.013,5.049,5.089,5.123,5.16,5.405,5.427,5.453,5.553,5.654,5.732,5.784,5.832,5.879,5.921,5.972,6.13,6.211,6.249,6.297,6.454,6.473,6.556,6.692,6.744,6.775,6.793,6.815,6.847,6.879,6.952,6.973,6.996,7.063,7.092,7.147,7.2,7.247,7.493,7.527,7.561,7.769,7.796,7.811,7.845,7.881,7.941,8.023,8.04,8.064,8.155,8.302,8.465,8.584,8.664,8.716,8.749,8.81,8.839,8.881,8.916,8.957,9.064,9.083,9.204,9.482,9.526,9.647,9.695,9.713,9.734,9.763,9.887,9.908,9.934,9.993,nan,nan,nan,nan,nan,nan,nan,nan,nan,nan,nan,nan,nan,nan,nan,nan,nan,nan,nan
0.039,0.125,0.286,0.342,0.401,0.497,0.639,0.852,0.895,0.926,0.99,1.046,1.078,1.241,1.321,1.378,1.44,1.467,1.551,1.584,1.615,1.692,1.86,1.919,1.954,1.978,2.054,2.08,2.117,2.184,2.216,2.235,2.27,2.301,2.364,2.393,2.426,2.525,2.614,2.652,2.678,2.826,3.014,3.18,3.191,3.268,3.319,3.411,3.544,3.58,3.669,3.705,3.725,3.84,3.882,3.944,3.986,4.194,4.228,4.268,4.31,4.38,4.443,4.529,4.579,4.962,5.018,5.035,5.188,5.21,5.261,5.35,5.459,5.752,5.835,6.018,6.046,6.137,6.156,6.184,6.308,6.342,6.388,6.421,6.501,6.54,6.62,6.67,6.714,6.783,6.846,6.908,7.054,7.073,7.09,7.134,7.158,7.178,7.194,7.279,7.322,7.367,7.433,7.479,7.524,7.569,7.686,7.852,7.923,7.955,8.03,8.074,8.107,8.189,8.28,8.345,8.416,8.526,8.693,8.754,8.791,8.912,8.97,8.998,9.094,9.195,9.231,9.349,9.388,9.462,9.522,9.599,9.612,9.641,9.688,9.735,9.756,9.807,9.946,nan,nan,nan,nan,nan,nan,nan,nan,nan,nan,nan,nan,nan,nan,nan,nan,nan,nan,nan
0.049,0.112,0.169,0.197,0.225,0.245,0.286,0.33,0.361,0.401,0.446,0.546,0.623,0.692,0.724,0.772,0.805,0.857,0.92,0.997,1.031,1.062,1.11,1.207,1.234,1.27,1.295,1.396,1.429,1.505,1.594,1.631,1.756,1.857,1.967,2.017,2.08,2.141,2.184,2.259,2.302,2.359,2.425,2.457,2.522,2.699,2.789,2.911,3.126,3.237,3.275,3.314,3.334,3.476,3.565,3.744,3.856,3.974,4.011,4.058,4.072,4.103,4.15,4.204,4.326,4.371,4.435,4.499,4.587,4.637,4.662,4.759,4.8,4.869,4.957,5.047,5.068,5.089,5.115,5.169,5.19,5.215,5.244,5.259,5.339,5.373,5.434,5.489,5.538,5.611,5.718,5.737,5.775,5.841,5.918,5.963,6.0,6.061,6.099,6.173,6.348,6.467,6.487,6.616,6.645,6.702,6.731,6.762,6.782,6.819,6.852,6.921,6.984,7.034,7.062,7.166,7.325,7.388,7.448,7.478,7.524,7.568,7.597,7.625,7.659,7.689,7.817,7.935,7.968,8.024,8.17,8.442,8.48,8.55,8.594,9.041,9.128,9.348,9.484,9.537,9.678,9.727,9.795,9.846,9.903,9.925,nan,nan,nan,nan,nan,nan,nan,nan,nan,nan,nan,nan
0.06,0.123,0.157,0.182,0.234,0.289,0.345,0.471,0.544,0.728,0.756,0.779,0.961,1.037,1.11,1.134,1.323,1.345,1.464,1.578,1.655,1.721,1.795,1.902,1.919,1.988,2.094,2.157,2.185,2.288,2.344,2.439,2.53,2.72,2.855,3.004,3.109,3.274,3.306,3.424,3.446,3.499,3.526,3.617,3.794,3.81,3.832,3.879,3.962,4.043,4.13,4.216,4.306,4.337,4.429,4.471,4.514,4.765,4.823,4.849,5.072,5.141,5.186,5.215,5.386,5.436,5.534,5.583,5.637,5.681,5.706,5.771,5.805,5.854,5.885,5.94,6.032,6.119,6.156,6.175,6.269,6.336,6.405,6.542,6.596,6.735,6.779,6.804,6.849,7.047,7.147,7.255,7.312,7.391,7.415,7.433,7.486,7.513,7.556,7.59,7.668,7.741,7.804,7.852,7.995,8.063,8.101,8.129,8.173,8.294,8.391,8.422,8.458,8.543,8.647,8.673,8.748,8.9,8.93,8.975,9.047,9.114,9.168,9.2,9.223,9.259,9.287,9.328,9.45,9.52,9.566,9.603,9.667,9.744,9.795,9.882,nan,nan,nan,nan,nan,nan,nan,nan,nan,nan,nan,nan,nan,nan,nan,nan,nan,nan,nan,nan,nan,nan
0.036,0.178,0.229,0.254,0.332,0.388,0.426,0.468,0.552,0.648,0.67,0.685,0.737,0.853,0.925,1.008,1.024,1.095,1.182,1.213,1.324,1.364,1.463,1.52,1.714,1.85,1.978,2.201,2.259,2.312,2.346,2.384,2.491,2.583,2.61,2.675,2.798,2.866,2.962,2.997,3.263,3.28,3.366,3.415,3.438,3.56,3.628,3.686,3.719,3.741,3.784,4.056,4.111,4.144,4.338,4.378,4.427,4.45,4.537,4.571,4.745,4.784,4.861,4.941,4.99,5.014,5.031,5.129,5.188,5.207,5.237,5.354,5.421,5.476,5.527,5.585,5.78,5.95,5.986,6.12,6.319,6.336,6.36,6.425,6.496,6.581,6.645,6.694,6.72,6.782,6.95,6.978,7.093,7.14,7.176,7.222,7.258,7.311,7.411,7.533,7.672,7.745,7.791,7.873,8.001,8.052,8.145,8.169,8.442,8.512,8.709,8.755,8.857,8.9,9.142,9.167,9.246,9.291,9.324,9.353,9.371,9.531,9.553,9.587,9.622,9.646,9.714,9.778,9.8,9.844,9.864,9.899,9.91,9.958,9.99,nan,nan,nan,nan,nan,nan,nan,nan,nan,nan,nan,nan,nan,nan,nan,nan,nan,nan,nan,nan,nan,nan,nan
0.072,0.109,0.152,0.214,0.48,0.518,0.624,0.681,0.806,0.834,0.98,1.033,1.093,1.137,1.184,1.273,1.329,1.362,1.401,1.471,1.514,1.562,1.615,1.632,1.65,1.842,1.994,2.077,2.092,2.132,2.217,2.429,2.463,2.543,2.633,2.67,2.744,2.792,2.847,2.867,2.888,2.964,3.045,3.122,3.157,3.17,3.474,3.512,3.653,3.698,3.727,3.822,3.913,4.004,4.107,4.12,4.265,4.284,4.398,4.537,4.609,4.72,4.834,4.866,4.959,4.987,5.027,5.107,5.155,5.177,5.267,5.352,5.391,5.419,5.442,5.478,5.534,5.586,5.774,5.851,6.061,6.223,6.252,6.286,6.315,6.382,6.407,6.596,6.775,6.822,6.992,7.064,7.113,7.159,7.178,7.201,7.223,7.233,7.291,7.417,7.525,7.58,7.657,7.753,7.936,7.989,8.02,8.099,8.131,8.231,8.317,8.346,8.444,8.522,8.612,8.631,8.69,8.775,8.803,8.843,8.882,8.91,8.965,9.014,9.122,9.274,9.359,9.42,9.475,9.555,9.631,9.695,9.89,9.918,nan,nan,nan,nan,nan,nan,nan,nan,nan,nan,nan,nan,nan,nan,nan,nan,nan,nan,nan,nan,nan,nan,nan,nan
0.123,0.153,0.205,0.309,0.38,0.487,0.621,0.725,0.755,0.872,0.941,0.995,1.167,1.187,1.301,1.341,1.39,1.429,1.454,1.528,1.741,1.78,1.812,1.861,1.946,1.983,2.003,2.033,2.048,2.075,2.194,2.259,2.288,2.372,2.426,2.466,2.504,2.678,2.705,2.735,2.774,2.928,2.947,2.971,3.046,3.064,3.103,3.164,3.213,3.25,3.278,3.29,3.318,3.347,3.454,3.494,3.561,3.598,3.742,3.762,3.838,3.921,3.984,4.058,4.152,4.223,4.291,4.319,4.34,4.473,4.561,4.623,4.642,4.658,4.701,4.741,4.931,4.974,5.017,5.134,5.15,5.192,5.223,5.282,5.323,5.38,5.409,5.556,5.751,5.887,5.988,6.228,6.295,6.343,6.414,6.571,6.614,6.662,6.702,6.762,6.839,7.002,7.036,7.076,7.14,7.166,7.269,7.315,7.398,7.546,7.569,7.617,7.668,7.7,7.789,7.88,7.984,8.037,8.073,8.106,8.144,8.243,8.27,8.482,8.621,8.647,8.767,8.8,9.021,9.176,9.212,9.233,9.3,9.34,9.532,9.57,9.66,9.726,9.758,9.825,9.872,9.915,9.935,nan,nan,nan,nan,nan,nan,nan,nan,nan,nan,nan,nan,nan,nan,nan
0.09,0.136,0.295,0.384,0.505,0.574,0.641,0.708,0.748,0.763,0.775,0.805,0.84,0.914,1.011,1.043,1.114,1.141,1.555,1.635,1.679,1.728,1.828,2.019,2.112,2.134,2.281,2.337,2.377,2.432,2.647,2.685,2.728,2.879,2.935,3.121,3.151,3.187,3.203,3.338,3.541,3.62,3.668,3.724,3.91,3.941,3.988,4.076,4.128,4.19,4.324,4.363,4.415,4.439,4.55,4.622,4.637,4.71,4.764,4.801,4.991,5.012,5.042,5.164,5.255,5.329,5.437,5.494,5.559,5.591,5.613,5.674,5.712,5.761,5.876,6.015,6.075,6.115,6.159,6.307,6.473,6.631,6.686,6.739,6.774,6.818,6.839,6.93,7.005,7.104,7.156,7.188,7.339,7.358,7.414,7.518,7.619,7.668,7.727,7.777,7.893,8.012,8.058,8.13,8.148,8.387,8.44,8.542,8.608,8.638,8.667,8.701,8.746,8.883,9.037,9.089,9.121,9.198,9.251,9.286,9.455,9.537,9.572,9.714,9.896,9.942,9.962,9.984,nan,nan,nan,nan,nan,nan,nan,nan,nan,nan,nan,nan,nan,nan,nan,nan,nan,nan,nan,nan,nan,nan,nan,nan,nan,nan,nan,nan,nan,nan
0.123,0.176,0.264,0.309,0.709,0.732,0.762,0.781,0.962,1.039,1.141,1.203,1.27,1.292,1.331,1.432,1.489,1.556,1.642,1.745,1.773,1.816,1.851,1.984,2.003,2.1,2.251,2.295,2.36,2.377,2.418,2.494,2.514,2.545,2.699,2.773,2.852,2.886,2.919,2.949,3.044,3.097,3.113,3.192,3.247,3.481,3.607,3.658,3.715,3.742,3.787,3.922,3.939,3.98,4.015,4.12,4.179,4.228,4.245,4.276,4.294,4.358,4.447,4.487,4.505,4.627,4.668,4.705,4.761,4.866,4.933,5.068,5.161,5.201,5.261,5.361,5.412,5.469,5.545,5.589,5.607,5.642,5.676,5.752,5.803,5.855,5.872,5.919,5.96,6.017,6.084,6.342,6.397,6.427,6.45,6.538,6.642,6.761,6.799,6.932,7.023,7.058,7.181,7.312,7.44,7.521,7.585,7.644,7.78,7.999,8.124,8.162,8.198,8.26,8.44,8.464,8.498,8.537,8.586,8.615,8.636,8.678,8.727,8.761,8.847,8.942,9.017,9.055,9.095,9.132,9.153,9.239,9.269,9.307,9.349,9.402,9.428,9.453,9.472,9.606,9.658,9.689,9.883,9.905,9.945,9.975,nan,nan,nan,nan,nan,nan,nan,nan,nan,nan,nan,nan
0.046,0.119,0.148,0.336,0.416,0.518,0.596,0.677,0.82,0.873,0.955,0.983,1.002,1.071,1.101,1.118,1.147,1.221,1.252,1.345,1.371,1.41,1.45,1.48,1.556,1.612,1.663,1.681,1.717,1.76,1.873,1.937,2.053,2.098,2.239,2.279,2.302,2.327,2.393,2.483,2.504,2.712,2.729,2.773,2.814,2.852,2.888,2.958,3.027,3.135,3.214,3.255,3.327,3.346,3.415,3.499,3.528,3.758,3.786,3.844,3.885,3.915,4.156,4.243,4.302,4.371,4.386,4.531,4.635,4.76,4.829,4.848,4.983,5.072,5.16,5.233,5.258,5.349,5.382,5.426,5.493,5.545,5.581,5.604,5.665,5.693,5.934,6.013,6.044,6.076,6.105,6.171,6.209,6.351,6.419,6.468,6.49,6.557,6.679,6.776,7.136,7.204,7.264,7.369,7.408,7.477,7.722,7.855,7.977,8.006,8.048,8.099,8.13,8.259,8.28,8.301,8.333,8.368,8.535,8.609,8.679,8.811,8.849,8.934,9.178,9.21,9.361,9.377,9.542,9.576,9.66,9.718,9.753,9.891,9.969,nan,nan,nan,nan,nan,nan,nan,nan,nan,nan,nan,nan,nan,nan,nan,nan,nan,nan,nan,nan,nan,nan,nan
0.114,0.179,0.203,0.251,0.326,0.462,0.512,0.56,0.612,0.777,0.843,0.952,1.004,1.122,1.15,1.2,1.231,1.396,1.433,1.485,1.521,1.575,1.674,1.691,1.763,1.942,2.031,2.088,2.23,2.275,2.311,2.357,2.379,2.409,2.447,2.62,2.654,2.687,2.729,2.783,2.811,2.971,3.04,3.094,3.157,3.381,3.512,3.558,3.761,3.787,3.848,3.895,3.928,3.971,3.992,4.148,4.191,4.239,4.465,4.563,4.68,4.711,4.759,4.928,4.955,5.023,5.054,5.12,5.229,5.341,5.393,5.459,5.557,5.581,5.626,5.661,5.787,5.846,5.973,5.991,6.058,6.132,6.234,6.252,6.308,6.44,6.563,6.593,6.701,6.755,6.802,6.911,6.954,7.058,7.317,7.356,7.434,7.506,7.553,7.67,7.79,7.837,7.896,7.962,7.999,8.059,8.081,8.149,8.177,8.222,8.292,8.346,8.385,8.406,8.611,8.65,8.679,8.703,8.746,8.795,8.912,8.966,9.154,9.174,9.244,9.352,9.43,9.501,9.723,9.757,9.785,9.811,9.842,9.888,9.906,9.979,nan,nan,nan,nan,nan,nan,nan,nan,nan,nan,nan,nan,nan,nan,nan,nan,nan,nan,nan,nan,nan,nan
0.033,0.086,0.129,0.188,0.244,0.298,0.524,0.54,0.56,0.604,0.698,0.841,0.897,1.011,1.066,1.085,1.216,1.24,1.292,1.323,1.382,1.422,1.495,1.531,1.603,1.614,1.682,1.705,1.74,1.766,1.879,1.942,1.993,2.06,2.088,2.228,2.302,2.389,2.473,2.538,2.61,2.658,2.688,2.724,2.773,2.807,2.948,2.995,3.018,3.092,3.193,3.204,3.239,3.268,3.367,3.453,3.564,3.597,3.664,3.714,3.757,3.82,3.868,3.881,3.956,3.977,4.249,4.289,4.308,4.368,4.401,4.473,4.593,4.641,4.708,4.943,5.037,5.095,5.122,5.212,5.355,5.382,5.418,5.72,5.761,5.923,6.024,6.074,6.125,6.158,6.223,6.272,6.327,6.5,6.65,6.682,6.913,7.02,7.127,7.178,7.201,7.257,7.307,7.619,7.662,7.693,7.766,7.831,8.05,8.277,8.335,8.448,8.491,8.533,8.569,8.685,8.747,8.771,8.942,9.068,9.11,9.166,9.284,9.352,9.519,9.572,9.606,9.632,9.703,9.73,9.815,9.889,9.918,9.981,nan,nan,nan,nan,nan,nan,nan,nan,nan,nan,nan,nan,nan,nan,nan,nan,nan,nan,nan,nan,nan,nan,nan,nan
0.296,0.359,0.429,0.519,0.54,0.59,0.656,0.856,0.899,0.946,1.029,1.071,1.149,1.175,1.283,1.306,1.358,1.378,1.403,1.661,1.722,1.765,1.838,1.865,1.89,1.919,1.948,1.991,2.007,2.076,2.112,2.237,2.334,2.453,2.509,2.566,2.585,2.618,2.836,2.872,2.927,2.956,2.99,3.016,3.075,3.158,3.241,3.375,3.428,3.465,3.503,3.524,3.619,3.662,3.689,3.788,3.841,3.887,3.936,3.961,4.188,4.274,4.318,4.407,4.514,4.543,4.621,4.642,4.664,4.699,4.799,4.844,4.862,4.918,4.956,5.052,5.085,5.203,5.242,5.277,5.375,5.408,5.486,5.505,5.594,5.671,5.774,5.847,5.905,5.947,5.996,6.097,6.153,6.213,6.292,6.336,6.527,6.745,6.765,6.807,6.877,6.914,6.942,7.122,7.233,7.309,7.377,7.431,7.454,7.484,7.577,7.807,7.845,7.867,7.991,8.025,8.171,8.203,8.262,8.298,8.471,8.651,8.672,8.846,8.912,8.945,8.966,9.019,9.055,9.159,9.188,9.211,9.308,9.343,9.458,9.496,9.556,9.622,9.706,9.723,9.753,9.804,9.843,9.868,9.936,nan,nan,nan,nan,nan,nan,nan,nan,nan,nan,nan,nan,nan
0.053,0.323,0.365,0.415,0.479,0.494,0.632,0.714,0.75,0.825,0.936,1.048,1.079,1.154,1.23,1.332,1.365,1.487,1.514,1.581,1.758,1.773,1.806,1.83,1.886,2.028,2.074,2.184,2.245,2.267,2.355,2.372,2.49,2.508,2.534,2.667,2.697,2.838,2.901,2.992,3.253,3.428,3.457,3.569,3.61,3.669,3.742,3.768,3.825,3.974,4.059,4.111,4.212,4.24,4.27,4.483,4.543,4.708,4.726,4.755,4.792,4.812,4.934,4.964,5.012,5.103,5.167,5.229,5.32,5.378,5.438,5.513,5.588,5.671,5.726,5.745,5.866,5.908,6.058,6.093,6.114,6.155,6.176,6.191,6.21,6.23,6.304,6.363,6.57,6.618,6.654,6.674,6.733,6.856,6.945,7.044,7.081,7.117,7.147,7.19,7.259,7.311,7.408,7.45,7.544,7.702,7.804,7.828,7.866,8.003,8.039,8.159,8.228,8.27,8.334,8.431,8.465,8.516,8.591,8.684,8.815,8.844,8.913,8.985,9.111,9.228,9.249,9.405,9.475,9.539,9.59,9.686,9.853,9.972,nan,nan,nan,nan,nan,nan,nan,nan,nan,nan,nan,nan,nan,nan,nan,nan,nan,nan,nan,nan,nan,nan,nan,nan
0.091,0.176,0.249,0.275,0.393,0.574,0.612,0.836,0.866,0.924,0.968,1.017,1.035,1.172,1.277,1.382,1.681,1.711,1.788,1.834,1.891,1.921,1.946,2.021,2.104,2.166,2.189,2.236,2.279,2.316,2.399,2.468,2.508,2.539,2.582,2.658,2.742,2.765,2.795,2.867,2.911,2.945,3.118,3.132,3.161,3.201,3.238,3.343,3.615,3.654,3.741,3.78,3.875,3.912,4.011,4.165,4.27,4.303,4.356,4.493,4.524,4.67,4.694,4.738,4.79,4.848,4.88,4.895,4.928,4.963,5.063,5.092,5.121,5.188,5.231,5.28,5.33,5.359,5.412,5.462,5.508,5.521,5.59,5.632,5.755,5.776,5.915,5.963,6.04,6.13,6.313,6.363,6.533,6.801,6.847,6.91,6.942,6.978,7.037,7.082,7.121,7.171,7.301,7.386,7.499,7.545,7.628,7.873,8.0,8.043,8.088,8.16,8.193,8.264,8.294,8.321,8.395,8.421,8.475,8.521,8.548,8.654,8.803,8.864,8.895,8.96,9.058,9.141,9.163,9.182,9.256,9.305,9.368,9.402,9.447,9.503,9.594,9.615,9.687,9.793,9.877,9.936,9.981,nan,nan,nan,nan,nan,nan,nan,nan,nan,nan,nan,nan,nan,nan,nan
0.029,0.052,0.114,0.167,0.295,0.348,0.421,0.489,0.521,0.649,0.692,0.785,0.846,1.133,1.223,1.262,1.299,1.344,1.473,1.541,1.639,1.668,1.725,1.747,1.876,1.976,2.022,2.049,2.094,2.321,2.359,2.382,2.415,2.452,2.504,2.564,2.699,2.72,2.797,2.828,3.007,3.113,3.141,3.254,3.354,3.403,3.442,3.664,3.68,3.717,3.736,3.825,3.897,3.946,3.966,3.995,4.024,4.053,4.085,4.311,4.351,4.399,4.445,4.515,4.645,4.718,4.782,4.843,4.867,4.975,5.25,5.289,5.463,5.488,5.532,5.622,5.683,5.748,5.834,5.961,6.057,6.095,6.178,6.236,6.269,6.31,6.352,6.435,6.5,6.632,6.661,6.792,6.806,6.858,6.97,7.034,7.12,7.182,7.224,7.25,7.262,7.329,7.402,7.416,7.47,7.595,7.633,7.663,7.69,7.772,7.793,7.953,8.026,8.066,8.096,8.163,8.224,8.318,8.433,8.457,8.542,8.625,8.7,8.773,8.813,8.894,8.914,9.0,9.074,9.112,9.138,9.174,9.219,9.26,9.28,9.378,9.396,9.427,9.481,9.51,9.618,9.695,9.762,9.801,9.914,9.99,nan,nan,nan,nan,nan,nan,nan,nan,nan,nan,nan,nan
0.12,0.203,0.298,0.324,0.491,0.531,0.633,0.768,0.79,0.828,1.028,1.052,1.14,1.342,1.59,1.665,1.794,1.834,1.954,2.042,2.13,2.151,2.171,2.229,2.335,2.38,2.474,2.514,2.584,2.699,2.77,2.805,2.84,2.899,2.928,2.972,3.055,3.135,3.162,3.259,3.375,3.438,3.455,3.496,3.525,3.556,3.601,3.866,4.017,4.089,4.107,4.207,4.39,4.422,4.481,4.515,4.531,4.663,4.7,4.781,4.845,4.922,4.954,4.998,5.07,5.173,5.249,5.301,5.349,5.394,5.427,5.489,5.509,5.602,5.751,5.846,5.907,5.958,6.011,6.123,6.172,6.254,6.361,6.392,6.428,6.614,6.739,6.789,6.823,6.857,6.928,7.048,7.201,7.258,7.28,7.316,7.427,7.485,7.519,7.536,7.571,7.677,7.721,7.759,7.793,7.804,7.991,8.024,8.112,8.19,8.247,8.286,8.445,8.463,8.515,8.588,8.736,8.807,8.894,8.925,9.064,9.078,9.114,9.233,9.268,9.33,9.393,9.523,9.58,9.629,9.66,9.728,9.81,9.913,9.956,nan,nan,nan,nan,nan,nan,nan,nan,nan,nan,nan,nan,nan,nan,nan,nan,nan,nan,nan,nan,nan,nan,nan
0.02,0.089,0.166,0.408,0.518,0.551,0.593,0.664,0.755,0.81,0.886,1.073,1.127,1.185,1.253,1.293,1.377,1.419,1.478,1.575,1.599,1.704,1.719,1.828,1.941,2.135,2.281,2.309,2.431,2.506,2.703,2.759,2.828,3.053,3.077,3.27,3.314,3.364,3.545,3.584,3.685,3.717,3.761,3.783,3.864,4.012,4.121,4.145,4.19,4.235,4.283,4.369,4.438,4.469,4.496,4.571,4.627,4.702,4.831,4.878,4.937,5.009,5.031,5.114,5.188,5.227,5.363,5.449,5.593,5.653,5.671,5.69,5.733,6.0,6.043,6.072,6.106,6.191,6.227,6.248,6.322,6.362,6.386,6.407,6.44,6.604,6.755,6.807,6.973,7.01,7.028,7.141,7.165,7.205,7.339,7.415,7.453,7.567,7.639,7.782,7.818,7.89,7.922,7.966,7.997,8.017,8.064,8.107,8.147,8.221,8.265,8.327,8.353,8.445,8.482,8.588,8.684,8.738,8.868,8.895,8.982,9.024,9.076,9.092,9.108,9.177,9.259,9.444,9.503,9.553,9.577,9.613,9.672,9.74,9.775,9.799,9.873,9.944,9.976,nan,nan,nan,nan,nan,nan,nan,nan,nan,nan,nan,nan,nan,nan,nan,nan,nan,nan,nan
0.05,0.067,0.188,0.218,0.29,0.43,0.516,0.603,0.661,0.687,0.712,0.796,0.844,0.952,1.007,1.146,1.233,1.344,1.526,1.867,1.948,2.012,2.065,2.185,2.276,2.323,2.384,2.417,2.458,2.627,2.737,2.803,2.833,2.875,2.953,3.01,3.111,3.132,3.148,3.167,3.241,3.294,3.317,3.411,3.501,3.52,3.624,3.645,3.675,3.835,3.881,3.963,4.003,4.139,4.168,4.24,4.318,4.351,4.401,4.456,4.578,4.642,4.724,4.973,5.034,5.079,5.131,5.2,5.301,5.363,5.417,5.438,5.455,5.636,5.694,5.8,5.88,5.908,5.937,6.175,6.225,6.266,6.37,6.408,6.461,6.552,6.591,6.66,6.694,6.75,6.843,7.009,7.193,7.229,7.273,7.366,7.504,7.535,7.587,7.627,7.761,7.809,7.841,7.879,7.94,7.968,8.043,8.133,8.364,8.462,8.579,8.714,8.78,8.797,8.818,8.849,9.016,9.174,9.407,9.484,9.539,9.655,9.893,9.941,9.974,9.996,nan,nan,nan,nan,nan,nan,nan,nan,nan,nan,nan,nan,nan,nan,nan,nan,nan,nan,nan,nan,nan,nan,nan,nan,nan,nan,nan,nan,nan,nan,nan,nan
0.09,0.191,0.322,0.485,0.555,0.67,0.734,0.807,0.899,0.931,0.984,1.048,1.067,1.107,1.193,1.221,1.247,1.283,1.424,1.632,1.679,1.727,1.763,1.796,1.824,1.897,1.969,2.09,2.111,2.186,2.262,2.326,2.339,2.374,2.492,2.519,2.572,2.622,2.647,2.664,2.856,2.973,3.065,3.089,3.152,3.213,3.237,3.261,3.314,3.383,3.453,3.503,3.541,3.676,3.7,3.711,3.763,3.83,3.914,3.997,4.054,4.078,4.187,4.414,4.552,4.696,4.718,4.781,4.83,5.018,5.048,5.22,5.311,5.393,5.432,5.511,5.545,5.58,5.591,5.628,5.669,5.704,5.815,5.901,5.939,6.098,6.161,6.217,6.379,6.421,6.478,6.571,6.725,6.816,6.864,6.943,6.98,7.075,7.203,7.299,7.337,7.389,7.466,7.514,7.617,7.733,7.769,7.822,7.879,7.9,7.942,7.983,8.1,8.132,8.238,8.288,8.442,8.54,8.599,8.635,8.657,8.709,8.77,8.935,9.02,9.052,9.13,9.171,9.313,9.509,9.81,9.883,9.904,9.948,9.968,nan,nan,nan,nan,nan,nan,nan,nan,nan,nan,nan,nan,nan,nan,nan,nan,nan,nan,nan,nan,nan,nan,nan
0.203,0.304,0.413,0.638,0.716,0.737,0.947,1.029,1.071,1.187,1.206,1.233,1.264,1.382,1.433,1.446,1.461,1.498,1.558,1.662,1.749,1.775,1.815,1.909,1.966,2.065,2.082,2.127,2.162,2.193,2.239,2.393,2.425,2.457,2.798,2.89,2.958,3.019,3.077,3.129,3.151,3.201,3.245,3.418,3.478,3.605,3.659,3.856,3.9,4.1,4.14,4.264,4.301,4.358,4.4,4.429,4.547,4.575,4.64,4.792,4.958,4.995,5.035,5.065,5.122,5.202,5.255,5.412,5.465,5.489,5.509,5.655,5.731,5.766,5.814,5.876,5.913,5.951,5.975,6.054,6.179,6.211,6.277,6.31,6.371,6.433,6.467,6.556,6.653,6.694,6.755,6.786,6.853,6.879,6.975,7.061,7.089,7.143,7.173,7.299,7.359,7.461,7.477,7.528,7.596,7.628,7.67,7.802,7.852,8.034,8.101,8.153,8.173,8.211,8.419,8.608,8.625,8.678,8.713,8.766,8.784,8.835,8.883,8.984,9.027,9.135,9.385,9.421,9.64,9.668,9.73,9.778,9.834,9.867,9.889,9.91,9.995,nan,nan,nan,nan,nan,nan,nan,nan,nan,nan,nan,nan,nan,nan,nan,nan,nan,nan,nan,nan,nan
0.047,0.155,0.256,0.29,0.337,0.529,0.598,0.648,0.681,0.721,0.829,0.885,0.939,0.959,0.978,1.041,1.191,1.27,1.349,1.386,1.402,1.438,1.665,1.683,1.701,1.729,1.777,1.81,1.832,1.92,1.964,2.077,2.308,2.489,2.539,2.563,2.624,2.727,2.839,3.027,3.073,3.098,3.371,3.405,3.443,3.748,3.781,3.817,3.925,3.958,3.999,4.069,4.132,4.196,4.294,4.337,4.419,4.503,4.56,4.579,4.645,4.679,4.779,4.812,4.877,4.938,4.974,5.008,5.027,5.065,5.176,5.213,5.246,5.294,5.392,5.449,5.479,5.527,5.545,5.69,5.709,5.818,5.994,6.175,6.248,6.371,6.433,6.499,6.574,6.617,6.69,6.725,6.787,6.848,6.891,6.952,7.015,7.07,7.175,7.26,7.314,7.346,7.482,7.549,7.58,7.691,7.771,7.8,7.835,7.854,7.976,8.092,8.18,8.218,8.297,8.433,8.495,8.606,8.655,8.725,8.757,8.804,8.862,8.94,8.969,9.061,9.12,9.243,9.27,9.302,9.394,9.476,9.498,9.553,9.59,9.638,9.72,9.756,9.925,nan,nan,nan,nan,nan,nan,nan,nan,nan,nan,nan,nan,nan,nan,nan,nan,nan,nan,nan
0.035,0.094,0.143,0.214,0.284,0.437,0.507,0.667,0.695,0.976,1.023,1.084,1.102,1.14,1.174,1.228,1.264,1.298,1.348,1.379,1.43,1.477,1.656,1.77,1.801,1.873,1.935,1.971,2.06,2.097,2.135,2.194,2.316,2.35,2.381,2.422,2.484,2.521,2.554,2.714,2.729,2.765,2.853,2.882,2.945,3.041,3.182,3.348,3.408,3.604,3.7,3.732,3.757,3.887,3.984,4.098,4.122,4.169,4.235,4.274,4.355,4.435,4.503,4.56,4.6,4.615,4.732,4.752,4.768,4.821,4.837,4.884,4.919,5.019,5.057,5.111,5.154,5.231,5.267,5.305,5.342,5.391,5.484,5.561,5.725,5.807,5.835,5.896,5.94,6.057,6.086,6.143,6.198,6.273,6.283,6.328,6.35,6.424,6.455,6.496,6.571,6.596,6.618,6.656,6.737,6.876,6.956,7.035,7.08,7.102,7.114,7.191,7.218,7.256,7.376,7.39,7.42,7.443,7.475,7.563,7.604,7.654,7.687,7.768,7.829,7.9,7.953,8.099,8.176,8.245,8.346,8.403,8.453,8.476,8.491,8.542,8.568,8.652,8.716,8.769,8.814,8.846,8.863,8.913,8.932,8.989,9.157,9.207,9.326,9.37,9.427,9.47,9.49,9.516,9.658,9.812,9.907,9.974
0.028,0.059,0.105,0.197,0.304,0.348,0.471,0.612,0.699,0.713,0.747,0.839,0.917,1.01,1.045,1.117,1.249,1.311,1.36,1.627,1.654,1.71,1.8,1.833,1.904,1.97,2.13,2.342,2.401,2.451,2.465,2.555,2.593,2.614,2.659,2.694,2.748,2.767,2.801,2.84,2.954,2.985,3.223,3.296,3.419,3.45,3.479,3.499,3.574,3.68,3.761,3.797,3.886,3.967,4.142,4.183,4.258,4.341,4.374,4.437,4.505,4.524,4.57,4.591,4.638,4.694,4.73,4.828,4.856,4.875,4.901,4.926,4.944,5.094,5.165,5.224,5.36,5.416,5.538,5.56,5.634,5.664,5.71,5.743,5.85,5.874,6.046,6.083,6.112,6.126,6.145,6.29,6.368,6.425,6.47,6.516,6.579,6.633,6.658,6.692,6.769,6.824,6.845,6.957,6.981,7.056,7.191,7.235,7.294,7.313,7.382,7.417,7.495,7.539,7.617,7.67,7.719,7.749,7.789,7.911,8.046,8.08,8.291,8.442,8.521,8.569,8.644,8.818,8.879,9.018,9.149,9.173,9.285,9.443,9.521,9.551,9.586,9.724,9.79,9.813,9.911,nan,nan,nan,nan,nan,nan,nan,nan,nan,nan,nan,nan,nan,nan,nan,nan,nan
0.066,0.17,0.219,0.243,0.352,0.421,0.489,0.635,0.735,0.802,0.829,0.868,1.035,1.103,1.139,1.297,1.457,1.482,1.513,1.613,1.685,1.755,1.972,2.077,2.13,2.163,2.198,2.251,2.359,2.376,2.402,2.424,2.483,2.523,2.681,2.712,2.735,2.765,2.806,2.877,2.92,2.972,3.01,3.052,3.105,3.231,3.307,3.421,3.435,3.463,3.531,3.587,3.709,3.758,3.817,3.903,3.923,3.959,4.219,4.247,4.335,4.358,4.39,4.413,4.583,4.621,4.649,4.673,4.779,4.802,4.838,4.889,4.91,4.983,5.032,5.11,5.141,5.182,5.372,5.408,5.516,5.542,5.589,5.628,5.653,5.776,5.868,5.889,5.956,5.986,6.142,6.157,6.228,6.27,6.327,6.35,6.373,6.396,6.421,6.519,6.608,6.68,6.713,6.787,6.848,6.923,6.944,6.973,7.034,7.099,7.153,7.416,7.448,7.637,7.729,7.883,7.969,7.996,8.058,8.074,8.107,8.18,8.244,8.263,8.322,8.439,8.452,8.469,8.527,8.579,8.629,8.787,8.934,9.003,9.028,9.128,9.151,9.19,9.241,9.281,9.323,9.351,9.403,9.466,9.509,9.522,9.55,9.627,9.763,9.805,9.893,9.946,9.99,nan,nan,nan,nan,nan
0.038,0.066,0.141,0.202,0.225,0.284,0.316,0.345,0.402,0.49,0.527,0.595,0.702,0.766,0.784,0.821,0.863,0.907,0.955,1.026,1.142,1.171,1.2,1.275,1.305,1.337,1.364,1.418,1.498,1.522,1.58,1.725,1.758,1.819,1.86,1.915,1.937,2.066,2.128,2.184,2.277,2.411,2.665,2.717,2.769,2.9,2.947,3.009,3.08,3.118,3.263,3.305,3.334,3.427,3.458,3.57,3.586,3.611,3.704,3.748,3.779,3.812,3.842,3.917,3.989,4.006,4.076,4.099,4.159,4.193,4.397,4.411,4.432,4.476,4.572,4.707,4.725,4.754,4.781,4.874,4.983,5.032,5.054,5.174,5.208,5.247,5.33,5.374,5.458,5.486,5.663,5.719,5.786,5.801,5.858,5.92,5.973,5.988,6.008,6.063,6.154,6.176,6.215,6.237,6.382,6.401,6.442,6.467,6.742,6.787,6.822,6.915,7.264,7.285,7.324,7.429,7.49,7.607,7.653,7.748,7.822,7.947,8.055,8.074,8.129,8.166,8.254,8.28,8.317,8.359,8.479,8.5,8.55,8.613,8.64,8.742,8.861,8.952,9.006,9.091,9.21,9.262,9.285,9.416,9.503,9.605,9.668,9.686,9.746,9.774,9.857,9.923,nan,nan,nan,nan,nan,nan
0.063,0.154,0.212,0.256,0.439,0.561,0.585,0.664,0.729,0.772,0.802,0.879,0.933,0.962,1.001,1.065,1.164,1.21,1.313,1.364,1.381,1.478,1.496,1.689,1.791,1.816,1.921,1.993,2.015,2.057,2.126,2.16,2.218,2.275,2.335,2.425,2.463,2.562,2.693,2.772,2.899,2.951,2.968,3.099,3.118,3.154,3.186,3.205,3.395,3.548,3.582,3.662,3.742,3.815,3.849,4.008,4.142,4.182,4.239,4.297,4.317,4.383,4.446,4.512,4.551,4.565,4.633,4.661,4.762,4.8,4.831,4.869,4.896,4.942,5.122,5.204,5.215,5.241,5.36,5.433,5.485,5.522,5.68,5.771,5.892,5.995,6.063,6.08,6.147,6.212,6.297,6.332,6.46,6.49,6.536,6.605,6.662,6.701,6.736,6.784,6.857,6.912,6.952,6.97,7.026,7.073,7.127,7.201,7.251,7.296,7.369,7.4,7.47,7.568,7.586,7.611,7.714,7.931,7.952,8.016,8.19,8.331,8.383,8.428,8.454,8.566,8.743,8.777,8.97,9.021,9.056,9.096,9.173,9.218,9.39,9.414,9.481,9.509,9.617,9.691,9.876,9.939,9.983,nan,nan,nan,nan,nan,nan,nan,nan,nan,nan,nan,nan,nan,nan,nan
0.129,0.154,0.203,0.262,0.494,0.604,0.65,0.679,0.824,0.845,0.944,1.161,1.194,1.3,1.425,1.462,1.587,1.626,1.696,1.791,1.884,1.928,1.967,2.054,2.242,2.314,2.461,2.507,2.771,2.824,2.922,2.942,2.965,3.114,3.161,3.195,3.313,3.339,3.369,3.431,3.467,3.5,3.533,3.555,3.662,3.685,3.73,3.834,3.854,3.954,4.012,4.135,4.258,4.489,4.561,4.604,4.722,4.752,4.836,4.939,4.97,5.002,5.168,5.199,5.253,5.362,5.427,5.508,5.569,5.725,5.743,5.827,5.877,5.923,6.048,6.144,6.187,6.234,6.404,6.442,6.504,6.517,6.57,6.603,6.674,6.698,6.73,6.786,6.859,6.902,6.982,7.032,7.066,7.121,7.151,7.199,7.234,7.339,7.383,7.469,7.653,7.889,8.01,8.081,8.114,8.143,8.206,8.259,8.544,8.614,8.674,8.792,8.826,8.865,8.998,9.039,9.174,9.409,9.447,9.588,9.637,9.701,9.767,9.837,9.853,9.991,nan,nan,nan,nan,nan,nan,nan,nan,nan,nan,nan,nan,nan,nan,nan,nan,nan,nan,nan,nan,nan,nan,nan,nan,nan,nan,nan,nan,nan,nan,nan,nan
0.092,0.143,0.236,0.269,0.318,0.341,0.469,0.493,0.543,0.634,0.694,0.76,0.794,0.85,0.869,0.903,1.044,1.117,1.336,1.465,1.538,1.571,1.63,1.749,1.77,1.859,1.904,1.956,1.992,2.006,2.04,2.064,2.096,2.198,2.241,2.286,2.353,2.4,2.458,2.482,2.655,2.714,2.749,2.784,2.814,2.844,2.891,2.962,3.088,3.138,3.169,3.211,3.249,3.292,3.324,3.349,3.497,3.529,3.62,3.805,3.843,3.877,3.945,4.004,4.167,4.207,4.243,4.309,4.337,4.407,4.449,4.642,4.711,4.758,4.83,4.872,5.042,5.11,5.129,5.359,5.456,5.499,5.594,5.689,5.738,5.772,5.883,5.931,6.036,6.304,6.39,6.515,6.575,6.695,6.892,6.915,6.988,7.009,7.049,7.095,7.236,7.263,7.316,7.44,7.492,7.557,7.598,7.635,7.787,7.819,7.906,7.975,8.002,8.084,8.151,8.2,8.233,8.261,8.289,8.337,8.374,8.42,8.49,8.508,8.574,8.757,8.811,8.91,8.933,8.951,8.996,9.017,9.068,9.084,9.126,9.194,9.209,9.362,9.438,9.541,9.713,9.796,9.915,9.939,nan,nan,nan,nan,nan,nan,nan,nan,nan,nan,nan,nan,nan,nan
0.058,0.141,0.253,0.281,0.299,0.367,0.396,0.48,0.502,0.575,0.606,0.63,0.694,0.779,0.821,0.852,0.88,0.974,1.085,1.116,1.193,1.224,1.328,1.426,1.457,1.481,1.601,1.628,1.687,1.929,2.007,2.045,2.156,2.19,2.235,2.262,2.293,2.34,2.414,2.65,2.78,2.816,2.908,2.936,3.058,3.136,3.175,3.208,3.256,3.275,3.332,3.379,3.451,3.47,3.483,3.536,3.602,3.63,3.664,3.739,3.808,3.855,3.885,3.916,4.0,4.062,4.121,4.141,4.188,4.256,4.272,4.29,4.413,4.524,4.57,4.707,4.994,5.076,5.116,5.218,5.244,5.275,5.328,5.432,5.466,5.509,5.529,5.633,5.659,5.709,5.8,5.834,5.871,6.012,6.242,6.336,6.363,6.417,6.545,6.601,6.622,6.693,6.745,6.799,6.88,6.954,7.077,7.106,7.221,7.267,7.491,7.553,7.576,7.61,7.646,7.672,7.745,7.788,7.906,7.945,8.027,8.099,8.142,8.206,8.333,8.374,8.476,8.517,8.538,8.564,8.579,8.599,8.615,8.804,8.91,9.077,9.225,9.284,9.295,9.329,9.377,9.513,9.555,9.625,9.658,9.793,9.862,9.939,9.996,nan,nan,nan,nan,nan,nan,nan,nan,nan
0.029,0.134,0.26,0.283,0.467,0.484,0.508,0.721,0.817,0.895,0.948,0.969,0.99,1.014,1.052,1.149,1.204,1.222,1.257,1.346,1.395,1.552,1.681,1.72,1.792,1.868,1.907,2.012,2.051,2.093,2.133,2.177,2.232,2.277,2.293,2.326,2.443,2.537,2.599,2.702,2.74,2.793,2.829,2.901,2.97,3.097,3.134,3.165,3.373,3.411,3.444,3.475,3.527,3.56,3.593,3.62,3.652,3.783,3.802,3.852,3.932,3.954,4.085,4.147,4.181,4.212,4.301,4.37,4.422,4.478,4.531,4.576,4.66,4.681,4.71,4.727,4.772,4.794,4.82,4.913,4.954,5.074,5.091,5.143,5.243,5.341,5.407,5.461,5.503,5.618,5.677,5.803,5.826,5.947,5.967,6.032,6.126,6.216,6.319,6.346,6.44,6.468,6.539,6.568,6.73,6.888,6.925,7.047,7.071,7.197,7.296,7.325,7.355,7.451,7.513,7.56,7.589,7.637,7.664,7.767,7.818,7.88,8.009,8.098,8.254,8.286,8.338,8.413,8.453,8.524,8.574,8.641,8.845,8.952,8.996,9.151,9.315,9.333,9.374,9.453,9.523,9.873,9.953,nan,nan,nan,nan,nan,nan,nan,nan,nan,nan,nan,nan,nan,nan,nan
0.143,0.33,0.35,0.573,0.756,1.049,1.167,1.433,1.466,1.501,1.526,1.546,1.671,1.697,1.927,1.978,2.057,2.098,2.12,2.244,2.309,2.411,2.461,2.556,2.618,2.651,2.742,2.879,2.909,3.046,3.069,3.123,3.168,3.197,3.351,3.395,3.424,3.501,3.545,3.608,3.634,3.686,3.758,3.905,4.028,4.097,4.156,4.227,4.242,4.259,4.276,4.288,4.321,4.348,4.483,4.577,4.684,4.729,4.829,4.87,4.937,5.062,5.149,5.235,5.279,5.328,5.379,5.422,5.466,5.498,5.527,5.65,5.697,5.786,5.853,5.887,5.927,5.949,6.01,6.052,6.075,6.119,6.159,6.336,6.521,6.555,6.651,6.696,6.73,6.792,6.946,6.994,7.16,7.405,7.57,7.704,7.771,7.86,8.02,8.109,8.158,8.233,8.257,8.329,8.358,8.532,8.602,8.75,8.763,8.83,8.886,8.93,9.086,9.114,9.136,9.163,9.212,9.234,9.368,9.388,9.54,9.558,9.631,9.702,9.743,9.824,9.896,9.972,nan,nan,nan,nan,nan,nan,nan,nan,nan,nan,nan,nan,nan,nan,nan,nan,nan,nan,nan,nan,nan,nan,nan,nan,nan,nan,nan,nan,nan,nan
0.068,0.165,0.215,0.298,0.345,0.398,0.564,0.595,0.726,0.764,0.817,0.949,0.976,1.021,1.116,1.137,1.18,1.258,1.312,1.529,1.629,1.672,1.708,1.748,1.766,1.841,2.027,2.049,2.075,2.166,2.184,2.224,2.291,2.306,2.421,2.565,2.656,2.701,2.734,2.908,2.944,2.966,3.01,3.081,3.225,3.255,3.322,3.351,3.412,3.491,3.626,3.7,3.947,4.014,4.045,4.107,4.159,4.194,4.297,4.372,4.428,4.504,4.576,4.674,4.75,4.789,4.811,4.97,5.049,5.068,5.103,5.178,5.271,5.315,5.392,5.471,5.645,5.682,5.888,6.01,6.089,6.13,6.146,6.256,6.349,6.515,6.565,6.728,6.751,6.799,6.821,6.861,6.903,6.993,7.055,7.09,7.117,7.262,7.301,7.38,7.466,7.506,7.562,7.837,7.852,7.922,8.012,8.118,8.171,8.229,8.287,8.302,8.329,8.346,8.435,8.661,8.722,8.803,9.077,9.163,9.2,9.215,9.286,9.456,9.488,9.612,9.642,9.722,9.786,9.865,9.946,9.97,nan,nan,nan,nan,nan,nan,nan,nan,nan,nan,nan,nan,nan,nan,nan,nan,nan,nan,nan,nan,nan,nan,nan,nan,nan,nan
0.039,0.145,0.183,0.293,0.35,0.455,0.511,0.609,0.654,0.773,0.802,0.994,1.056,1.076,1.107,1.123,1.217,1.301,1.316,1.335,1.473,1.549,1.579,1.61,1.652,1.69,1.735,1.847,1.868,1.896,2.04,2.113,2.134,2.188,2.265,2.284,2.306,2.32,2.333,2.39,2.414,2.474,2.561,2.603,2.718,2.738,2.927,3.02,3.038,3.174,3.245,3.306,3.417,3.441,3.46,3.496,3.514,3.657,3.678,3.712,3.801,3.826,3.849,3.953,4.141,4.162,4.266,4.472,4.514,4.542,4.577,4.621,4.652,4.669,4.696,4.781,4.931,5.083,5.16,5.197,5.239,5.293,5.36,5.404,5.553,5.662,5.813,5.912,5.945,6.103,6.206,6.425,6.465,6.526,6.543,6.579,6.639,6.755,6.786,6.823,6.968,7.065,7.177,7.237,7.366,7.45,7.506,7.54,7.585,7.709,7.818,7.832,7.982,8.051,8.077,8.125,8.16,8.186,8.268,8.362,8.559,8.624,8.686,8.731,8.883,8.928,8.967,9.076,9.115,9.155,9.278,9.295,9.316,9.326,9.395,9.438,9.491,9.516,9.766,9.818,9.868,9.931,nan,nan,nan,nan,nan,nan,nan,nan,nan,nan,nan,nan,nan,nan,nan,nan
0.11,0.146,0.258,0.284,0.342,0.42,0.457,0.49,0.534,0.59,0.708,0.874,0.923,1.006,1.125,1.257,1.325,1.362,1.391,1.408,1.496,1.613,1.702,1.724,2.02,2.04,2.126,2.178,2.252,2.277,2.369,2.423,2.521,2.601,2.649,2.677,2.754,2.9,2.944,3.002,3.068,3.093,3.17,3.222,3.26,3.301,3.332,3.429,3.469,3.563,3.622,3.678,3.701,3.779,3.808,3.843,3.904,4.139,4.169,4.255,4.329,4.41,4.565,4.587,4.643,4.688,4.837,4.947,5.022,5.064,5.302,5.463,5.519,5.677,5.766,5.895,5.91,5.989,6.072,6.095,6.196,6.277,6.411,6.459,6.48,6.569,6.659,6.687,6.74,6.778,6.851,6.908,6.934,6.997,7.025,7.043,7.084,7.104,7.307,7.382,7.429,7.444,7.497,7.555,7.588,7.616,7.653,7.674,7.743,7.914,7.933,7.959,7.985,8.011,8.043,8.221,8.264,8.316,8.46,8.529,8.639,8.803,8.841,8.919,9.026,9.139,9.205,9.289,9.574,9.639,9.691,9.738,9.819,9.866,9.932,nan,nan,nan,nan,nan,nan,nan,nan,nan,nan,nan,nan,nan,nan,nan,nan,nan,nan,nan,nan,nan,nan,nan
0.029,0.056,0.15,0.248,0.343,0.379,0.409,0.463,0.489,0.565,0.619,0.656,0.709,0.789,0.829,0.857,0.879,0.921,1.033,1.089,1.152,1.246,1.304,1.424,1.51,1.542,1.615,1.65,1.767,1.934,1.974,2.039,2.139,2.191,2.273,2.307,2.387,2.448,2.49,2.605,2.631,2.792,2.928,2.965,3.176,3.204,3.409,3.438,3.472,3.551,3.592,3.721,3.793,3.816,3.896,3.952,3.975,3.995,4.056,4.081,4.17,4.22,4.291,4.454,4.51,4.747,4.803,4.821,5.03,5.097,5.175,5.232,5.352,5.371,5.499,5.558,5.614,5.664,5.718,5.848,5.879,5.913,5.954,5.968,6.019,6.072,6.118,6.167,6.202,6.227,6.263,6.329,6.365,6.432,6.5,6.565,6.65,6.727,6.836,6.878,6.911,7.016,7.038,7.078,7.175,7.255,7.275,7.36,7.392,7.515,7.582,7.727,7.759,7.846,7.977,8.168,8.286,8.365,8.436,8.457,8.587,8.647,8.725,8.838,8.939,8.973,9.045,9.129,9.243,9.279,9.428,9.466,9.493,9.523,9.57,9.614,9.672,9.826,nan,nan,nan,nan,nan,nan,nan,nan,nan,nan,nan,nan,nan,nan,nan,nan,nan,nan,nan,nan
0.029,0.071,0.148,0.17,0.25,0.351,0.468,0.516,0.644,0.696,0.799,0.991,1.07,1.095,1.123,1.171,1.277,1.343,1.498,1.708,1.82,1.885,1.959,2.085,2.207,2.377,2.454,2.597,2.679,2.803,2.912,2.969,3.025,3.073,3.092,3.161,3.23,3.321,3.42,3.639,3.748,3.797,3.84,3.865,4.045,4.124,4.142,4.216,4.277,4.387,4.525,4.743,4.78,4.875,4.906,5.121,5.163,5.208,5.288,5.407,5.425,5.534,5.624,5.652,5.786,5.822,5.93,5.975,6.036,6.147,6.307,6.331,6.397,6.433,6.481,6.504,6.682,6.737,6.906,6.942,6.985,7.07,7.086,7.114,7.171,7.299,7.387,7.455,7.477,7.554,7.587,7.803,7.916,8.024,8.051,8.085,8.109,8.128,8.172,8.334,8.43,8.6,8.642,8.788,8.843,8.942,9.074,9.13,9.262,9.32,9.368,9.397,9.444,9.499,9.535,9.599,9.682,9.711,9.867,9.958,nan,nan,nan,nan,nan,nan,nan,nan,nan,nan,nan,nan,nan,nan,nan,nan,nan,nan,nan,nan,nan,nan,nan,nan,nan,nan,nan,nan,nan,nan,nan,nan,nan,nan,nan,nan,nan,nan
0.072,0.129,0.17,0.2,0.233,0.25,0.327,0.542,0.739,0.873,0.923,0.938,0.96,0.994,1.041,1.104,1.319,1.351,1.393,1.422,1.578,1.659,1.678,1.719,1.778,1.841,1.882,1.908,1.975,2.081,2.12,2.18,2.316,2.366,2.413,2.601,2.641,2.711,2.757,2.79,2.829,2.891,2.936,2.96,2.979,3.029,3.197,3.242,3.287,3.326,3.364,3.441,3.494,3.589,3.657,3.696,3.721,3.823,3.89,3.997,4.007,4.089,4.19,4.375,4.486,4.639,4.666,4.701,4.72,4.757,4.804,4.892,4.971,5.002,5.116,5.199,5.304,5.373,5.425,5.499,5.537,5.67,5.704,5.733,5.77,5.844,5.911,6.152,6.18,6.532,6.711,6.806,6.84,6.897,7.095,7.188,7.259,7.315,7.396,7.447,7.459,7.488,7.578,7.625,7.644,7.785,7.92,7.951,8.021,8.072,8.192,8.246,8.318,8.367,8.417,8.491,8.652,8.686,8.74,8.798,8.889,8.917,8.962,9.034,9.087,9.191,9.211,9.293,9.344,9.412,9.509,9.597,9.692,9.744,9.78,9.841,9.882,9.923,nan,nan,nan,nan,nan,nan,nan,nan,nan,nan,nan,nan,nan,nan,nan,nan,nan,nan,nan,nan
0.039,0.086,0.135,0.179,0.208,0.348,0.411,0.452,0.494,0.586,0.655,0.894,0.927,0.946,0.969,0.998,1.118,1.154,1.269,1.321,1.375,1.4,1.598,1.692,1.82,1.861,1.97,1.991,2.044,2.18,2.385,2.513,2.664,2.854,2.894,2.931,2.969,2.993,3.115,3.199,3.225,3.312,3.336,3.495,3.586,3.737,3.8,3.872,3.939,3.983,4.033,4.056,4.072,4.124,4.157,4.236,4.324,4.366,4.464,4.573,4.606,4.735,4.775,4.803,4.835,4.866,4.92,4.975,5.055,5.075,5.162,5.23,5.308,5.415,5.689,5.709,5.771,5.824,5.859,6.08,6.127,6.166,6.189,6.277,6.305,6.527,6.633,6.674,6.742,6.77,6.856,6.935,7.046,7.216,7.323,7.359,7.477,7.49,7.514,7.556,7.59,7.661,7.767,7.81,7.882,7.946,8.021,8.088,8.199,8.277,8.294,8.346,8.423,8.472,8.493,8.527,8.542,8.716,8.75,8.816,8.853,8.929,9.05,9.104,9.121,9.153,9.213,9.349,9.395,9.444,9.507,9.536,9.572,9.592,9.694,9.725,9.751,9.783,9.889,nan,nan,nan,nan,nan,nan,nan,nan,nan,nan,nan,nan,nan,nan,nan,nan,nan,nan,nan
0.027,0.067,0.113,0.157,0.229,0.319,0.388,0.449,0.487,0.589,0.615,0.677,0.742,0.768,0.872,0.909,1.036,1.071,1.122,1.202,1.288,1.311,1.367,1.396,1.428,1.48,1.499,1.619,1.662,1.825,2.053,2.096,2.143,2.24,2.332,2.353,2.404,2.46,2.508,2.537,2.599,2.784,2.853,2.874,2.953,3.241,3.368,3.426,3.535,3.684,3.746,3.902,3.915,3.943,3.98,4.069,4.278,4.353,4.55,4.595,4.622,4.642,4.752,4.798,4.82,4.842,4.92,4.992,5.052,5.121,5.276,5.343,5.462,5.53,5.747,5.873,5.952,5.978,6.008,6.033,6.086,6.24,6.342,6.37,6.504,6.535,6.628,6.67,6.816,6.911,6.948,6.971,7.018,7.058,7.09,7.126,7.153,7.245,7.301,7.338,7.394,7.453,7.493,7.572,7.722,7.746,7.794,7.849,8.038,8.074,8.121,8.176,8.284,8.311,8.377,8.459,8.501,8.562,8.583,8.61,8.639,8.666,8.79,8.868,8.915,9.063,9.092,9.113,9.189,9.223,9.255,9.375,9.542,9.557,9.643,9.695,9.779,9.806,9.894,9.926,nan,nan,nan,nan,nan,nan,nan,nan,nan,nan,nan,nan,nan,nan,nan,nan,nan,nan
0.051,0.085,0.223,0.43,0.454,0.488,0.505,0.572,0.616,0.666,0.699,0.75,0.794,0.868,0.928,0.95,0.995,1.119,1.39,1.453,1.509,1.579,1.681,1.74,1.776,1.811,1.849,1.874,1.901,1.97,2.027,2.043,2.086,2.13,2.198,2.285,2.353,2.364,2.403,2.502,2.576,2.623,2.726,2.869,2.946,3.029,3.075,3.131,3.169,3.208,3.267,3.321,3.444,3.49,3.505,3.525,3.673,3.802,3.857,4.015,4.079,4.111,4.199,4.29,4.321,4.382,4.406,4.543,4.619,4.756,4.833,4.859,4.875,5.098,5.207,5.235,5.325,5.382,5.483,5.545,5.581,5.598,5.706,5.731,5.754,5.772,5.8,5.834,5.859,5.898,5.942,6.176,6.298,6.366,6.42,6.511,6.556,6.587,6.626,6.65,6.688,6.731,6.792,7.066,7.101,7.248,7.274,7.384,7.441,7.641,7.74,7.834,7.865,7.897,7.957,8.068,8.135,8.151,8.324,8.342,8.417,8.523,8.555,8.773,8.826,8.891,8.948,8.973,9.009,9.038,9.091,9.141,9.182,9.241,9.341,9.506,9.539,9.614,9.659,9.689,9.724,9.81,nan,nan,nan,nan,nan,nan,nan,nan,nan,nan,nan,nan,nan,nan,nan,nan
0.045,0.153,0.279,0.31,0.387,0.478,0.521,0.618,0.707,0.776,0.802,0.859,0.927,1.07,1.101,1.182,1.255,1.27,1.369,1.441,1.472,1.493,1.701,1.753,1.779,1.827,1.922,1.956,2.002,2.068,2.099,2.169,2.453,2.475,2.54,2.652,2.681,2.702,2.738,2.852,2.894,2.985,3.071,3.097,3.156,3.258,3.33,3.364,3.398,3.532,3.565,3.613,3.632,3.712,3.741,3.849,3.878,3.947,4.015,4.068,4.336,4.382,4.42,4.452,4.484,4.531,4.87,4.904,4.966,5.016,5.058,5.118,5.211,5.447,5.487,5.521,5.546,5.579,5.673,5.824,5.98,6.092,6.12,6.157,6.239,6.278,6.316,6.566,6.713,6.756,6.804,6.884,6.946,6.997,7.236,7.389,7.492,7.585,7.705,7.75,7.797,7.862,8.075,8.373,8.407,8.485,8.515,8.561,8.6,8.643,8.757,8.801,8.877,8.955,8.97,9.021,9.061,9.1,9.183,9.201,9.28,9.439,9.463,9.504,9.536,9.583,9.668,9.839,9.863,9.998,nan,nan,nan,nan,nan,nan,nan,nan,nan,nan,nan,nan,nan,nan,nan,nan,nan,nan,nan,nan,nan,nan,nan,nan,nan,nan,nan,nan
0.031,0.128,0.244,0.263,0.352,0.4,0.484,0.544,0.569,0.691,0.753,0.838,0.899,0.967,1.011,1.134,1.153,1.274,1.348,1.412,1.443,1.471,1.521,1.569,1.678,1.728,1.755,1.808,1.938,2.007,2.032,2.135,2.157,2.195,2.266,2.315,2.35,2.366,2.524,2.633,2.776,3.015,3.085,3.149,3.297,3.327,3.408,3.442,3.482,3.563,3.658,3.753,3.804,3.821,3.839,3.894,4.05,4.078,4.104,4.126,4.164,4.246,4.293,4.358,4.385,4.713,4.994,5.11,5.148,5.208,5.255,5.285,5.306,5.334,5.417,5.496,5.51,5.535,5.593,5.75,5.773,5.977,6.043,6.09,6.158,6.194,6.272,6.336,6.354,6.37,6.547,6.621,6.677,6.931,6.953,6.983,7.054,7.087,7.253,7.33,7.375,7.417,7.474,7.495,7.684,7.924,7.966,8.031,8.123,8.153,8.324,8.631,8.696,8.778,8.875,8.906,8.943,9.066,9.107,9.132,9.23,9.263,9.317,9.338,9.398,9.42,9.538,9.592,9.657,9.697,9.895,nan,nan,nan,nan,nan,nan,nan,nan,nan,nan,nan,nan,nan,nan,nan,nan,nan,nan,nan,nan,nan,nan,nan,nan,nan,nan,nan
0.071,0.093,0.118,0.135,0.154,0.236,0.272,0.294,0.321,0.338,0.506,0.683,0.832,0.989,1.072,1.1,1.154,1.207,1.288,1.334,1.382,1.538,1.557,1.654,1.743,1.776,1.868,1.963,1.997,2.087,2.247,2.273,2.314,2.348,2.421,2.445,2.507,2.59,2.617,2.646,2.681,2.771,2.819,2.904,2.937,2.995,3.025,3.138,3.264,3.32,3.543,3.647,3.735,4.02,4.075,4.118,4.2,4.227,4.262,4.289,4.463,4.573,4.622,4.775,4.81,4.84,4.866,4.889,4.952,4.971,5.019,5.209,5.323,5.356,5.49,5.584,5.623,5.68,5.698,5.75,5.784,5.855,5.995,6.083,6.218,6.269,6.357,6.421,6.565,6.588,6.677,6.707,6.831,6.873,6.951,7.057,7.085,7.161,7.363,7.402,7.456,7.539,7.574,7.724,7.773,7.846,8.026,8.073,8.142,8.189,8.269,8.331,8.413,8.481,8.561,8.629,8.709,8.738,8.935,8.958,8.999,9.037,9.199,9.248,9.274,9.301,9.45,9.518,9.592,9.739,9.779,9.816,nan,nan,nan,nan,nan,nan,nan,nan,nan,nan,nan,nan,nan,nan,nan,nan,nan,nan,nan,nan,nan,nan,nan,nan,nan,nan
0.067,0.128,0.146,0.178,0.317,0.365,0.397,0.428,0.649,0.728,0.785,0.844,0.889,0.919,0.942,0.999,1.041,1.094,1.127,1.222,1.242,1.373,1.43,1.453,1.48,1.595,1.638,1.768,1.799,1.834,1.858,1.887,1.925,1.986,2.01,2.034,2.092,2.111,2.158,2.206,2.232,2.329,2.391,2.463,2.596,2.681,2.73,2.794,2.869,2.89,2.94,3.045,3.078,3.149,3.191,3.478,3.504,3.543,3.575,3.619,3.639,3.718,3.757,4.006,4.168,4.247,4.304,4.368,4.522,4.58,4.642,4.719,4.745,4.773,4.796,4.892,4.918,4.943,5.051,5.252,5.277,5.292,5.325,5.422,5.53,5.557,5.603,5.666,5.794,5.848,5.882,5.928,5.96,6.009,6.046,6.275,6.357,6.398,6.424,6.485,6.504,6.565,6.61,6.661,6.699,6.879,6.955,6.978,6.999,7.058,7.128,7.165,7.285,7.544,7.632,7.692,7.739,7.802,7.835,7.855,7.87,7.934,7.993,8.048,8.097,8.26,8.32,8.367,8.386,8.477,8.548,8.582,8.609,8.705,8.751,8.88,8.92,9.096,9.133,9.207,9.272,9.29,9.49,9.502,9.522,9.539,9.567,9.618,9.729,9.792,9.885,9.959,9.996,nan,nan,nan,nan,nan
0.058,0.094,0.162,0.262,0.312,0.365,0.47,0.661,0.723,0.744,0.943,1.037,1.104,1.147,1.185,1.21,1.408,1.502,1.549,1.644,1.668,1.694,1.735,1.798,1.897,1.982,2.216,2.325,2.363,2.437,2.48,2.524,2.57,2.623,2.642,2.678,2.798,2.827,2.965,3.011,3.061,3.146,3.182,3.229,3.32,3.503,3.584,3.701,3.741,3.787,3.871,3.906,3.979,4.021,4.184,4.231,4.347,4.373,4.585,4.683,4.713,4.783,5.116,5.217,5.243,5.273,5.287,5.328,5.338,5.447,5.473,5.491,5.516,5.606,5.638,5.781,6.003,6.089,6.116,6.138,6.202,6.253,6.295,6.379,6.43,6.526,6.634,6.678,6.783,6.913,6.969,7.145,7.2,7.286,7.332,7.438,7.529,7.55,7.615,7.743,7.824,7.956,7.988,8.079,8.195,8.223,8.26,8.327,8.382,8.419,8.485,8.531,8.562,8.746,8.795,8.816,8.851,8.871,8.956,9.022,9.05,9.101,9.158,9.204,9.237,9.252,9.416,9.485,9.556,9.573,9.624,9.684,9.743,9.771,9.794,9.832,9.926,nan,nan,nan,nan,nan,nan,nan,nan,nan,nan,nan,nan,nan,nan,nan,nan,nan,nan,nan,nan,nan
0.059,0.098,0.121,0.165,0.268,0.328,0.371,0.414,0.46,0.611,0.678,0.739,0.885,0.914,0.973,1.007,1.047,1.067,1.101,1.17,1.222,1.244,1.426,1.442,1.467,1.583,1.618,1.722,1.748,1.794,1.859,1.9,1.964,2.043,2.079,2.195,2.248,2.354,2.383,2.429,2.541,2.582,2.611,2.702,2.881,2.922,3.033,3.193,3.315,3.395,3.419,3.486,3.526,3.647,3.671,3.756,3.898,4.019,4.064,4.105,4.243,4.277,4.356,4.448,4.511,4.555,4.58,4.676,4.781,4.811,4.839,4.969,4.981,5.027,5.045,5.06,5.114,5.155,5.253,5.318,5.381,5.409,5.513,5.573,5.602,5.662,5.69,5.713,5.727,5.8,5.843,5.904,5.966,5.981,5.999,6.121,6.162,6.177,6.192,6.45,6.48,6.52,6.611,6.811,6.851,6.88,6.899,6.991,7.035,7.071,7.116,7.144,7.185,7.383,7.466,7.514,7.614,7.652,7.694,7.77,7.879,7.945,7.983,8.007,8.077,8.107,8.125,8.215,8.274,8.304,8.343,8.362,8.48,8.54,8.567,8.587,8.674,8.713,8.777,8.802,8.869,8.959,8.996,9.025,9.101,9.137,9.167,9.18,9.253,9.435,9.538,9.573,9.602,9.652,9.705,9.907,9.972,nan
