0.03,0.255,0.334,0.419,0.591,0.626,0.704,0.762,0.818,1.015,1.096,1.132,1.18,1.262,1.287,1.321,1.474,1.508,1.525,1.669,1.799,1.969,2.091,2.117,2.156,2.334,2.371,2.501,2.574,2.697,2.929,2.978,3.008,3.1,3.204,3.371,3.421,3.553,3.602,3.783,3.847,3.985,4.149,4.415,4.476,4.563,4.6,4.682,4.747,4.85,4.975,5.026,5.13,5.206,5.298,5.334,5.355,5.388,5.529,5.615,5.692,5.735,5.79,5.86,5.911,6.028,6.064,6.109,6.176,6.198,6.287,6.347,6.395,6.442,6.47,6.498,6.547,6.613,6.629,6.67,6.728,6.821,6.855,6.913,7.001,7.206,7.429,7.45,7.521,7.664,7.741,7.835,7.917,7.97,7.998,8.032,8.102,8.132,8.145,8.208,8.301,8.326,8.376,8.661,8.894,8.943,8.995,9.124,9.167,9.209,9.372,9.408,9.628,9.682,9.742,9.868,9.899,9.931,9.989,10.036,10.059,10.38,10.404,10.44,10.472,10.513,10.562,10.677,10.744,10.781,10.815,10.904,10.949,11.026,11.064,11.097,11.2,11.243,11.283,11.362,11.447,11.486,11.601,11.711,11.747,11.79,11.817,11.857,11.922,11.988,12.061,12.159,12.19,12.458,12.554,12.584,12.642,12.692,12.761,12.835,12.984,13.032,13.084,13.2,13.262,13.349,13.429,13.452,13.528,13.587,13.622,13.787,13.876,13.902,13.915,13.959,13.994,14.095,14.148,14.423,14.539,14.652,14.734,14.755,14.803,14.923,15.003,15.148,15.184,15.378,15.425,15.572,15.694,15.758,15.792,15.822,15.899,16.101,16.142,16.29,16.528,16.547,16.621,16.709,16.731,16.788,16.853,16.89,16.956,16.976,16.992,17.017,17.082,17.161,17.18,17.203,17.253,17.274,17.299,17.375,17.589,17.644,17.681,17.778,17.847,18.03,18.114,18.169,18.224,18.292,18.352,18.459,18.512,18.531,18.612,18.65,18.67,18.773,18.861,18.975,19.027,19.096,19.134,19.179,19.266,19.358,19.459,19.528,19.545,19.586,19.668,19.731,19.765,19.789,19.825,19.902,nan,nan,nan,nan,nan,nan,nan,nan,nan,nan,nan,nan,nan,nan,nan,nan,nan,nan,nan,nan,nan,nan,nan,nan,nan,nan,nan,nan,nan,nan,nan,nan,nan,nan,nan,nan,nan,nan,nan,nan,nan,nan,nan,nan,nan,nan
0.05,0.129,0.188,0.212,0.595,0.735,0.767,0.815,0.889,0.956,1.026,1.091,1.236,1.444,1.461,1.51,1.673,1.702,1.744,1.798,1.832,1.966,2.073,2.101,2.147,2.292,2.341,2.433,2.485,2.654,2.711,2.792,2.832,2.882,2.913,2.993,3.01,3.111,3.137,3.231,3.337,3.395,3.517,3.602,3.7,3.88,3.913,3.977,4.036,4.079,4.105,4.148,4.276,4.385,4.437,4.58,4.606,4.72,4.86,4.89,4.917,4.968,5.106,5.189,5.234,5.309,5.376,5.531,5.582,5.641,5.665,5.816,5.878,6.008,6.042,6.085,6.112,6.188,6.238,6.263,6.299,6.371,6.391,6.514,6.636,6.665,6.833,6.922,6.958,6.984,7.047,7.184,7.204,7.271,7.311,7.429,7.519,7.542,7.563,7.661,7.704,7.739,7.793,7.867,7.955,7.989,8.031,8.359,8.41,8.556,8.588,8.61,8.712,8.738,8.864,8.952,8.987,9.045,9.066,9.162,9.344,9.361,9.431,9.623,9.708,9.864,9.982,10.091,10.194,10.255,10.352,10.383,10.401,10.659,10.759,10.836,10.847,10.925,11.056,11.091,11.203,11.232,11.511,11.549,11.611,11.703,11.773,11.874,11.913,11.942,11.975,12.212,12.341,12.388,12.568,12.686,12.718,12.738,12.835,12.932,12.985,13.014,13.134,13.23,13.259,13.379,13.437,13.704,13.736,13.809,13.909,14.149,14.261,14.293,14.333,14.353,14.428,14.47,14.518,14.55,14.629,14.673,14.699,14.838,14.866,14.97,15.008,15.045,15.137,15.171,15.254,15.271,15.318,15.356,15.445,15.632,15.683,15.715,15.786,15.901,15.981,16.057,16.189,16.213,16.244,16.323,16.403,16.496,16.746,16.796,16.821,16.863,16.887,16.958,17.027,17.061,17.122,17.226,17.304,17.38,17.469,17.496,17.595,17.667,17.695,17.776,17.823,17.864,17.92,17.976,18.041,18.083,18.178,18.256,18.343,18.392,18.405,18.533,18.552,18.622,18.676,18.896,18.939,19.009,19.088,19.132,19.172,19.195,19.282,19.316,19.353,19.445,19.477,19.505,19.577,19.667,19.711,19.738,19.914,nan,nan,nan,nan,nan,nan,nan,nan,nan,nan,nan,nan,nan,nan,nan,nan,nan,nan,nan,nan,nan,nan,nan,nan,nan,nan,nan,nan,nan,nan,nan,nan,nan,nan,nan,nan,nan,nan,nan,nan,nan,nan,nan
0.185,0.216,0.266,0.422,0.49,0.558,0.604,0.642,0.67,0.731,0.755,0.812,0.853,0.88,1.06,1.111,1.206,1.316,1.4,1.451,1.502,1.585,1.666,1.696,1.873,1.885,1.91,2.049,2.103,2.193,2.308,2.394,2.426,2.517,2.582,2.597,2.635,2.659,2.71,2.794,2.814,2.87,2.934,2.964,2.987,3.134,3.26,3.291,3.381,3.419,3.459,3.533,3.553,3.633,3.673,3.708,3.858,3.94,4.073,4.125,4.507,4.571,4.848,4.999,5.082,5.108,5.361,5.375,5.455,5.543,5.593,5.651,5.673,5.706,5.753,5.824,5.922,5.943,5.98,6.003,6.172,6.191,6.335,6.387,6.419,6.579,6.652,6.683,6.73,6.794,6.836,6.902,7.004,7.042,7.175,7.3,7.369,7.426,7.446,7.603,7.66,7.71,7.751,7.784,7.863,7.893,7.927,8.018,8.045,8.075,8.099,8.256,8.324,8.416,8.491,8.58,8.605,8.649,8.734,8.993,9.073,9.095,9.117,9.152,9.205,9.288,9.491,9.601,9.655,9.713,9.773,9.87,9.89,9.941,9.967,10.013,10.072,10.114,10.177,10.209,10.234,10.321,10.391,10.46,10.48,10.503,10.526,10.55,10.563,10.663,10.741,10.753,10.828,10.942,11.185,11.252,11.283,11.394,11.448,11.479,11.555,11.751,11.816,11.954,12.069,12.096,12.132,12.208,12.271,12.559,12.582,12.637,12.808,12.827,12.906,12.936,12.981,13.006,13.078,13.138,13.313,13.369,13.405,13.579,13.619,13.655,13.791,13.81,13.831,13.933,13.98,14.029,14.153,14.321,14.488,14.751,14.799,14.827,14.879,14.897,14.959,14.996,15.121,15.169,15.253,15.361,15.424,15.498,15.56,15.594,15.619,15.676,15.731,15.768,16.057,16.078,16.162,16.196,16.213,16.298,16.388,16.449,16.56,16.661,16.758,16.808,16.936,16.99,17.063,17.186,17.219,17.377,17.408,17.471,17.569,17.675,17.753,17.833,17.97,18.069,18.192,18.235,18.277,18.43,18.566,18.634,18.663,18.697,18.953,19.02,19.084,19.207,19.385,19.567,19.685,19.719,19.779,19.866,19.898,19.963,nan,nan,nan,nan,nan,nan,nan,nan,nan,nan,nan,nan,nan,nan,nan,nan,nan,nan,nan,nan,nan,nan,nan,nan,nan,nan,nan,nan,nan,nan,nan,nan,nan,nan,nan,nan,nan,nan,nan,nan,nan,nan
0.08,0.123,0.153,0.173,0.204,0.265,0.293,0.386,0.428,0.506,0.568,0.602,0.667,0.722,0.805,0.825,0.918,0.969,1.152,1.248,1.307,1.357,1.376,1.479,1.574,1.638,1.693,1.728,1.937,2.065,2.151,2.323,2.367,2.459,2.541,2.624,2.734,2.774,2.911,3.037,3.282,3.367,3.39,3.407,3.446,3.464,3.577,3.617,3.647,3.801,3.868,3.946,4.038,4.069,4.1,4.141,4.173,4.223,4.39,4.461,4.584,4.668,4.701,4.79,4.818,4.846,4.906,5.111,5.148,5.256,5.283,5.337,5.392,5.419,5.475,5.521,5.596,5.61,5.644,5.691,5.799,5.821,5.869,5.901,5.954,5.993,6.021,6.048,6.113,6.208,6.239,6.272,6.325,6.478,6.5,6.592,6.663,6.702,6.829,6.852,6.948,7.048,7.083,7.114,7.175,7.206,7.308,7.355,7.575,7.692,7.742,7.792,7.956,8.059,8.084,8.157,8.332,8.363,8.519,8.694,8.843,8.87,8.888,8.998,9.023,9.201,9.226,9.273,9.311,9.389,9.439,9.49,9.575,9.674,9.733,9.9,9.936,9.951,9.995,10.02,10.051,10.113,10.176,10.223,10.284,10.334,10.369,10.403,10.458,10.495,10.515,10.569,10.585,10.631,10.698,10.733,10.828,10.885,10.935,10.991,11.137,11.23,11.263,11.346,11.409,11.484,11.669,11.73,11.792,11.813,11.856,11.895,12.048,12.113,12.134,12.235,12.26,12.299,12.342,12.465,12.543,12.714,12.835,12.854,12.943,13.024,13.077,13.113,13.199,13.231,13.278,13.367,13.461,13.505,13.537,13.572,13.714,13.796,13.846,13.95,14.086,14.168,14.246,14.274,14.39,14.451,14.486,14.52,14.551,14.622,14.641,14.692,14.76,14.857,14.929,14.984,15.016,15.164,15.203,15.252,15.27,15.311,15.377,15.405,15.445,15.489,15.519,15.548,15.609,15.644,15.726,15.772,15.81,15.978,15.99,16.108,16.247,16.264,16.282,16.309,16.42,16.468,16.512,16.554,16.603,16.634,16.654,16.724,16.825,17.029,17.08,17.113,17.335,17.449,17.515,17.643,17.75,17.797,17.876,17.902,17.974,18.074,18.108,18.212,18.242,18.278,18.44,18.562,18.641,18.686,18.728,18.83,18.855,18.888,18.997,19.119,19.163,19.178,19.322,19.374,19.454,19.592,19.682,19.712,19.764,19.952,19.994,nan,nan,nan,nan,nan,nan,nan,nan,nan,nan,nan,nan,nan,nan,nan
0.17,0.207,0.29,0.388,0.437,0.471,0.517,0.548,0.617,0.637,0.748,0.786,0.814,0.855,0.875,0.906,0.99,1.016,1.049,1.083,1.132,1.196,1.34,1.363,1.469,1.519,1.553,1.597,1.632,1.71,1.85,1.912,1.948,2.009,2.074,2.182,2.225,2.372,2.41,2.485,2.524,2.582,2.62,2.709,2.742,2.787,2.841,2.908,2.967,2.998,3.041,3.091,3.188,3.225,3.391,3.444,3.52,3.595,3.651,3.729,3.755,3.872,3.995,4.065,4.105,4.165,4.286,4.435,4.479,4.594,4.623,4.66,4.744,4.816,5.044,5.107,5.128,5.224,5.329,5.404,5.464,5.51,5.657,5.707,5.805,5.937,5.98,6.01,6.064,6.122,6.144,6.221,6.241,6.296,6.309,6.353,6.484,6.537,6.653,6.683,6.743,6.76,6.941,6.969,6.991,7.023,7.036,7.053,7.2,7.222,7.247,7.338,7.372,7.463,7.55,7.607,7.633,7.748,7.876,7.913,7.979,8.013,8.105,8.246,8.392,8.441,8.486,8.514,8.585,8.622,8.744,8.847,8.916,9.163,9.297,9.333,9.348,9.545,9.601,9.742,9.794,9.823,9.883,9.92,9.945,9.978,10.003,10.122,10.151,10.306,10.402,10.434,10.468,10.495,10.553,10.587,10.611,10.676,10.69,10.889,10.971,11.072,11.21,11.293,11.37,11.428,11.521,11.534,11.655,11.67,11.711,11.776,11.804,11.878,11.922,11.938,11.982,12.024,12.055,12.093,12.261,12.299,12.446,12.518,12.55,12.607,12.814,12.85,12.956,12.977,13.005,13.075,13.114,13.158,13.176,13.258,13.297,13.53,13.583,13.638,13.718,13.736,13.768,13.922,13.936,14.012,14.039,14.104,14.289,14.375,14.416,14.467,14.525,14.583,14.69,14.78,14.86,14.911,15.051,15.106,15.3,15.378,15.42,15.457,15.541,15.571,15.803,15.851,15.881,16.09,16.221,16.276,16.315,16.372,16.456,16.531,16.548,16.596,16.633,16.67,16.833,16.868,17.068,17.114,17.164,17.291,17.324,17.36,17.376,17.655,17.736,17.767,17.788,17.833,17.852,17.895,17.956,18.042,18.13,18.177,18.204,18.297,18.344,18.423,18.481,18.535,18.562,18.579,18.632,18.702,18.825,18.898,18.944,18.989,19.074,19.128,19.167,19.233,19.386,19.412,19.47,19.508,19.552,19.607,19.757,19.793,19.851,19.886,nan,nan,nan,nan,nan,nan,nan,nan,nan,nan,nan,nan,nan,nan
0.087,0.139,0.185,0.212,0.25,0.29,0.31,0.343,0.401,0.429,0.476,0.508,0.622,0.641,0.678,0.718,0.751,0.788,0.899,0.95,0.977,1.182,1.226,1.344,1.457,1.578,1.613,1.635,1.727,1.812,1.939,2.013,2.067,2.087,2.197,2.249,2.351,2.394,2.478,2.574,2.713,2.751,2.884,3.134,3.188,3.345,3.389,3.554,3.744,3.791,3.828,3.864,3.942,4.007,4.028,4.044,4.132,4.16,4.198,4.224,4.25,4.273,4.379,4.461,4.536,4.591,4.635,4.79,4.874,4.926,5.001,5.052,5.084,5.131,5.15,5.183,5.3,5.327,5.419,5.54,5.598,5.716,5.742,5.87,5.903,6.124,6.199,6.339,6.436,6.463,6.519,6.548,6.691,6.72,6.764,6.829,6.899,7.038,7.166,7.198,7.279,7.363,7.481,7.54,7.578,7.597,7.653,7.741,7.816,7.852,7.881,7.969,8.093,8.178,8.21,8.247,8.28,8.297,8.346,8.377,8.41,8.485,8.634,8.74,8.877,8.924,9.006,9.07,9.164,9.19,9.265,9.292,9.368,9.474,9.526,9.553,9.579,9.725,9.76,9.863,9.912,10.011,10.055,10.07,10.154,10.251,10.36,10.394,10.432,10.47,10.556,10.592,10.611,10.642,10.664,10.741,10.862,11.312,11.335,11.35,11.418,11.466,11.562,11.589,11.638,11.779,11.804,11.818,11.969,11.986,12.076,12.135,12.287,12.33,12.386,12.462,12.506,12.572,12.643,12.683,12.7,12.731,12.771,12.794,12.887,12.928,13.047,13.071,13.141,13.275,13.333,13.504,13.547,13.578,13.649,13.699,13.72,13.756,13.833,13.896,13.948,14.248,14.272,14.347,14.38,14.434,14.619,14.791,14.939,15.002,15.107,15.147,15.351,15.4,15.451,15.481,15.52,15.578,15.604,15.675,15.757,15.891,15.94,16.034,16.054,16.148,16.222,16.261,16.292,16.441,16.601,16.655,16.706,16.773,16.818,16.863,16.963,17.038,17.132,17.23,17.338,17.379,17.395,17.549,17.594,17.621,17.799,17.859,17.974,18.009,18.031,18.066,18.123,18.181,18.226,18.377,18.441,18.501,18.519,18.575,18.64,18.751,18.798,18.857,18.892,19.058,19.085,19.126,19.216,19.262,19.341,19.409,19.427,19.545,19.649,19.706,19.868,19.985,nan,nan,nan,nan,nan,nan,nan,nan,nan,nan,nan,nan,nan,nan,nan,nan,nan,nan,nan,nan,nan,nan,nan,nan
0.057,0.102,0.127,0.158,0.254,0.36,0.458,0.484,0.531,0.66,0.751,0.783,1.047,1.138,1.167,1.211,1.251,1.347,1.414,1.434,1.579,1.604,1.844,1.986,2.02,2.06,2.205,2.227,2.306,2.322,2.339,2.366,2.449,2.498,2.609,2.677,2.713,2.817,2.887,3.003,3.074,3.135,3.157,3.242,3.337,3.419,3.437,3.455,3.569,3.634,3.704,3.754,3.815,3.843,3.88,3.955,3.99,4.023,4.121,4.187,4.223,4.344,4.594,4.644,4.755,4.881,4.918,4.998,5.017,5.066,5.113,5.216,5.331,5.419,5.486,5.507,5.602,5.632,5.713,5.747,5.778,5.821,5.844,5.949,6.0,6.025,6.135,6.211,6.228,6.312,6.418,6.462,6.616,6.684,6.726,6.744,6.763,6.841,6.92,6.941,7.117,7.198,7.293,7.362,7.399,7.425,7.497,7.586,7.639,7.675,7.702,7.743,7.791,7.871,7.948,7.982,8.166,8.209,8.24,8.287,8.336,8.38,8.436,8.524,8.578,8.644,8.664,8.721,8.766,8.845,8.925,9.058,9.222,9.263,9.381,9.414,9.482,9.559,9.594,9.667,9.782,9.803,9.956,10.08,10.145,10.295,10.326,10.35,10.428,10.462,10.517,10.571,10.61,10.671,10.77,10.906,10.991,11.115,11.194,11.242,11.265,11.444,11.478,11.609,11.902,11.919,11.989,12.096,12.146,12.173,12.22,12.563,12.614,12.695,12.732,12.887,13.013,13.18,13.323,13.382,13.456,13.479,13.522,13.563,13.709,13.744,13.773,13.92,13.955,14.0,14.075,14.122,14.142,14.237,14.273,14.315,14.403,14.46,14.488,14.604,14.707,14.754,14.798,14.881,14.941,15.048,15.069,15.122,15.285,15.321,15.358,15.423,15.602,15.743,15.765,15.778,15.871,15.958,15.975,16.056,16.137,16.312,16.357,16.514,16.626,16.67,16.805,16.848,16.888,17.053,17.065,17.168,17.226,17.261,17.407,17.476,17.51,17.568,17.613,17.639,17.703,17.757,18.205,18.236,18.266,18.332,18.408,18.433,18.51,18.572,18.614,18.697,18.733,18.821,18.846,18.9,18.986,19.024,19.094,19.287,19.312,19.371,19.48,19.507,19.593,19.777,19.857,19.95,nan,nan,nan,nan,nan,nan,nan,nan,nan,nan,nan,nan,nan,nan,nan,nan,nan,nan,nan,nan,nan,nan,nan,nan,nan,nan,nan,nan,nan,nan,nan,nan,nan,nan
0.048,0.163,0.247,0.366,0.466,0.53,0.582,0.618,0.685,0.703,0.866,1.101,1.219,1.264,1.286,1.42,1.503,1.53,1.568,1.597,1.739,1.799,1.855,1.887,1.912,1.993,2.079,2.109,2.174,2.236,2.349,2.49,2.516,2.575,2.594,2.621,2.64,2.788,2.819,2.869,2.943,3.029,3.063,3.118,3.141,3.187,3.199,3.228,3.26,3.337,3.388,3.504,3.6,3.693,3.715,3.76,3.8,3.817,3.863,4.081,4.106,4.14,4.217,4.257,4.334,4.576,4.668,4.739,4.839,4.995,5.027,5.047,5.124,5.202,5.326,5.438,5.529,5.64,5.659,5.724,5.94,5.986,6.041,6.076,6.104,6.164,6.33,6.375,6.42,6.499,6.552,6.599,6.631,6.715,6.813,6.842,6.98,7.098,7.167,7.27,7.303,7.332,7.389,7.432,7.46,7.582,7.789,7.918,8.014,8.039,8.122,8.156,8.202,8.273,8.296,8.33,8.354,8.465,8.5,8.543,8.581,8.625,8.698,8.73,8.812,8.839,8.906,8.942,8.986,9.096,9.16,9.268,9.352,9.522,9.565,9.584,9.615,9.767,9.873,9.993,10.053,10.072,10.092,10.109,10.148,10.38,10.503,10.618,10.657,10.703,10.752,10.788,10.851,10.874,10.894,10.912,10.961,11.011,11.142,11.378,11.402,11.605,11.642,11.683,11.804,11.828,12.005,12.201,12.249,12.277,12.382,12.418,12.571,12.682,12.769,12.79,12.905,13.053,13.094,13.115,13.223,13.315,13.351,13.385,13.401,13.467,13.501,13.541,13.688,13.707,13.761,13.818,13.995,14.037,14.189,14.24,14.274,14.32,14.481,14.532,14.548,14.684,14.708,14.766,14.847,14.97,15.011,15.111,15.214,15.448,15.483,15.614,15.643,15.684,15.712,15.755,15.771,15.805,15.882,15.904,15.953,15.984,16.145,16.248,16.314,16.385,16.456,16.508,16.593,16.666,16.681,16.697,16.719,16.781,16.928,16.99,17.081,17.169,17.185,17.337,17.362,17.477,17.522,17.706,17.737,17.888,17.928,17.958,17.987,18.159,18.205,18.255,18.282,18.304,18.349,18.55,18.605,18.704,18.786,18.879,19.024,19.062,19.193,19.235,19.28,19.39,19.42,19.48,19.517,19.583,19.624,19.697,19.727,19.877,19.925,nan,nan,nan,nan,nan,nan,nan,nan,nan,nan,nan,nan,nan,nan,nan,nan,nan,nan,nan,nan,nan,nan,nan,nan,nan,nan,nan
0.045,0.139,0.225,0.279,0.313,0.367,0.386,0.409,0.438,0.462,0.612,0.73,0.886,0.929,1.024,1.063,1.231,1.286,1.366,1.473,1.576,1.709,1.843,1.912,1.978,2.005,2.03,2.117,2.155,2.299,2.338,2.384,2.41,2.629,2.876,2.91,2.936,3.02,3.076,3.147,3.181,3.215,3.276,3.296,3.38,3.399,3.511,3.587,3.649,3.737,3.807,3.985,4.015,4.06,4.106,4.15,4.185,4.271,4.295,4.365,4.399,4.455,4.504,4.663,4.737,4.762,4.788,4.851,4.889,5.001,5.028,5.091,5.211,5.341,5.452,5.56,5.661,5.708,5.744,5.774,5.804,5.876,6.043,6.144,6.233,6.263,6.332,6.373,6.444,6.487,6.542,6.607,6.666,6.783,7.079,7.212,7.287,7.31,7.338,7.384,7.456,7.498,7.514,7.541,7.586,7.628,7.719,7.804,7.876,7.927,8.182,8.235,8.379,8.47,8.536,8.582,8.618,8.652,8.673,8.705,8.753,8.784,8.918,8.961,9.099,9.146,9.193,9.233,9.273,9.371,9.393,9.423,9.568,9.691,9.727,9.792,9.851,9.906,10.006,10.042,10.11,10.19,10.266,10.304,10.325,10.451,10.478,10.556,10.597,10.679,10.739,10.77,10.811,10.849,10.866,10.911,10.937,10.968,11.045,11.1,11.117,11.173,11.192,11.297,11.344,11.436,11.512,11.532,11.582,11.656,11.705,11.772,11.809,11.833,11.881,11.978,12.204,12.298,12.394,12.446,12.519,12.633,12.767,12.813,12.832,12.86,12.891,12.97,13.065,13.23,13.307,13.33,13.457,13.479,13.535,13.612,13.796,13.831,13.929,13.947,14.077,14.177,14.209,14.27,14.293,14.422,14.494,14.516,14.626,14.779,14.864,14.881,14.961,15.125,15.153,15.322,15.361,15.621,15.666,15.727,15.808,15.845,15.947,16.067,16.128,16.228,16.273,16.381,16.475,16.497,16.746,16.857,16.922,17.098,17.152,17.317,17.343,17.426,17.457,17.496,17.534,17.65,17.74,17.792,17.836,17.925,18.028,18.064,18.129,18.161,18.288,18.321,18.439,18.494,18.548,18.576,18.682,18.731,18.838,18.944,19.098,19.193,19.221,19.363,19.444,19.507,19.628,19.66,19.762,19.836,19.892,nan,nan,nan,nan,nan,nan,nan,nan,nan,nan,nan,nan,nan,nan,nan,nan,nan,nan,nan,nan,nan,nan,nan,nan,nan,nan,nan,nan,nan,nan,nan
0.039,0.094,0.132,0.174,0.371,0.392,0.451,0.493,0.516,0.542,0.603,0.662,0.718,0.858,0.943,1.031,1.069,1.093,1.141,1.339,1.431,1.536,1.557,1.69,1.738,1.859,1.947,1.978,1.994,2.024,2.089,2.119,2.168,2.213,2.315,2.398,2.547,2.617,2.647,2.787,2.856,2.917,3.122,3.155,3.198,3.273,3.322,3.351,3.436,3.462,3.499,3.628,3.807,3.905,4.141,4.265,4.416,4.463,4.527,4.74,4.816,4.845,4.929,5.034,5.095,5.189,5.271,5.302,5.337,5.369,5.389,5.433,5.476,5.535,5.663,5.782,5.841,5.883,5.926,6.02,6.114,6.158,6.189,6.235,6.279,6.366,6.414,6.51,6.57,6.655,6.782,6.846,6.888,6.932,6.969,7.033,7.072,7.161,7.196,7.227,7.36,7.373,7.403,7.449,7.485,7.551,7.566,7.583,7.63,7.659,7.713,7.728,7.779,7.835,7.923,7.964,8.036,8.09,8.15,8.183,8.24,8.295,8.33,8.388,8.491,8.843,8.898,8.929,9.204,9.274,9.321,9.413,9.472,9.554,9.64,9.711,9.801,9.857,9.974,10.028,10.22,10.299,10.345,10.411,10.481,10.518,10.623,10.656,10.782,10.848,10.885,10.993,11.093,11.135,11.209,11.229,11.289,11.468,11.638,11.715,11.852,11.871,11.934,11.992,12.086,12.143,12.26,12.375,12.434,12.461,12.649,12.673,12.731,12.796,12.835,12.911,12.965,13.056,13.086,13.131,13.175,13.288,13.354,13.378,13.436,13.455,13.476,13.572,13.623,13.717,13.763,13.786,13.835,13.869,13.911,13.953,13.992,14.027,14.061,14.149,14.198,14.254,14.278,14.304,14.358,14.404,14.475,14.58,14.622,14.794,14.819,14.849,14.882,14.948,14.971,15.01,15.063,15.12,15.169,15.341,15.421,15.462,15.5,15.531,15.61,15.646,15.677,15.731,15.784,15.806,15.89,15.965,16.024,16.072,16.276,16.317,16.352,16.406,16.445,16.555,16.614,16.637,16.656,16.677,16.809,16.899,17.032,17.07,17.237,17.254,17.329,17.361,17.434,17.552,17.686,17.778,17.826,17.9,18.041,18.111,18.157,18.307,18.354,18.398,18.434,18.512,18.63,18.682,18.739,18.784,18.883,19.096,19.17,19.207,19.243,19.27,19.313,19.348,19.391,19.553,19.711,19.739,19.762,19.854,19.92,nan,nan,nan,nan,nan,nan,nan,nan,nan,nan,nan,nan,nan,nan,nan,nan,nan
0.033,0.086,0.133,0.172,0.218,0.268,0.333,0.385,0.474,0.517,0.547,0.602,0.727,0.773,0.815,0.974,1.039,1.092,1.104,1.208,1.287,1.453,1.481,1.499,1.561,1.616,1.756,1.898,2.098,2.13,2.197,2.226,2.311,2.49,2.523,2.536,2.571,2.588,2.618,2.667,2.734,2.746,2.807,2.857,2.889,3.016,3.045,3.102,3.141,3.283,3.329,3.388,3.498,3.656,3.732,3.767,3.813,3.849,3.988,4.005,4.047,4.076,4.122,4.193,4.251,4.277,4.293,4.37,4.471,4.514,4.65,4.813,4.862,4.892,4.927,4.958,4.998,5.014,5.044,5.098,5.165,5.287,5.356,5.416,5.498,5.586,5.604,5.689,5.741,5.838,6.001,6.05,6.12,6.181,6.221,6.248,6.342,6.593,6.614,6.633,6.69,6.705,6.803,6.833,6.912,6.952,6.992,7.089,7.154,7.197,7.214,7.241,7.279,7.348,7.422,7.45,7.547,7.753,7.792,7.867,8.067,8.132,8.194,8.226,8.334,8.543,8.784,8.806,8.819,8.869,9.011,9.161,9.216,9.259,9.381,9.404,9.432,9.482,9.51,9.54,9.595,9.711,9.755,9.897,9.916,9.958,9.983,10.009,10.041,10.105,10.253,10.315,10.461,10.489,10.56,10.609,10.631,10.756,10.819,10.877,10.911,10.988,11.061,11.234,11.313,11.351,11.413,11.438,11.459,11.551,11.635,11.68,11.709,11.739,11.785,11.97,12.165,12.239,12.444,12.488,12.573,12.741,12.769,12.842,12.957,13.087,13.113,13.386,13.562,13.613,13.65,13.723,13.816,13.861,13.921,13.973,13.996,14.03,14.164,14.26,14.351,14.445,14.509,14.562,14.59,14.656,14.731,14.758,14.791,14.81,14.852,14.892,14.956,15.009,15.076,15.107,15.144,15.287,15.394,15.458,15.566,15.611,15.684,15.727,15.75,15.765,15.817,15.853,15.914,15.948,15.979,16.106,16.342,16.376,16.4,16.537,16.673,16.747,16.789,16.802,16.856,16.891,16.966,17.033,17.059,17.075,17.217,17.243,17.271,17.336,17.449,17.552,17.687,17.744,17.783,17.833,17.896,17.926,17.977,18.023,18.069,18.093,18.137,18.171,18.235,18.279,18.335,18.356,18.551,18.584,18.621,18.668,18.706,18.741,18.779,18.893,18.908,18.931,19.003,19.064,19.116,19.3,19.35,19.388,19.45,19.473,19.512,19.56,19.574,19.619,19.744,19.799,19.876,19.925,19.955,nan,nan,nan,nan,nan,nan,nan
0.049,0.098,0.131,0.215,0.333,0.395,0.449,0.568,0.613,0.637,0.683,0.761,0.835,0.997,1.018,1.066,1.086,1.11,1.275,1.343,1.418,1.448,1.472,1.492,1.59,1.622,1.754,1.865,1.887,1.973,2.087,2.195,2.242,2.436,2.589,2.739,2.769,2.807,2.838,2.922,2.938,3.008,3.056,3.19,3.243,3.285,3.318,3.335,3.508,3.562,3.618,3.645,3.695,3.755,3.791,3.864,3.928,3.966,4.054,4.149,4.264,4.299,4.346,4.438,4.473,4.517,4.571,4.61,4.633,4.677,4.687,4.741,4.766,4.802,4.959,4.991,5.035,5.174,5.357,5.374,5.454,5.531,5.595,5.656,5.804,5.952,6.079,6.182,6.221,6.259,6.377,6.584,6.685,6.722,6.771,6.824,6.856,6.873,6.905,7.04,7.058,7.12,7.147,7.289,7.403,7.46,7.529,7.552,7.602,7.819,7.897,7.927,7.978,7.996,8.058,8.096,8.126,8.252,8.336,8.398,8.529,8.667,8.785,8.804,8.965,9.028,9.122,9.215,9.259,9.302,9.407,9.445,9.534,9.566,9.597,9.723,9.818,9.845,9.878,9.969,10.06,10.151,10.2,10.243,10.277,10.33,10.387,10.489,10.591,10.717,10.791,10.932,11.006,11.05,11.074,11.21,11.281,11.418,11.501,11.649,11.673,11.738,11.793,11.891,12.062,12.3,12.366,12.393,12.482,12.531,12.608,12.653,12.736,12.79,12.81,12.844,12.986,13.069,13.16,13.192,13.22,13.248,13.331,13.394,13.43,13.651,13.731,13.759,13.849,13.879,13.972,13.991,14.153,14.485,14.508,14.549,14.581,14.636,14.694,14.717,14.769,14.802,14.916,14.929,14.948,14.981,15.016,15.232,15.31,15.353,15.379,15.462,15.493,15.526,15.671,15.761,15.796,15.872,15.905,15.964,15.993,16.039,16.111,16.165,16.214,16.258,16.295,16.331,16.425,16.485,16.516,16.539,16.595,16.662,16.702,16.732,16.949,16.982,17.097,17.21,17.279,17.312,17.356,17.381,17.434,17.454,17.475,17.522,17.564,17.696,17.879,17.936,17.976,18.021,18.039,18.121,18.16,18.172,18.317,18.378,18.414,18.477,18.619,18.633,18.662,18.695,18.755,18.782,18.876,19.129,19.221,19.413,19.524,19.572,19.636,19.688,19.718,19.787,19.869,nan,nan,nan,nan,nan,nan,nan,nan,nan,nan,nan,nan,nan,nan,nan,nan,nan,nan,nan,nan,nan,nan,nan
0.056,0.092,0.178,0.249,0.381,0.443,0.555,0.572,0.605,0.83,0.875,0.908,1.014,1.138,1.185,1.2,1.278,1.313,1.413,1.448,1.581,1.631,1.656,1.737,1.773,1.802,1.862,1.889,1.93,1.965,2.016,2.09,2.186,2.209,2.3,2.319,2.361,2.399,2.429,2.478,2.524,2.583,2.61,2.701,2.73,2.787,2.998,3.031,3.071,3.102,3.138,3.186,3.24,3.381,3.399,3.663,3.721,3.783,3.885,3.957,4.053,4.22,4.249,4.296,4.327,4.357,4.47,4.5,4.518,4.686,4.721,4.762,4.944,5.034,5.097,5.157,5.267,5.323,5.34,5.379,5.419,5.524,5.657,5.672,5.693,5.812,5.924,6.057,6.138,6.251,6.29,6.312,6.371,6.406,6.424,6.446,6.63,6.703,6.728,6.85,7.008,7.022,7.199,7.22,7.258,7.362,7.4,7.45,7.482,7.703,7.747,7.774,7.838,7.894,7.954,7.981,8.037,8.091,8.133,8.161,8.222,8.27,8.321,8.369,8.486,8.725,8.763,8.904,8.942,9.067,9.122,9.154,9.391,9.432,9.57,9.741,9.783,9.841,9.965,10.043,10.118,10.146,10.172,10.298,10.347,10.385,10.48,10.54,10.906,10.933,11.061,11.124,11.159,11.19,11.266,11.29,11.394,11.426,11.471,11.529,11.762,11.81,11.866,11.881,11.975,12.06,12.167,12.193,12.241,12.381,12.448,12.568,12.598,12.653,12.7,12.726,12.75,12.772,12.811,12.919,13.014,13.062,13.126,13.181,13.252,13.278,13.322,13.353,13.375,13.469,13.498,13.591,13.617,13.64,13.681,13.707,13.744,13.828,13.893,13.927,14.042,14.08,14.105,14.222,14.246,14.323,14.358,14.4,14.507,14.561,14.632,14.663,14.707,14.738,14.762,14.85,14.898,14.937,15.01,15.027,15.077,15.313,15.412,15.484,15.534,15.576,15.603,15.632,15.705,15.718,15.813,15.869,15.914,15.959,16.059,16.148,16.358,16.38,16.424,16.585,16.633,16.684,16.732,16.756,16.822,16.971,16.986,17.051,17.07,17.174,17.24,17.274,17.327,17.37,17.419,17.536,17.571,17.753,17.811,17.839,17.878,17.951,18.116,18.443,18.601,18.613,18.708,18.821,18.853,18.896,19.054,19.138,19.173,19.308,19.381,19.427,19.471,19.56,19.611,19.711,19.819,19.868,19.902,19.961,nan,nan,nan,nan,nan,nan,nan,nan,nan,nan,nan,nan,nan,nan,nan,nan,nan,nan
0.098,0.12,0.142,0.229,0.312,0.355,0.56,0.589,0.63,0.691,0.754,0.812,0.85,0.869,0.91,0.968,1.012,1.062,1.098,1.162,1.246,1.396,1.451,1.506,1.53,1.553,1.644,1.708,1.801,1.827,1.853,1.881,1.917,1.94,1.985,2.023,2.327,2.355,2.588,2.745,2.787,2.846,2.921,2.938,2.983,3.164,3.226,3.34,3.359,3.408,3.458,3.484,3.534,3.598,3.67,3.731,3.792,3.905,3.963,4.001,4.024,4.16,4.18,4.188,4.213,4.36,4.375,4.433,4.475,4.637,4.72,4.779,4.908,5.017,5.095,5.14,5.161,5.233,5.26,5.37,5.483,5.528,5.731,5.792,5.841,5.875,5.96,6.094,6.169,6.287,6.347,6.374,6.455,6.497,6.528,6.554,6.625,6.69,6.78,6.797,6.82,6.906,7.036,7.205,7.239,7.27,7.295,7.344,7.404,7.507,7.592,7.609,7.705,7.815,7.851,7.871,7.908,7.954,7.99,8.075,8.144,8.179,8.255,8.438,8.501,8.566,8.6,8.659,8.759,8.869,8.927,8.96,9.016,9.094,9.105,9.223,9.28,9.365,9.473,9.521,9.605,9.639,9.677,9.744,9.771,9.797,9.849,10.002,10.04,10.091,10.186,10.235,10.266,10.296,10.431,10.463,10.539,10.561,10.6,10.671,10.703,10.733,10.753,10.817,10.975,11.0,11.063,11.104,11.125,11.239,11.277,11.296,11.382,11.414,11.463,11.547,11.622,11.663,11.713,11.787,11.842,11.907,12.024,12.049,12.099,12.233,12.308,12.391,12.488,12.526,12.685,12.714,12.748,12.84,12.944,13.008,13.037,13.079,13.11,13.257,13.434,13.46,13.536,13.645,13.74,13.788,13.89,13.926,14.047,14.132,14.221,14.253,14.409,14.501,14.534,14.592,14.635,14.673,14.801,14.966,15.0,15.048,15.155,15.276,15.377,15.408,15.457,15.473,15.569,15.615,15.644,15.731,15.772,15.93,15.991,16.073,16.12,16.154,16.182,16.266,16.38,16.424,16.484,16.542,16.671,16.777,17.047,17.29,17.317,17.397,17.429,17.462,17.588,17.637,17.776,17.909,17.956,17.988,18.183,18.229,18.274,18.438,18.526,18.66,18.764,18.798,18.896,19.035,19.11,19.131,19.258,19.381,19.435,19.583,19.645,19.675,19.755,19.944,19.996,nan,nan,nan,nan,nan,nan,nan,nan,nan,nan,nan,nan,nan,nan,nan,nan,nan,nan,nan,nan,nan,nan,nan
0.068,0.116,0.162,0.194,0.252,0.365,0.471,0.617,0.688,0.72,0.764,0.829,0.921,1.088,1.122,1.153,1.189,1.249,1.374,1.403,1.424,1.504,1.68,1.772,1.806,1.843,1.864,1.945,2.11,2.138,2.27,2.361,2.434,2.469,2.575,2.615,2.697,2.745,2.775,2.797,2.813,2.871,2.913,3.011,3.099,3.126,3.173,3.211,3.249,3.281,3.375,3.446,3.461,3.593,3.625,3.736,3.798,3.889,3.951,4.026,4.08,4.198,4.213,4.267,4.286,4.315,4.341,4.359,4.376,4.486,4.52,4.618,4.647,4.807,4.899,4.981,5.013,5.055,5.167,5.321,5.409,5.438,5.566,5.616,5.685,5.754,5.787,5.834,5.865,5.899,5.996,6.079,6.109,6.23,6.449,6.482,6.568,6.604,6.639,6.767,6.854,6.889,6.924,7.083,7.101,7.196,7.489,7.591,7.616,7.771,7.793,7.816,7.833,7.886,7.934,7.959,8.022,8.036,8.103,8.122,8.205,8.271,8.445,8.487,8.527,8.563,8.607,8.657,8.725,8.772,8.838,8.919,9.014,9.051,9.139,9.349,9.401,9.433,9.495,9.528,9.616,9.642,9.755,9.818,9.86,9.889,9.907,9.978,10.063,10.088,10.16,10.192,10.29,10.328,10.376,10.426,10.509,10.549,10.593,10.664,10.694,10.752,10.789,10.843,10.895,10.936,11.032,11.062,11.136,11.179,11.261,11.301,11.374,11.642,11.721,11.824,11.874,11.913,11.949,11.992,12.19,12.25,12.312,12.633,12.702,12.744,12.777,12.878,12.94,13.005,13.041,13.141,13.275,13.289,13.516,13.55,13.596,13.655,13.674,13.751,13.789,13.812,13.94,13.989,14.105,14.183,14.282,14.373,14.438,14.477,14.617,14.651,14.685,14.7,14.895,14.944,14.972,14.986,15.065,15.216,15.365,15.432,15.608,15.66,15.81,15.838,15.909,15.943,15.98,16.036,16.095,16.254,16.301,16.336,16.504,16.667,16.765,16.8,16.88,16.945,17.016,17.054,17.081,17.098,17.137,17.2,17.22,17.289,17.403,17.55,17.575,17.664,17.694,17.75,17.807,17.846,17.93,17.981,18.052,18.084,18.107,18.156,18.278,18.337,18.348,18.421,18.46,18.649,18.725,18.783,18.817,18.85,18.921,18.949,18.973,19.003,19.031,19.054,19.097,19.232,19.263,19.344,19.408,19.454,19.499,19.546,19.625,19.734,19.755,19.802,19.844,19.908,19.941,19.961,nan,nan,nan,nan,nan,nan,nan,nan
0.119,0.167,0.221,0.266,0.38,0.413,0.53,0.548,0.627,0.651,0.672,0.867,0.939,0.979,1.003,1.022,1.066,1.085,1.141,1.264,1.306,1.415,1.547,1.582,1.668,1.851,2.024,2.107,2.24,2.304,2.41,2.469,2.591,2.628,2.712,2.752,2.797,2.884,2.924,3.02,3.042,3.199,3.274,3.336,3.393,3.421,3.525,3.567,3.589,3.628,3.66,3.699,3.754,3.792,3.817,3.859,3.942,3.967,4.197,4.219,4.248,4.36,4.401,4.428,4.449,4.483,4.515,4.569,4.624,4.654,4.671,4.69,4.723,4.855,5.033,5.134,5.161,5.227,5.302,5.333,5.445,5.503,5.624,5.837,5.931,5.961,5.996,6.035,6.068,6.097,6.124,6.186,6.258,6.279,6.553,6.65,6.754,6.792,6.918,6.967,7.057,7.114,7.159,7.173,7.254,7.369,7.456,7.487,7.509,7.543,7.588,7.653,7.679,7.722,7.752,7.776,7.836,7.851,7.939,8.083,8.161,8.197,8.235,8.355,8.478,8.524,8.556,8.631,8.738,8.821,8.9,8.931,8.98,9.086,9.15,9.201,9.285,9.371,9.465,9.599,9.614,9.676,9.748,9.828,9.873,9.889,9.926,10.015,10.142,10.177,10.286,10.362,10.479,10.51,10.546,10.596,10.718,10.758,10.787,10.826,11.025,11.056,11.128,11.148,11.267,11.517,11.551,11.629,11.713,11.737,11.757,11.86,11.938,11.972,12.04,12.073,12.123,12.213,12.273,12.293,12.33,12.364,12.414,12.477,12.523,12.562,12.662,12.699,12.934,12.993,13.095,13.222,13.255,13.309,13.382,13.437,13.562,13.589,13.627,13.787,13.835,13.886,13.914,14.199,14.223,14.265,14.3,14.359,14.398,14.452,14.498,14.609,14.657,14.876,14.943,14.966,14.989,15.092,15.217,15.252,15.297,15.381,15.395,15.467,15.559,15.579,15.626,15.947,16.085,16.114,16.153,16.175,16.228,16.257,16.335,16.368,16.397,16.431,16.478,16.52,16.562,16.676,16.743,16.822,16.895,16.985,17.071,17.122,17.223,17.253,17.278,17.312,17.368,17.494,17.666,17.689,17.744,17.762,17.952,18.032,18.069,18.18,18.436,18.463,18.574,18.63,18.663,18.739,18.832,18.85,18.891,18.941,18.973,19.029,19.174,19.213,19.318,19.359,19.395,19.539,19.578,19.607,19.72,19.807,19.913,19.946,nan,nan,nan,nan,nan,nan,nan,nan,nan,nan,nan,nan,nan,nan,nan,nan
0.08,0.106,0.13,0.261,0.366,0.55,0.671,0.716,0.765,0.83,0.89,0.933,0.978,1.088,1.109,1.17,1.24,1.343,1.369,1.431,1.474,1.523,1.578,1.653,1.753,1.78,1.831,2.03,2.118,2.175,2.208,2.261,2.298,2.346,2.391,2.532,2.612,2.665,2.759,2.859,2.932,2.962,3.011,3.075,3.159,3.214,3.248,3.319,3.415,3.466,3.518,3.607,3.654,3.721,3.749,3.865,3.959,3.98,4.069,4.274,4.362,4.44,4.482,4.545,4.561,4.676,4.78,4.885,4.981,5.027,5.121,5.187,5.269,5.309,5.368,5.388,5.485,5.58,5.625,5.663,5.701,5.946,6.014,6.074,6.249,6.275,6.305,6.318,6.478,6.524,6.63,6.655,6.743,6.788,6.852,6.904,6.928,6.951,7.184,7.352,7.375,7.426,7.513,7.656,7.685,7.745,7.794,8.0,8.104,8.15,8.189,8.241,8.358,8.385,8.413,8.484,8.537,8.576,8.612,8.68,8.86,9.101,9.4,9.452,9.599,9.677,9.775,9.818,9.882,9.961,10.14,10.242,10.364,10.393,10.418,10.466,10.571,10.62,10.651,10.679,10.745,10.873,10.928,10.99,11.049,11.085,11.162,11.226,11.319,11.418,11.685,11.979,12.037,12.128,12.283,12.533,12.585,12.645,12.705,12.74,13.011,13.088,13.15,13.199,13.282,13.331,13.395,13.417,13.453,13.578,13.643,13.805,13.911,13.932,13.967,14.074,14.108,14.132,14.194,14.234,14.33,14.386,14.408,14.507,14.52,14.536,14.598,14.634,14.651,14.83,14.864,14.958,14.984,15.009,15.098,15.14,15.311,15.372,15.392,15.431,15.499,15.684,15.813,15.898,16.084,16.175,16.229,16.289,16.367,16.635,16.679,16.723,16.785,16.865,16.907,17.008,17.096,17.13,17.156,17.248,17.275,17.297,17.361,17.412,17.467,17.492,17.605,17.838,17.911,17.934,17.986,18.031,18.084,18.11,18.152,18.232,18.273,18.306,18.375,18.41,18.441,18.499,18.582,18.686,18.722,18.738,18.762,18.787,18.806,18.826,18.95,18.972,19.019,19.091,19.263,19.38,19.439,19.498,19.518,19.59,19.634,19.673,19.722,19.745,19.773,19.811,19.851,19.908,19.966,nan,nan,nan,nan,nan,nan,nan,nan,nan,nan,nan,nan,nan,nan,nan,nan,nan,nan,nan,nan,nan,nan,nan,nan,nan,nan,nan,nan,nan,nan,nan,nan,nan
0.034,0.06,0.119,0.268,0.379,0.481,0.546,0.63,0.851,0.872,0.9,0.931,0.994,1.049,1.082,1.103,1.133,1.194,1.301,1.38,1.397,1.462,1.491,1.503,1.559,1.593,1.93,1.954,2.016,2.06,2.121,2.197,2.249,2.325,2.384,2.51,2.526,2.578,2.601,2.799,2.868,2.892,2.933,2.993,3.095,3.126,3.181,3.282,3.347,3.486,3.517,3.56,3.625,3.716,3.758,3.795,3.928,3.962,4.068,4.106,4.198,4.256,4.402,4.483,4.669,4.697,4.768,4.862,4.899,4.98,5.014,5.042,5.069,5.225,5.259,5.306,5.34,5.471,5.503,5.55,5.567,5.581,5.615,5.674,5.712,5.725,5.82,5.845,5.906,5.919,6.02,6.149,6.184,6.205,6.292,6.336,6.357,6.499,6.542,6.585,6.674,6.697,6.753,6.783,6.956,7.004,7.106,7.139,7.187,7.215,7.288,7.323,7.399,7.522,7.578,7.596,7.651,7.702,7.742,7.759,7.793,7.845,7.878,7.923,7.966,8.03,8.068,8.102,8.152,8.215,8.332,8.37,8.415,8.481,8.502,8.568,8.768,8.855,8.958,8.995,9.079,9.121,9.181,9.206,9.233,9.25,9.358,9.394,9.421,9.496,9.542,9.571,9.608,9.624,9.714,9.74,9.867,10.039,10.107,10.132,10.524,10.649,10.723,10.873,10.895,10.948,11.135,11.164,11.292,11.325,11.389,11.431,11.463,11.538,11.657,11.837,11.882,11.93,12.014,12.096,12.186,12.217,12.291,12.336,12.358,12.389,12.476,12.54,12.584,12.617,12.698,12.762,12.929,13.028,13.11,13.166,13.229,13.293,13.366,13.406,13.424,13.446,13.571,13.613,13.696,13.822,13.898,13.999,14.047,14.066,14.083,14.205,14.241,14.28,14.32,14.505,14.526,14.561,14.638,14.666,14.814,14.834,14.849,14.888,14.926,15.105,15.137,15.163,15.249,15.345,15.375,15.403,15.445,15.548,15.584,15.642,15.764,15.815,15.894,15.945,16.001,16.093,16.275,16.297,16.309,16.369,16.453,16.502,16.545,16.667,16.73,16.759,16.809,16.891,16.922,17.058,17.109,17.14,17.302,17.361,17.395,17.441,17.497,17.59,17.628,17.682,17.818,17.857,17.952,17.976,18.01,18.21,18.371,18.436,18.513,18.566,18.741,18.787,18.845,18.933,19.02,19.058,19.078,19.12,19.155,19.277,19.344,19.546,19.604,19.699,19.755,19.834,19.87,19.902,nan,nan,nan,nan,nan,nan,nan,nan
0.066,0.194,0.255,0.354,0.387,0.479,0.54,0.567,0.605,0.707,0.742,0.806,0.862,0.892,0.945,1.049,1.087,1.29,1.454,1.614,1.67,1.699,1.752,1.835,1.891,1.995,2.128,2.161,2.212,2.255,2.306,2.457,2.546,2.571,2.663,2.727,2.774,2.792,3.012,3.077,3.099,3.269,3.378,3.412,3.507,3.65,3.729,3.762,3.777,3.832,3.89,3.927,4.014,4.162,4.271,4.349,4.389,4.41,4.449,4.665,4.715,4.806,4.838,4.877,4.923,4.947,5.001,5.075,5.097,5.206,5.285,5.317,5.335,5.41,5.448,5.527,5.716,5.761,5.78,5.834,5.889,5.947,5.978,6.051,6.18,6.244,6.309,6.417,6.473,6.501,6.543,6.623,6.704,6.747,6.899,6.966,7.143,7.174,7.437,7.463,7.526,7.73,7.752,7.791,7.88,7.934,7.976,8.152,8.245,8.349,8.384,8.42,8.44,8.507,8.532,8.565,8.616,8.807,8.859,9.014,9.169,9.188,9.239,9.285,9.356,9.389,9.421,9.485,9.692,9.732,9.758,9.833,9.854,9.908,9.996,10.018,10.097,10.146,10.202,10.31,10.331,10.398,10.418,10.482,10.528,10.59,10.621,10.732,10.798,10.827,10.851,10.957,10.988,11.034,11.077,11.148,11.204,11.246,11.379,11.421,11.51,11.538,11.566,11.813,11.919,11.983,12.036,12.135,12.224,12.326,12.378,12.415,12.448,12.483,12.545,12.589,12.691,12.735,12.763,12.848,12.9,12.943,12.98,13.063,13.242,13.352,13.394,13.473,13.517,13.548,13.58,13.625,13.685,13.733,13.891,13.933,14.003,14.041,14.088,14.156,14.175,14.31,14.341,14.422,14.47,14.523,14.678,14.703,14.755,14.826,14.854,14.897,14.974,15.015,15.055,15.132,15.327,15.376,15.441,15.474,15.618,15.66,15.719,15.737,15.845,15.888,15.983,16.084,16.118,16.277,16.425,16.477,16.504,16.56,16.6,16.649,16.687,16.707,16.864,16.891,16.941,16.971,17.038,17.071,17.117,17.307,17.342,17.362,17.547,17.645,17.721,17.857,17.893,17.939,18.022,18.172,18.313,18.362,18.381,18.424,18.492,18.528,18.569,18.61,18.705,18.748,18.82,18.861,18.896,18.926,18.986,19.047,19.169,19.215,19.363,19.438,19.465,19.537,19.572,19.649,19.707,19.744,19.767,19.794,19.874,19.91,19.984,nan,nan,nan,nan,nan,nan,nan,nan,nan,nan,nan,nan,nan,nan,nan
0.084,0.126,0.242,0.26,0.338,0.432,0.524,0.55,0.583,0.655,0.84,0.906,1.06,1.208,1.363,1.409,1.438,1.467,1.511,1.59,1.656,1.755,1.822,1.858,2.033,2.132,2.268,2.317,2.371,2.41,2.502,2.577,2.656,2.705,2.723,2.871,2.913,2.974,3.026,3.123,3.149,3.542,3.584,3.665,3.702,3.728,3.774,3.822,3.861,3.901,3.983,4.036,4.083,4.255,4.288,4.301,4.443,4.603,4.633,4.799,4.85,4.874,4.916,4.981,5.012,5.039,5.091,5.152,5.198,5.234,5.301,5.46,5.482,5.756,5.768,5.883,5.903,5.927,5.999,6.06,6.082,6.134,6.189,6.224,6.248,6.288,6.334,6.391,6.423,6.446,6.503,6.668,6.916,6.957,6.978,7.038,7.096,7.141,7.172,7.333,7.357,7.41,7.494,7.509,7.531,7.638,7.67,7.723,7.762,7.793,7.864,7.888,7.956,7.977,8.046,8.185,8.284,8.364,8.396,8.523,8.8,8.833,8.94,8.969,8.996,9.075,9.137,9.182,9.246,9.318,9.336,9.469,9.5,9.535,9.574,9.593,9.608,9.779,9.833,9.872,9.933,9.972,10.045,10.147,10.181,10.336,10.377,10.413,10.44,10.514,10.587,10.742,10.805,10.889,10.955,10.985,11.06,11.089,11.179,11.244,11.362,11.604,11.664,11.876,11.952,11.987,12.007,12.081,12.174,12.235,12.412,12.463,12.518,12.554,12.639,12.678,12.766,12.818,12.866,12.959,13.0,13.06,13.14,13.196,13.259,13.307,13.366,13.44,13.47,13.797,13.994,14.092,14.259,14.38,14.426,14.508,14.586,14.632,14.741,14.804,14.874,14.928,15.033,15.089,15.128,15.172,15.191,15.282,15.327,15.347,15.37,15.533,15.564,15.583,15.682,15.75,15.866,15.967,16.021,16.052,16.066,16.18,16.215,16.322,16.383,16.404,16.576,16.712,16.745,16.885,16.985,17.058,17.112,17.177,17.226,17.309,17.349,17.409,17.674,17.742,17.807,17.826,17.893,17.919,17.946,18.04,18.084,18.153,18.184,18.341,18.545,18.584,18.644,18.707,18.779,18.808,18.863,18.971,19.084,19.112,19.219,19.332,19.379,19.414,19.534,19.574,19.648,19.735,19.867,nan,nan,nan,nan,nan,nan,nan,nan,nan,nan,nan,nan,nan,nan,nan,nan,nan,nan,nan,nan,nan,nan,nan,nan,nan,nan,nan,nan,nan,nan,nan,nan,nan
0.042,0.146,0.168,0.191,0.311,0.382,0.43,0.492,0.525,0.547,0.588,0.65,0.722,0.837,0.926,1.005,1.095,1.227,1.272,1.315,1.53,1.617,1.65,1.819,1.865,1.95,2.0,2.031,2.089,2.14,2.165,2.252,2.371,2.451,2.523,2.647,2.709,2.776,2.796,2.821,2.874,2.959,2.998,3.044,3.065,3.14,3.229,3.319,3.339,3.359,3.424,3.463,3.505,3.526,3.551,3.765,3.824,3.942,4.03,4.172,4.249,4.29,4.41,4.513,4.536,4.594,4.647,4.698,4.844,4.876,4.996,5.038,5.09,5.141,5.167,5.203,5.245,5.331,5.409,5.46,5.497,5.515,5.533,5.575,5.656,5.69,5.764,5.788,5.866,5.92,5.954,5.999,6.093,6.114,6.174,6.224,6.253,6.293,6.322,6.368,6.405,6.525,6.736,6.786,7.023,7.07,7.093,7.147,7.191,7.318,7.367,7.548,7.666,7.769,7.795,7.856,7.873,7.947,7.999,8.106,8.165,8.212,8.251,8.265,8.392,8.514,8.565,8.675,8.717,8.784,9.0,9.026,9.056,9.13,9.154,9.235,9.358,9.398,9.417,9.473,9.528,9.711,9.757,9.88,9.944,10.044,10.109,10.136,10.173,10.331,10.369,10.427,10.484,10.609,10.64,10.73,10.817,10.893,10.91,11.055,11.251,11.319,11.362,11.385,11.476,11.541,11.631,11.674,11.733,11.82,11.832,11.988,12.008,12.2,12.352,12.447,12.505,12.682,12.7,12.737,12.781,12.8,12.874,13.026,13.093,13.199,13.296,13.361,13.449,13.472,13.541,13.563,13.608,13.641,13.671,13.704,13.741,13.759,13.779,13.834,13.938,13.978,14.002,14.039,14.092,14.137,14.248,14.331,14.385,14.423,14.616,14.692,14.765,14.785,14.809,15.118,15.307,15.592,15.61,15.734,15.856,15.891,15.965,16.091,16.156,16.176,16.192,16.229,16.257,16.297,16.574,16.664,16.755,16.79,16.872,16.959,17.035,17.139,17.267,17.467,17.52,17.879,17.941,17.953,18.087,18.131,18.164,18.201,18.228,18.365,18.4,18.541,18.608,18.645,18.674,18.735,18.759,18.798,18.937,19.005,19.12,19.241,19.297,19.338,19.376,19.488,19.513,19.615,19.644,19.73,19.767,19.798,19.926,19.968,nan,nan,nan,nan,nan,nan,nan,nan,nan,nan,nan,nan,nan,nan,nan,nan,nan,nan,nan,nan,nan,nan,nan,nan,nan,nan,nan,nan
0.069,0.158,0.174,0.212,0.259,0.332,0.389,0.4,0.591,0.61,0.709,0.759,0.85,0.923,0.961,1.028,1.203,1.276,1.412,1.454,1.471,1.531,1.575,1.628,1.677,1.734,1.778,1.932,2.034,2.068,2.205,2.259,2.313,2.491,2.526,2.57,2.631,2.655,2.752,2.788,2.858,2.942,2.972,3.242,3.278,3.316,3.337,3.358,3.525,3.641,3.71,3.741,3.853,4.04,4.192,4.255,4.304,4.383,4.425,4.476,4.707,4.772,4.98,5.125,5.182,5.291,5.406,5.429,5.615,5.733,5.773,5.865,5.905,5.937,5.993,6.035,6.052,6.189,6.303,6.324,6.415,6.473,6.513,6.608,6.642,6.668,6.734,6.768,6.789,6.867,6.964,7.111,7.165,7.195,7.223,7.297,7.442,7.469,7.541,7.646,7.74,7.891,7.92,8.047,8.139,8.183,8.229,8.286,8.389,8.412,8.454,8.521,8.591,8.618,8.665,8.71,8.739,8.759,8.775,8.894,9.007,9.047,9.119,9.242,9.267,9.364,9.413,9.6,9.663,9.682,9.738,9.769,9.873,9.896,9.915,9.96,10.029,10.123,10.173,10.315,10.37,10.392,10.557,10.642,10.706,10.745,10.882,11.043,11.104,11.147,11.279,11.318,11.338,11.358,11.453,11.475,11.521,11.596,11.631,11.654,11.684,11.799,11.863,12.004,12.129,12.206,12.232,12.358,12.489,12.584,12.632,12.68,12.709,12.725,12.749,12.8,12.854,12.974,13.116,13.238,13.343,13.407,13.488,13.545,13.646,13.669,13.745,13.867,14.039,14.083,14.108,14.232,14.37,14.505,14.599,14.708,14.747,14.816,14.875,14.936,15.003,15.077,15.153,15.335,15.386,15.485,15.571,15.659,15.7,15.721,15.794,15.935,16.02,16.256,16.337,16.44,16.486,16.674,16.724,16.833,16.975,17.024,17.12,17.216,17.422,17.439,17.572,17.598,17.671,17.712,17.732,17.808,17.844,17.971,18.096,18.196,18.215,18.237,18.28,18.332,18.376,18.423,18.502,18.596,18.617,18.657,18.697,19.096,19.135,19.285,19.332,19.363,19.377,19.474,19.564,19.642,19.799,19.887,19.963,nan,nan,nan,nan,nan,nan,nan,nan,nan,nan,nan,nan,nan,nan,nan,nan,nan,nan,nan,nan,nan,nan,nan,nan,nan,nan,nan,nan,nan,nan,nan,nan,nan,nan,nan,nan,nan,nan,nan,nan,nan,nan,nan
0.067,0.1,0.172,0.219,0.3,0.43,0.461,0.51,0.827,0.897,0.973,1.026,1.116,1.179,1.256,1.311,1.335,1.369,1.415,1.471,1.531,1.604,1.625,1.661,1.778,1.813,1.911,2.036,2.163,2.183,2.217,2.262,2.289,2.351,2.385,2.403,2.487,2.562,2.655,2.69,2.73,2.773,2.791,2.884,2.941,3.097,3.195,3.221,3.241,3.329,3.342,3.362,3.392,3.596,3.67,3.713,3.754,3.832,3.902,4.014,4.046,4.068,4.116,4.233,4.27,4.341,4.406,4.448,4.53,4.627,4.666,4.825,4.845,4.907,4.981,5.035,5.075,5.173,5.202,5.346,5.399,5.448,5.524,5.571,5.607,5.695,5.764,5.853,5.944,5.98,6.013,6.122,6.144,6.227,6.31,6.38,6.426,6.492,6.523,6.539,6.557,6.582,6.654,6.756,6.773,6.864,7.006,7.067,7.103,7.14,7.201,7.247,7.344,7.372,7.506,7.535,7.721,7.746,7.794,7.806,7.844,7.884,7.955,8.04,8.067,8.103,8.257,8.35,8.389,8.416,8.554,8.599,8.642,8.664,8.692,8.724,8.791,8.84,8.915,8.96,9.061,9.164,9.389,9.427,9.461,9.614,9.642,9.701,9.745,9.767,9.905,9.985,10.018,10.132,10.255,10.385,10.467,10.494,10.55,10.607,10.64,10.677,10.722,10.879,10.924,10.952,11.009,11.066,11.143,11.198,11.245,11.29,11.314,11.342,11.388,11.449,11.522,11.586,11.666,11.686,11.76,11.791,11.83,11.872,11.905,12.027,12.063,12.215,12.278,12.311,12.362,12.454,12.472,12.658,12.701,12.746,12.819,12.878,13.015,13.084,13.146,13.209,13.249,13.352,13.395,13.436,13.472,13.56,13.583,13.64,13.719,13.751,13.765,13.778,13.792,14.009,14.089,14.15,14.169,14.233,14.284,14.313,14.476,14.521,14.642,14.748,14.769,14.831,14.936,15.01,15.091,15.152,15.221,15.25,15.403,15.425,15.486,15.528,15.548,15.583,15.653,15.695,15.787,15.809,15.884,15.917,16.026,16.169,16.294,16.362,16.424,16.475,16.543,16.601,16.728,16.755,16.871,17.029,17.052,17.163,17.219,17.264,17.375,17.548,17.585,17.747,17.838,17.866,17.887,17.918,18.021,18.04,18.113,18.173,18.201,18.24,18.256,18.441,18.53,18.667,18.806,18.933,18.967,19.058,19.103,19.152,19.185,19.272,19.349,19.401,19.432,19.456,19.485,19.531,19.573,19.597,19.645,19.777,19.806,19.851,19.907,19.944
0.163,0.192,0.223,0.315,0.344,0.381,0.418,0.454,0.49,0.506,0.527,0.55,0.606,0.642,0.664,0.757,0.886,0.951,0.972,1.033,1.077,1.114,1.233,1.255,1.324,1.381,1.4,1.418,1.445,1.485,1.509,1.569,1.63,1.684,1.844,1.875,1.905,1.937,1.965,2.056,2.102,2.161,2.177,2.211,2.236,2.281,2.306,2.58,2.821,2.868,2.9,3.0,3.075,3.138,3.152,3.29,3.431,3.471,3.512,3.59,3.655,3.738,3.944,4.011,4.039,4.085,4.167,4.255,4.271,4.314,4.398,4.47,4.496,4.572,4.592,4.619,4.699,4.778,4.797,4.918,5.028,5.125,5.188,5.225,5.25,5.273,5.34,5.37,5.379,5.408,5.438,5.568,5.592,5.623,5.76,5.82,5.858,5.883,5.898,5.929,5.956,6.029,6.103,6.16,6.184,6.325,6.489,6.578,6.759,6.792,6.878,6.983,7.006,7.033,7.065,7.128,7.233,7.306,7.346,7.438,7.551,7.739,7.763,7.788,7.856,7.91,7.939,8.023,8.167,8.244,8.359,8.43,8.525,8.717,8.755,8.808,8.853,8.881,8.995,9.068,9.113,9.148,9.188,9.248,9.318,9.359,9.521,9.555,9.606,9.717,9.74,9.762,9.913,10.01,10.064,10.232,10.284,10.314,10.348,10.389,10.443,10.49,10.537,10.574,10.63,10.703,10.775,10.839,10.9,11.035,11.105,11.217,11.268,11.335,11.398,11.468,11.53,11.622,11.641,11.663,11.737,11.758,11.924,11.955,12.03,12.111,12.178,12.208,12.274,12.294,12.345,12.528,12.559,12.613,12.845,12.949,12.987,13.024,13.059,13.175,13.21,13.41,13.444,13.525,13.553,13.577,13.691,13.766,13.812,13.97,14.009,14.183,14.327,14.379,14.398,14.421,14.486,14.537,14.559,14.589,14.662,14.766,14.792,14.863,14.941,14.982,15.058,15.226,15.258,15.428,15.528,15.648,15.766,15.789,15.841,15.865,15.907,15.975,16.009,16.079,16.1,16.139,16.22,16.356,16.428,16.624,16.688,16.722,16.794,16.836,16.874,16.929,17.005,17.035,17.1,17.135,17.167,17.182,17.306,17.339,17.416,17.464,17.499,17.518,17.713,17.769,17.942,18.038,18.142,18.246,18.31,18.364,18.392,18.516,18.586,18.712,18.763,18.805,18.844,18.979,19.086,19.12,19.282,19.299,19.387,19.417,19.473,19.498,19.654,19.819,19.844,19.898,19.933,nan,nan,nan,nan,nan,nan,nan,nan,nan
0.036,0.114,0.171,0.19,0.289,0.305,0.352,0.39,0.449,0.493,0.522,0.581,0.692,0.707,0.753,0.792,0.842,1.057,1.104,1.187,1.26,1.331,1.395,1.48,1.522,1.607,1.638,1.703,1.737,1.781,1.828,1.9,1.951,2.13,2.199,2.28,2.3,2.371,2.406,2.439,2.467,2.517,2.543,2.617,2.675,2.738,2.786,2.894,2.927,2.95,3.054,3.115,3.183,3.299,3.413,3.435,3.513,3.543,3.586,3.927,3.999,4.181,4.215,4.303,4.353,4.395,4.462,4.539,4.632,4.67,4.689,4.738,4.86,4.909,4.938,4.995,5.018,5.083,5.124,5.355,5.473,5.549,5.569,5.61,5.641,5.74,5.81,5.862,5.92,5.967,5.988,6.023,6.065,6.089,6.121,6.171,6.234,6.268,6.291,6.337,6.359,6.373,6.404,6.538,6.569,6.631,6.672,6.701,6.77,6.832,6.886,6.942,7.0,7.119,7.189,7.347,7.465,7.533,7.605,7.658,7.693,7.753,7.807,7.949,8.02,8.051,8.091,8.104,8.135,8.209,8.284,8.316,8.386,8.412,8.468,8.538,8.608,8.705,8.754,8.874,9.11,9.15,9.197,9.236,9.278,9.323,9.429,9.501,9.589,9.603,9.658,9.764,9.858,9.955,9.977,10.015,10.25,10.354,10.457,10.492,10.608,10.711,10.78,10.867,10.894,10.942,11.054,11.112,11.141,11.18,11.201,11.271,11.303,11.407,11.452,11.47,11.534,11.578,11.606,11.653,11.691,11.785,11.835,11.872,11.943,12.007,12.061,12.119,12.15,12.178,12.204,12.238,12.269,12.318,12.453,12.568,12.609,12.633,12.686,12.742,13.048,13.071,13.101,13.153,13.233,13.258,13.33,13.386,13.422,13.468,13.514,13.542,13.566,13.642,13.681,13.788,13.809,13.859,13.913,14.047,14.175,14.212,14.234,14.444,14.57,14.76,14.792,14.925,14.954,14.995,15.017,15.053,15.231,15.266,15.43,15.494,15.597,15.637,15.721,15.877,15.917,15.98,16.011,16.117,16.194,16.213,16.388,16.47,16.513,16.635,16.741,16.866,17.036,17.08,17.166,17.214,17.241,17.328,17.424,17.468,17.539,17.622,17.633,17.715,17.866,17.96,18.092,18.122,18.158,18.242,18.269,18.319,18.352,18.377,18.46,18.509,18.557,18.62,18.645,18.683,18.78,18.865,18.897,18.99,19.053,19.11,19.231,19.273,19.316,19.367,19.51,19.55,19.592,19.698,19.742,19.914,19.986,nan,nan,nan,nan,nan
0.05,0.168,0.308,0.413,0.47,0.494,0.653,0.686,0.743,0.778,0.907,1.034,1.061,1.173,1.24,1.28,1.329,1.354,1.543,1.567,1.753,1.859,1.9,1.96,1.988,2.133,2.322,2.387,2.662,2.69,2.83,2.972,3.224,3.256,3.286,3.335,3.412,3.467,3.498,3.553,3.725,3.802,3.879,3.979,4.022,4.104,4.249,4.287,4.416,4.489,4.534,4.75,4.819,4.856,4.945,5.027,5.07,5.198,5.383,5.444,5.545,5.574,5.615,5.663,5.695,5.874,5.979,6.032,6.089,6.294,6.396,6.466,6.639,6.803,6.852,6.88,6.9,7.073,7.122,7.154,7.206,7.284,7.325,7.354,7.475,7.509,7.573,7.681,7.718,7.766,7.956,8.055,8.113,8.145,8.316,8.372,8.48,8.609,8.755,8.811,8.883,8.979,9.105,9.14,9.199,9.279,9.429,9.522,9.549,9.603,9.62,9.735,9.897,9.927,9.966,10.05,10.154,10.25,10.298,10.407,10.444,10.521,10.619,10.646,10.738,10.772,10.997,11.053,11.106,11.137,11.224,11.259,11.271,11.519,11.601,11.685,11.785,11.922,11.991,12.083,12.112,12.149,12.391,12.407,12.479,12.52,12.571,12.725,12.77,12.886,12.96,13.096,13.156,13.27,13.292,13.318,13.421,13.581,13.69,13.72,13.762,13.913,13.945,13.978,14.093,14.127,14.204,14.239,14.272,14.382,14.483,14.504,14.549,14.618,14.639,14.669,14.783,14.814,14.836,14.951,14.997,15.14,15.175,15.195,15.505,15.543,15.57,15.609,15.64,15.706,15.788,15.867,15.917,16.013,16.035,16.075,16.122,16.164,16.196,16.275,16.375,16.397,16.475,16.503,16.55,16.61,16.675,16.703,16.8,16.822,16.867,16.929,17.012,17.051,17.142,17.182,17.2,17.314,17.423,17.447,17.493,17.53,17.571,17.714,17.806,17.88,17.954,17.985,18.04,18.178,18.261,18.52,18.675,18.699,18.855,19.056,19.138,19.242,19.333,19.355,19.414,19.57,19.608,19.664,19.776,19.799,19.85,nan,nan,nan,nan,nan,nan,nan,nan,nan,nan,nan,nan,nan,nan,nan,nan,nan,nan,nan,nan,nan,nan,nan,nan,nan,nan,nan,nan,nan,nan,nan,nan,nan,nan,nan,nan,nan,nan,nan,nan,nan,nan,nan,nan,nan,nan,nan,nan,nan,nan,nan,nan,nan,nan,nan
0.126,0.157,0.218,0.656,0.689,0.752,0.83,0.861,1.021,1.055,1.099,1.176,1.234,1.262,1.349,1.395,1.425,1.482,1.516,1.583,1.65,1.671,1.722,1.805,1.866,1.908,1.986,2.022,2.112,2.18,2.219,2.309,2.345,2.486,2.517,2.538,2.584,2.632,2.677,2.708,2.721,2.789,2.817,2.85,2.948,2.993,3.137,3.151,3.193,3.222,3.238,3.276,3.391,3.442,3.569,3.583,3.63,3.669,3.753,3.902,3.925,4.021,4.08,4.1,4.2,4.228,4.252,4.347,4.391,4.44,4.48,4.56,4.592,4.683,4.746,4.894,5.043,5.073,5.164,5.241,5.253,5.438,5.701,5.776,5.839,5.888,5.909,5.93,5.971,6.022,6.121,6.154,6.333,6.457,6.49,6.603,6.656,6.7,6.74,6.813,6.836,6.904,6.923,6.961,7.042,7.293,7.395,7.449,7.5,7.583,7.651,7.683,7.725,7.766,7.857,7.9,7.929,8.031,8.065,8.154,8.2,8.242,8.344,8.516,8.606,8.682,8.705,8.773,8.794,8.818,8.848,8.882,9.073,9.091,9.142,9.276,9.356,9.39,9.417,9.475,9.505,9.533,9.602,9.67,9.691,9.812,9.865,9.981,10.004,10.194,10.21,10.387,10.477,10.501,10.519,10.551,10.876,10.964,11.029,11.145,11.224,11.343,11.397,11.433,11.535,11.557,11.583,11.82,11.991,12.006,12.038,12.069,12.205,12.348,12.397,12.484,12.578,12.632,12.73,12.806,12.931,12.992,13.02,13.135,13.206,13.239,13.279,13.354,13.525,13.549,13.592,13.769,13.808,13.88,13.994,14.01,14.069,14.156,14.187,14.204,14.363,14.387,14.442,14.504,14.679,14.855,15.202,15.453,15.485,15.521,15.593,15.644,15.739,15.799,15.872,15.896,15.927,15.971,16.087,16.136,16.184,16.407,16.488,16.505,16.558,16.628,16.646,16.687,16.714,16.738,16.8,16.855,16.917,16.943,17.001,17.027,17.054,17.116,17.142,17.178,17.204,17.238,17.262,17.31,17.494,17.574,17.644,17.708,17.725,17.921,18.003,18.033,18.09,18.122,18.207,18.276,18.342,18.379,18.567,18.586,18.638,18.769,18.83,18.858,18.908,18.941,18.969,19.001,19.093,19.195,19.277,19.344,19.377,19.41,19.458,19.532,19.59,19.75,19.824,nan,nan,nan,nan,nan,nan,nan,nan,nan,nan,nan,nan,nan,nan,nan,nan,nan,nan,nan,nan,nan,nan,nan
0.02,0.076,0.286,0.34,0.363,0.442,0.479,0.603,0.644,0.765,0.879,0.956,1.001,1.066,1.103,1.136,1.256,1.393,1.414,1.517,1.53,1.561,1.577,1.607,1.71,1.733,1.776,1.962,1.979,2.013,2.043,2.12,2.241,2.287,2.327,2.352,2.451,2.606,2.669,2.801,2.847,2.949,2.973,3.094,3.154,3.252,3.387,3.417,3.541,3.564,3.649,3.749,3.841,3.868,3.903,3.932,3.963,4.001,4.31,4.355,4.459,4.527,4.651,4.7,4.778,4.795,4.824,4.881,4.901,4.937,4.986,5.032,5.163,5.208,5.294,5.359,5.394,5.424,5.501,5.543,5.629,5.69,5.794,5.823,5.849,5.887,5.928,6.056,6.102,6.148,6.163,6.288,6.442,6.535,6.746,6.777,6.876,6.893,6.924,6.98,7.071,7.123,7.242,7.287,7.341,7.415,7.485,7.513,7.659,7.705,7.775,7.891,8.032,8.076,8.14,8.285,8.308,8.371,8.479,8.514,8.531,8.624,8.766,8.842,8.878,8.993,9.083,9.114,9.133,9.189,9.227,9.267,9.349,9.441,9.507,9.572,9.712,9.808,9.828,9.862,9.896,9.97,10.0,10.044,10.102,10.143,10.236,10.268,10.308,10.444,10.547,10.581,10.596,10.659,10.729,10.779,10.907,10.937,10.954,11.011,11.184,11.236,11.292,11.332,11.472,11.536,11.561,11.659,11.722,11.783,11.848,11.889,11.968,12.002,12.018,12.055,12.19,12.271,12.299,12.312,12.342,12.428,12.546,12.623,12.72,12.735,12.785,12.83,12.917,12.96,13.053,13.095,13.299,13.398,13.42,13.526,13.564,13.738,13.792,13.892,14.049,14.104,14.176,14.217,14.298,14.346,14.467,14.514,14.567,14.627,14.685,14.775,14.825,14.845,14.868,15.03,15.14,15.192,15.229,15.256,15.318,15.422,15.46,15.493,15.544,15.782,15.843,16.166,16.438,16.457,16.615,16.636,16.724,16.763,16.791,16.964,17.0,17.083,17.228,17.244,17.376,17.497,17.523,17.562,17.707,17.748,17.761,17.829,18.032,18.142,18.171,18.229,18.31,18.345,18.387,18.472,18.496,18.515,18.642,18.718,18.779,18.886,18.984,19.048,19.145,19.229,19.329,19.464,19.491,19.546,19.57,19.612,19.671,19.781,19.835,19.899,19.921,nan,nan,nan,nan,nan,nan,nan,nan,nan,nan,nan,nan,nan,nan,nan,nan,nan,nan,nan,nan,nan,nan,nan,nan,nan
0.052,0.084,0.116,0.269,0.33,0.366,0.435,0.465,0.502,0.527,0.613,0.629,0.69,0.715,0.838,0.873,0.893,0.944,1.021,1.075,1.129,1.201,1.283,1.339,1.428,1.535,1.58,1.627,1.643,1.701,1.725,1.802,1.901,1.965,1.99,2.002,2.061,2.124,2.235,2.285,2.324,2.41,2.446,2.605,2.621,2.641,2.761,2.807,2.857,2.882,2.993,3.05,3.148,3.198,3.367,3.437,3.546,3.585,3.627,3.854,3.92,3.944,4.03,4.069,4.121,4.146,4.205,4.37,4.393,4.451,4.473,4.506,4.64,4.734,4.77,4.818,4.857,5.133,5.242,5.298,5.435,5.466,5.548,5.637,5.654,5.68,5.757,5.855,5.886,6.049,6.103,6.16,6.37,6.409,6.493,6.63,6.685,6.714,6.781,6.821,6.901,7.003,7.037,7.213,7.237,7.271,7.309,7.371,7.438,7.521,7.557,7.677,7.71,7.727,7.955,8.127,8.164,8.233,8.255,8.372,8.419,8.445,8.515,8.606,8.625,8.663,8.69,8.785,8.808,8.935,8.961,9.082,9.26,9.299,9.486,9.51,9.579,9.727,9.806,9.83,9.858,9.969,10.009,10.108,10.248,10.372,10.64,10.672,10.703,10.736,10.773,10.823,10.894,10.939,10.986,11.026,11.065,11.114,11.192,11.429,11.448,11.569,11.641,11.821,11.855,11.919,11.97,12.131,12.17,12.327,12.356,12.409,12.435,12.494,12.519,12.539,12.568,12.6,12.699,12.725,12.751,12.807,12.851,12.897,13.014,13.079,13.255,13.394,13.416,13.44,13.496,13.581,13.631,13.652,13.735,13.909,13.965,14.013,14.056,14.191,14.256,14.289,14.313,14.35,14.449,14.505,14.552,14.607,14.633,14.71,14.772,14.804,14.831,14.853,14.926,15.016,15.097,15.168,15.235,15.258,15.307,15.425,15.549,15.577,15.62,15.873,16.008,16.068,16.097,16.161,16.235,16.272,16.322,16.377,16.453,16.475,16.491,16.564,16.629,16.687,16.8,16.872,16.905,17.043,17.099,17.328,17.503,17.538,17.693,17.722,17.768,17.786,17.883,18.103,18.129,18.179,18.34,18.501,18.532,18.696,18.745,18.78,18.802,18.876,18.922,18.971,19.052,19.106,19.17,19.202,19.228,19.308,19.372,19.427,19.461,19.502,19.88,19.934,nan,nan,nan,nan,nan,nan,nan,nan,nan,nan,nan,nan,nan,nan,nan,nan,nan,nan,nan,nan,nan,nan,nan,nan
0.06,0.097,0.157,0.23,0.383,0.576,0.787,0.878,0.94,0.981,1.067,1.154,1.288,1.344,1.516,1.656,1.709,1.791,1.858,1.9,1.921,2.038,2.107,2.14,2.375,2.494,2.584,2.801,2.857,2.942,2.995,3.041,3.121,3.232,3.316,3.348,3.375,3.413,3.511,3.592,3.634,3.783,3.91,3.945,4.089,4.119,4.278,4.445,4.527,4.623,4.651,4.79,4.858,4.918,4.976,5.048,5.099,5.143,5.172,5.261,5.308,5.324,5.398,5.411,5.508,5.584,5.616,5.633,5.675,5.763,5.781,5.983,6.032,6.084,6.141,6.179,6.276,6.295,6.346,6.358,6.542,6.6,6.646,6.667,6.865,6.967,7.013,7.044,7.128,7.191,7.216,7.341,7.436,7.485,7.535,7.582,7.65,7.689,7.796,7.83,7.911,7.987,8.05,8.088,8.32,8.396,8.473,8.53,8.544,8.605,8.631,8.834,8.902,8.94,8.991,9.084,9.146,9.221,9.245,9.435,9.474,9.534,9.625,9.66,9.698,9.775,9.868,9.946,10.012,10.027,10.061,10.103,10.156,10.222,10.257,10.293,10.35,10.5,10.604,10.637,10.653,10.706,10.768,10.895,10.939,10.974,11.028,11.052,11.112,11.299,11.344,11.467,11.554,11.698,11.74,11.821,11.85,11.895,12.011,12.026,12.069,12.123,12.24,12.312,12.445,12.512,12.583,12.638,12.691,12.805,12.878,12.963,13.004,13.059,13.205,13.274,13.361,13.418,13.459,13.497,13.629,13.66,13.815,13.845,13.893,13.95,13.982,14.044,14.221,14.26,14.37,14.408,14.432,14.508,14.563,14.628,14.688,14.754,14.832,14.861,14.91,15.013,15.087,15.12,15.149,15.311,15.374,15.449,15.507,15.539,15.754,15.84,15.884,15.918,16.002,16.127,16.173,16.199,16.292,16.441,16.466,16.667,16.735,16.77,16.932,16.975,16.997,17.052,17.079,17.213,17.286,17.411,17.468,17.531,17.647,17.759,17.857,17.957,18.023,18.067,18.2,18.241,18.27,18.307,18.341,18.407,18.45,18.486,18.518,18.567,18.671,18.961,19.05,19.089,19.137,19.33,19.371,19.388,19.547,19.57,19.74,19.78,19.891,19.988,nan,nan,nan,nan,nan,nan,nan,nan,nan,nan,nan,nan,nan,nan,nan,nan,nan,nan,nan,nan,nan,nan,nan,nan,nan,nan,nan,nan,nan,nan,nan,nan,nan,nan,nan,nan,nan,nan
0.036,0.082,0.18,0.304,0.381,0.5,0.559,0.728,0.757,0.781,0.859,0.888,0.94,1.008,1.047,1.082,1.126,1.426,1.493,1.522,1.588,1.619,1.712,1.763,1.811,1.896,1.931,2.143,2.218,2.253,2.282,2.291,2.322,2.378,2.404,2.524,2.595,2.635,2.661,2.79,2.841,2.9,2.996,3.085,3.183,3.305,3.344,3.385,3.451,3.501,3.555,3.611,3.644,3.914,3.959,4.009,4.161,4.272,4.316,4.338,4.414,4.453,4.494,4.662,4.689,4.717,4.878,4.909,4.993,5.042,5.06,5.102,5.153,5.181,5.209,5.271,5.34,5.457,5.501,5.548,5.576,5.608,5.824,5.976,6.028,6.189,6.208,6.257,6.287,6.327,6.377,6.416,6.462,6.491,6.702,6.778,6.841,7.007,7.065,7.392,7.514,7.536,7.679,7.721,7.769,7.803,7.833,7.886,8.097,8.129,8.173,8.222,8.532,8.544,8.58,8.707,8.786,8.852,8.916,8.936,8.986,9.082,9.106,9.16,9.203,9.301,9.523,9.622,9.681,9.803,9.945,9.977,10.046,10.103,10.129,10.151,10.193,10.33,10.387,10.438,10.469,10.541,10.578,10.607,10.639,10.734,10.812,10.858,10.874,11.104,11.117,11.217,11.275,11.331,11.375,11.462,11.632,11.713,11.766,11.84,11.911,11.941,12.013,12.032,12.245,12.279,12.404,12.499,12.578,12.606,12.634,12.724,12.866,12.91,13.005,13.037,13.107,13.383,13.439,13.534,13.562,13.578,13.704,13.739,13.761,13.814,13.866,13.906,13.939,14.015,14.149,14.182,14.276,14.393,14.424,14.493,14.586,14.63,14.746,14.795,14.824,14.94,14.957,14.996,15.049,15.095,15.146,15.193,15.336,15.423,15.524,15.567,15.693,15.743,15.789,16.033,16.103,16.157,16.202,16.329,16.351,16.403,16.518,16.57,16.757,16.792,16.843,16.885,16.914,16.929,16.972,17.046,17.072,17.095,17.308,17.402,17.433,17.493,17.554,17.697,17.737,17.775,17.853,17.956,18.008,18.065,18.133,18.244,18.27,18.341,18.392,18.426,18.473,18.494,18.558,18.586,18.66,18.776,18.847,18.926,19.061,19.188,19.323,19.394,19.413,19.632,19.676,19.706,19.827,19.848,nan,nan,nan,nan,nan,nan,nan,nan,nan,nan,nan,nan,nan,nan,nan,nan,nan,nan,nan,nan,nan,nan,nan,nan,nan,nan,nan,nan,nan,nan,nan,nan
0.067,0.117,0.184,0.226,0.286,0.409,0.489,0.564,0.637,0.663,0.788,1.013,1.044,1.088,1.174,1.214,1.271,1.307,1.336,1.388,1.417,1.468,1.642,1.68,1.715,1.779,1.796,1.837,1.867,1.929,1.989,2.133,2.217,2.267,2.316,2.37,2.494,2.522,2.599,2.647,2.901,3.03,3.17,3.193,3.219,3.274,3.315,3.348,3.427,3.482,3.508,3.539,3.628,3.679,3.7,3.775,3.82,3.858,3.92,4.024,4.087,4.302,4.343,4.405,4.465,4.663,4.682,4.75,4.793,4.897,4.918,4.981,5.126,5.172,5.239,5.305,5.362,5.403,5.499,5.549,5.562,5.592,5.662,5.745,5.791,5.871,5.922,5.944,6.199,6.216,6.366,6.432,6.512,6.669,6.699,6.778,6.817,6.945,7.016,7.104,7.16,7.189,7.24,7.282,7.311,7.417,7.459,7.633,7.705,7.738,7.767,7.901,7.933,8.01,8.066,8.175,8.203,8.222,8.37,8.43,8.457,8.55,8.59,8.677,8.71,8.761,8.855,8.911,8.942,8.99,9.015,9.034,9.332,9.352,9.409,9.431,9.457,9.48,9.579,9.647,9.725,9.813,9.834,9.897,9.915,9.963,10.096,10.153,10.267,10.303,10.338,10.388,10.487,10.621,10.669,10.843,10.874,10.902,11.033,11.072,11.096,11.143,11.206,11.282,11.325,11.359,11.427,11.524,11.563,11.648,11.825,11.865,11.99,12.187,12.213,12.267,12.535,12.581,12.683,12.898,12.981,13.084,13.2,13.235,13.265,13.45,13.562,13.655,13.726,13.782,13.822,13.898,13.938,13.991,14.046,14.176,14.209,14.334,14.383,14.436,14.479,14.559,14.581,14.627,14.665,14.741,14.766,14.783,14.825,14.899,14.94,15.037,15.093,15.125,15.158,15.213,15.281,15.341,15.46,15.575,15.592,15.707,15.764,15.781,15.81,15.885,15.956,16.03,16.06,16.146,16.248,16.34,16.418,16.465,16.558,16.6,16.635,16.731,16.77,16.859,16.955,17.014,17.161,17.182,17.212,17.238,17.267,17.454,17.477,17.571,17.622,17.697,17.925,18.069,18.113,18.138,18.193,18.258,18.337,18.375,18.483,18.525,18.713,18.746,18.832,18.858,18.921,18.954,18.977,18.998,19.018,19.048,19.102,19.125,19.157,19.195,19.277,19.295,19.36,19.382,19.404,19.432,19.795,nan,nan,nan,nan,nan,nan,nan,nan,nan,nan,nan,nan,nan,nan,nan,nan,nan,nan,nan
0.109,0.163,0.212,0.362,0.397,0.484,0.537,0.562,0.65,0.837,0.874,0.956,1.009,1.088,1.171,1.318,1.442,1.465,1.516,1.555,1.613,1.702,1.854,1.951,2.009,2.094,2.119,2.196,2.273,2.41,2.48,2.513,2.593,2.692,2.748,2.824,2.897,2.953,3.008,3.129,3.159,3.177,3.206,3.238,3.288,3.473,3.512,3.592,3.642,3.692,3.772,3.795,3.932,4.099,4.264,4.301,4.317,4.449,4.495,4.539,4.598,4.617,4.687,4.716,4.839,4.882,4.965,4.983,5.006,5.062,5.188,5.257,5.331,5.372,5.412,5.442,5.456,5.514,5.614,5.688,5.784,5.824,5.883,5.95,6.036,6.103,6.139,6.296,6.318,6.354,6.368,6.384,6.419,6.608,6.648,6.763,6.786,6.833,6.864,6.895,6.955,6.983,7.01,7.077,7.216,7.26,7.291,7.402,7.435,7.552,7.646,7.706,7.748,7.905,8.057,8.076,8.122,8.18,8.196,8.267,8.426,8.507,8.557,8.658,8.71,8.777,8.804,8.863,8.959,9.408,9.427,9.445,9.538,9.749,9.842,9.914,9.991,10.033,10.298,10.367,10.459,10.52,10.581,10.701,10.758,10.867,10.898,10.99,11.081,11.124,11.35,11.398,11.423,11.481,11.605,11.645,11.759,11.883,11.983,12.15,12.248,12.29,12.366,12.503,12.541,12.564,12.619,12.781,12.829,12.849,12.874,12.93,12.954,12.972,13.016,13.086,13.147,13.166,13.383,13.505,13.603,13.761,13.819,13.87,13.921,13.941,14.089,14.126,14.202,14.254,14.325,14.34,14.375,14.4,14.488,14.529,14.585,14.621,14.729,14.845,15.022,15.056,15.09,15.183,15.275,15.339,15.367,15.466,15.487,15.541,15.573,15.595,15.644,15.788,15.909,15.976,16.043,16.064,16.298,16.342,16.38,16.419,16.539,16.574,16.599,16.634,16.76,16.82,16.845,16.983,17.041,17.095,17.172,17.292,17.332,17.379,17.41,17.439,17.485,17.559,17.654,17.707,17.803,17.917,17.942,18.113,18.244,18.273,18.309,18.361,18.539,18.572,18.677,18.705,18.733,18.764,18.848,18.885,19.165,19.225,19.284,19.383,19.438,19.489,19.514,19.601,19.628,19.666,19.766,19.804,19.843,19.921,19.955,19.988,nan,nan,nan,nan,nan,nan,nan,nan,nan,nan,nan,nan,nan,nan,nan,nan,nan,nan,nan,nan,nan,nan,nan,nan,nan,nan,nan,nan
0.118,0.242,0.495,0.653,0.692,0.77,0.838,0.854,0.958,0.985,1.016,1.168,1.315,1.358,1.401,1.493,1.55,1.599,1.749,1.882,1.9,1.961,1.986,2.006,2.073,2.102,2.123,2.2,2.255,2.348,2.419,2.447,2.474,2.593,2.707,2.765,2.897,2.983,3.032,3.062,3.098,3.235,3.276,3.466,3.797,3.821,3.877,3.947,4.129,4.154,4.2,4.315,4.426,4.485,4.68,4.752,4.873,4.968,5.031,5.058,5.114,5.274,5.303,5.345,5.365,5.419,5.465,5.498,5.582,5.732,5.757,5.778,5.862,5.881,5.932,6.085,6.097,6.134,6.155,6.218,6.255,6.277,6.35,6.379,6.434,6.46,6.48,6.529,6.579,6.689,6.759,6.792,6.849,6.877,6.902,6.943,7.0,7.048,7.223,7.273,7.332,7.399,7.43,7.45,7.479,7.53,7.613,7.623,7.643,7.688,7.83,7.874,7.899,7.941,7.975,8.033,8.197,8.216,8.284,8.323,8.337,8.383,8.449,8.533,8.653,8.7,8.784,8.824,8.948,8.981,9.018,9.197,9.274,9.306,9.33,9.426,9.465,9.815,9.857,9.94,9.971,9.999,10.159,10.18,10.205,10.321,10.379,10.665,10.702,10.766,10.842,10.887,10.933,10.972,11.065,11.117,11.148,11.178,11.217,11.266,11.321,11.386,11.485,11.521,11.542,11.557,11.586,11.649,11.698,11.731,11.783,11.872,11.933,12.144,12.16,12.215,12.252,12.295,12.434,12.551,12.573,12.728,12.764,12.793,12.82,12.899,12.973,13.02,13.118,13.254,13.318,13.37,13.44,13.528,13.565,13.616,13.631,13.731,13.791,13.829,13.868,13.888,13.947,13.987,14.02,14.138,14.372,14.413,14.482,14.547,14.632,14.667,14.715,14.809,14.839,14.866,14.934,14.975,15.03,15.083,15.126,15.186,15.234,15.453,15.513,15.555,15.614,15.684,15.755,15.809,15.853,15.936,16.052,16.176,16.357,16.488,16.524,16.652,16.737,16.815,16.874,16.934,17.09,17.114,17.151,17.186,17.215,17.276,17.329,17.491,17.55,17.591,17.624,17.65,17.746,17.862,18.032,18.135,18.199,18.231,18.271,18.412,18.476,18.52,18.864,18.897,19.006,19.073,19.106,19.16,19.195,19.214,19.382,19.48,19.515,19.643,19.706,19.844,19.918,nan,nan,nan,nan,nan,nan,nan,nan,nan,nan,nan,nan,nan,nan,nan,nan,nan,nan,nan,nan,nan,nan,nan
0.063,0.17,0.297,0.343,0.462,0.511,0.557,0.595,0.658,0.792,0.855,0.969,0.994,1.015,1.07,1.137,1.325,1.389,1.414,1.518,1.58,1.624,1.664,1.727,1.754,1.828,1.963,2.026,2.084,2.109,2.14,2.224,2.281,2.323,2.385,2.565,2.611,2.638,2.728,2.854,2.891,2.92,2.939,3.057,3.196,3.214,3.279,3.462,3.542,3.642,3.733,3.76,3.851,4.014,4.058,4.08,4.163,4.205,4.233,4.365,4.38,4.461,4.495,4.516,4.58,4.605,4.637,4.732,4.76,4.885,4.936,5.024,5.148,5.385,5.436,5.477,5.526,5.552,5.64,5.685,5.722,5.747,5.777,5.945,5.975,6.02,6.066,6.132,6.238,6.351,6.4,6.468,6.55,6.603,6.64,6.689,6.765,6.838,6.945,7.066,7.165,7.194,7.368,7.421,7.495,7.568,7.607,7.647,7.698,7.749,7.796,7.994,8.03,8.046,8.078,8.216,8.279,8.31,8.395,8.514,8.598,8.608,8.631,8.683,8.721,8.792,8.837,8.86,8.911,8.937,8.972,8.993,9.114,9.157,9.293,9.378,9.412,9.493,9.535,9.592,9.63,9.667,9.755,9.79,9.84,9.868,9.95,10.077,10.133,10.15,10.244,10.311,10.326,10.455,10.539,10.581,10.606,10.724,10.795,10.938,10.998,11.03,11.105,11.217,11.37,11.411,11.452,11.493,11.508,11.749,11.792,11.814,11.848,11.907,12.002,12.022,12.119,12.205,12.378,12.395,12.513,12.599,12.655,12.726,12.775,12.825,12.874,12.906,12.974,13.049,13.076,13.131,13.293,13.312,13.484,13.61,13.65,13.718,13.736,13.815,13.867,13.895,13.96,14.102,14.401,14.471,14.631,14.67,14.688,14.74,14.802,14.851,14.87,14.945,15.035,15.192,15.215,15.279,15.42,15.493,15.646,15.672,15.689,15.763,15.778,15.837,15.895,15.974,16.02,16.055,16.098,16.141,16.196,16.297,16.389,16.429,16.452,16.52,16.617,16.652,16.888,16.981,17.021,17.104,17.125,17.186,17.258,17.331,17.376,17.402,17.544,17.607,17.794,17.819,17.88,17.913,18.105,18.182,18.241,18.364,18.445,18.462,18.523,18.552,18.627,18.728,18.758,18.847,19.129,19.195,19.257,19.301,19.341,19.478,19.572,19.626,19.712,19.736,19.833,19.881,19.929,nan,nan,nan,nan,nan,nan,nan,nan,nan,nan,nan,nan,nan,nan,nan,nan,nan,nan,nan,nan,nan
0.114,0.144,0.192,0.302,0.352,0.409,0.459,0.514,0.576,0.661,0.709,0.823,0.865,0.924,0.973,1.019,1.159,1.278,1.403,1.558,1.592,1.623,1.879,1.942,1.974,2.18,2.252,2.278,2.395,2.434,2.494,2.53,2.64,2.798,2.984,3.028,3.063,3.097,3.184,3.32,3.352,3.416,3.577,3.652,3.682,3.812,3.864,4.177,4.253,4.367,4.407,4.424,4.562,4.602,4.633,4.687,4.741,4.776,4.933,5.06,5.096,5.146,5.199,5.238,5.34,5.39,5.411,5.51,5.541,5.579,5.63,5.69,5.749,5.775,5.835,5.88,5.91,5.986,6.011,6.04,6.076,6.125,6.188,6.276,6.464,6.562,6.582,6.607,6.73,6.772,6.806,6.863,6.9,6.925,7.006,7.076,7.141,7.195,7.259,7.325,7.385,7.404,7.436,7.457,7.576,7.627,7.728,7.769,7.8,7.987,8.038,8.08,8.152,8.187,8.424,8.467,8.488,8.585,8.617,8.633,8.668,8.745,8.768,8.794,8.847,9.232,9.285,9.299,9.34,9.469,9.483,9.541,9.616,9.671,9.837,10.047,10.058,10.189,10.23,10.345,10.379,10.402,10.465,10.598,10.638,10.663,10.729,10.783,10.94,11.096,11.133,11.15,11.193,11.228,11.287,11.316,11.379,11.444,11.538,11.615,11.666,11.694,11.766,11.868,12.06,12.086,12.124,12.245,12.279,12.307,12.343,12.369,12.399,12.434,12.637,12.712,12.759,12.859,12.919,12.934,12.981,13.073,13.176,13.214,13.24,13.291,13.332,13.579,13.613,13.835,14.012,14.042,14.104,14.149,14.214,14.327,14.359,14.389,14.42,14.462,14.491,14.532,14.574,14.767,14.869,15.093,15.122,15.23,15.26,15.281,15.312,15.578,15.701,15.859,15.948,15.997,16.078,16.125,16.191,16.224,16.286,16.423,16.443,16.506,16.556,16.573,16.615,16.646,16.738,16.809,16.859,16.886,16.921,17.028,17.094,17.17,17.216,17.291,17.314,17.372,17.404,17.476,17.506,17.57,17.684,17.71,17.75,17.789,17.809,17.924,18.042,18.154,18.223,18.286,18.38,18.47,18.74,18.786,18.853,18.873,18.931,19.013,19.225,19.276,19.315,19.556,19.722,19.779,19.838,19.86,19.912,19.962,nan,nan,nan,nan,nan,nan,nan,nan,nan,nan,nan,nan,nan,nan,nan,nan,nan,nan,nan,nan,nan,nan,nan,nan,nan,nan,nan,nan,nan,nan
0.045,0.126,0.34,0.403,0.673,0.897,1.112,1.153,1.419,1.47,1.508,1.626,1.679,1.733,1.782,1.897,1.966,1.981,2.044,2.107,2.155,2.202,2.229,2.328,2.431,2.504,2.591,2.662,2.701,2.735,2.749,2.771,2.807,2.87,3.046,3.184,3.226,3.456,3.488,3.606,3.836,3.859,3.903,3.937,3.999,4.034,4.067,4.097,4.139,4.168,4.32,4.383,4.582,4.654,4.711,4.883,4.912,4.939,4.962,5.145,5.256,5.292,5.304,5.354,5.399,5.464,5.516,5.571,5.587,5.64,5.664,5.678,5.726,6.007,6.038,6.092,6.134,6.2,6.283,6.307,6.331,6.351,6.398,6.503,6.573,6.621,6.66,6.677,6.749,6.782,6.858,6.998,7.039,7.073,7.09,7.155,7.196,7.413,7.566,7.67,7.691,7.92,7.995,8.05,8.186,8.206,8.489,8.527,8.626,8.654,8.678,8.719,8.781,8.874,8.91,8.96,9.061,9.195,9.214,9.244,9.316,9.337,9.549,9.618,9.68,9.718,9.761,9.784,9.825,9.962,10.001,10.056,10.129,10.148,10.212,10.319,10.409,10.438,10.519,10.65,10.673,10.72,10.811,10.915,10.958,11.008,11.125,11.16,11.308,11.517,11.739,11.83,12.034,12.055,12.088,12.388,12.557,12.593,12.602,12.629,12.653,12.684,12.838,12.881,12.913,12.968,13.037,13.184,13.286,13.336,13.415,13.595,13.627,13.737,13.783,13.888,13.994,14.072,14.255,14.334,14.376,14.496,14.708,14.796,14.826,14.89,14.927,14.957,14.974,15.182,15.456,15.53,15.553,15.653,15.689,15.774,15.817,15.849,15.923,16.034,16.064,16.165,16.197,16.241,16.296,16.352,16.544,16.654,16.688,16.752,16.958,17.09,17.184,17.209,17.244,17.37,17.427,17.51,17.599,17.741,18.002,18.078,18.251,18.313,18.374,18.504,18.525,18.663,18.702,18.793,18.932,18.993,19.022,19.088,19.153,19.213,19.265,19.354,19.428,19.527,19.697,19.712,19.766,19.911,19.941,19.965,nan,nan,nan,nan,nan,nan,nan,nan,nan,nan,nan,nan,nan,nan,nan,nan,nan,nan,nan,nan,nan,nan,nan,nan,nan,nan,nan,nan,nan,nan,nan,nan,nan,nan,nan,nan,nan,nan,nan,nan,nan,nan,nan,nan,nan,nan,nan,nan,nan,nan,nan,nan,nan,nan,nan,nan
0.098,0.137,0.191,0.236,0.292,0.382,0.463,0.557,0.6,0.639,0.743,0.873,0.912,0.951,0.975,1.05,1.123,1.221,1.335,1.347,1.434,1.569,1.645,1.771,1.896,1.92,1.951,1.996,2.018,2.134,2.226,2.284,2.39,2.434,2.487,2.604,2.666,2.704,2.733,2.769,2.786,2.831,3.04,3.151,3.194,3.234,3.308,3.338,3.384,3.438,3.616,3.644,3.69,3.718,3.75,3.783,3.803,3.887,3.974,4.064,4.175,4.332,4.365,4.389,4.44,4.552,4.611,4.674,4.887,4.947,5.002,5.018,5.031,5.095,5.165,5.239,5.277,5.347,5.535,5.648,5.669,5.7,5.738,6.032,6.181,6.211,6.375,6.508,6.57,6.605,6.637,6.654,6.731,6.751,6.815,6.86,6.889,6.981,7.024,7.097,7.167,7.261,7.335,7.374,7.458,7.682,7.714,7.752,7.824,7.87,7.908,8.069,8.088,8.165,8.202,8.249,8.392,8.429,8.573,8.779,8.809,8.839,8.88,8.92,8.954,9.002,9.121,9.193,9.264,9.33,9.463,9.535,9.559,9.591,9.717,9.808,9.845,9.861,9.909,9.953,10.033,10.138,10.166,10.265,10.296,10.374,10.433,10.463,10.491,10.685,10.886,10.973,10.997,11.022,11.143,11.202,11.221,11.29,11.33,11.358,11.378,11.438,11.521,11.63,11.701,11.75,11.786,11.91,11.944,12.145,12.209,12.305,12.389,12.439,12.494,12.55,12.614,12.654,12.771,12.811,12.921,12.952,12.975,13.002,13.026,13.303,13.354,13.398,13.443,13.488,13.537,13.781,13.812,13.875,13.999,14.032,14.097,14.143,14.184,14.263,14.292,14.405,14.504,14.572,14.619,14.668,14.76,14.88,14.954,14.993,15.06,15.091,15.144,15.179,15.237,15.265,15.302,15.336,15.361,15.396,15.409,15.447,15.521,15.63,15.651,15.737,15.768,15.855,15.896,15.96,15.997,16.05,16.245,16.283,16.322,16.497,16.558,16.642,16.664,16.825,16.871,16.931,16.986,17.153,17.183,17.231,17.273,17.334,17.365,17.406,17.447,17.495,17.547,17.702,17.752,17.874,17.939,18.041,18.14,18.214,18.253,18.359,18.44,18.494,18.594,18.62,18.697,18.744,18.759,18.801,18.818,18.862,18.893,18.927,19.107,19.217,19.25,19.284,19.321,19.394,19.58,19.62,19.714,19.83,19.961,nan,nan,nan,nan,nan,nan,nan,nan,nan,nan,nan,nan,nan,nan,nan,nan,nan
0.159,0.221,0.253,0.313,0.434,0.53,0.562,0.624,0.776,0.899,0.946,1.061,1.11,1.204,1.393,1.43,1.498,1.531,1.582,1.737,1.774,1.836,1.875,1.93,2.0,2.038,2.083,2.253,2.32,2.355,2.447,2.495,2.569,2.666,2.714,2.767,2.795,2.81,2.889,2.975,3.197,3.252,3.337,3.426,3.495,3.538,3.641,3.697,3.733,3.764,3.776,3.801,3.907,3.976,4.064,4.079,4.098,4.157,4.239,4.296,4.378,4.437,4.508,4.595,4.703,4.732,4.756,4.937,5.083,5.19,5.211,5.252,5.306,5.36,5.392,5.411,5.534,5.584,5.651,5.701,5.779,5.865,5.931,5.947,6.026,6.063,6.128,6.164,6.292,6.471,6.512,6.622,6.646,6.747,6.772,6.807,6.897,6.924,6.969,7.188,7.204,7.252,7.425,7.441,7.474,7.553,7.58,7.648,7.852,7.989,8.122,8.157,8.193,8.228,8.286,8.319,8.339,8.45,8.467,8.553,8.592,8.675,8.706,8.853,8.886,8.944,8.981,9.052,9.106,9.14,9.231,9.411,9.428,9.459,9.698,9.746,9.796,9.817,9.851,10.084,10.132,10.227,10.298,10.33,10.376,10.478,10.524,10.618,10.673,10.724,10.762,10.799,10.86,10.889,10.969,10.988,11.098,11.178,11.28,11.372,11.556,11.591,11.623,11.706,11.743,11.781,11.815,11.854,11.876,11.891,12.009,12.156,12.189,12.295,12.719,12.78,12.826,12.859,12.893,13.053,13.071,13.092,13.113,13.148,13.25,13.284,13.317,13.338,13.476,13.492,13.52,13.551,13.613,13.731,13.796,13.828,13.846,13.897,13.938,14.025,14.116,14.166,14.228,14.245,14.38,14.408,14.465,14.502,14.538,14.563,14.596,14.616,14.728,14.755,14.785,14.809,14.831,14.885,14.961,15.005,15.142,15.172,15.245,15.293,15.324,15.375,15.409,15.463,15.479,15.66,15.701,15.75,15.79,15.831,15.911,15.959,16.003,16.113,16.224,16.293,16.34,16.415,16.479,16.575,16.656,16.779,16.849,16.988,17.023,17.039,17.126,17.154,17.226,17.247,17.426,17.452,17.486,17.5,17.543,17.578,17.634,17.728,17.805,17.832,17.957,18.056,18.097,18.16,18.198,18.26,18.391,18.488,18.633,18.948,19.002,19.146,19.262,19.297,19.431,19.485,19.601,19.695,19.726,19.785,19.819,19.832,19.874,19.923,19.953,19.996,nan,nan,nan,nan,nan,nan,nan,nan,nan,nan,nan,nan
0.092,0.156,0.307,0.343,0.414,0.514,0.77,0.865,0.973,1.018,1.055,1.114,1.132,1.2,1.239,1.286,1.323,1.345,1.484,1.537,1.622,1.687,1.839,1.887,1.899,1.949,2.049,2.098,2.19,2.441,2.49,2.522,2.593,2.651,2.677,2.803,2.874,2.905,2.951,2.961,3.002,3.081,3.111,3.193,3.255,3.338,3.401,3.53,3.576,3.637,3.673,3.781,3.822,3.949,4.015,4.075,4.111,4.163,4.2,4.221,4.296,4.487,4.517,4.571,4.605,4.659,4.689,4.723,4.765,5.029,5.126,5.165,5.199,5.237,5.273,5.293,5.349,5.462,5.492,5.551,5.603,5.679,5.724,5.793,5.866,6.095,6.195,6.229,6.264,6.405,6.435,6.526,6.561,6.602,6.645,6.725,6.738,6.768,6.824,7.011,7.107,7.125,7.27,7.291,7.347,7.413,7.567,7.583,7.609,7.667,7.708,7.802,7.819,7.994,8.193,8.243,8.334,8.372,8.466,8.564,8.666,8.816,8.836,8.91,9.182,9.341,9.391,9.447,9.489,9.546,9.592,9.641,9.674,9.817,9.854,9.871,9.912,9.941,10.092,10.117,10.205,10.3,10.415,10.498,10.542,10.568,10.609,10.647,10.766,10.827,10.877,10.917,10.983,11.029,11.076,11.128,11.184,11.331,11.374,11.523,11.55,11.632,11.692,11.864,11.888,11.918,11.954,11.973,12.047,12.067,12.127,12.163,12.205,12.264,12.373,12.427,12.507,12.556,12.586,12.626,12.662,12.906,12.936,13.021,13.051,13.077,13.166,13.236,13.335,13.349,13.399,13.509,13.596,13.785,13.845,13.863,13.902,14.141,14.16,14.205,14.259,14.389,14.418,14.446,14.495,14.56,14.618,14.682,14.729,14.847,14.949,15.029,15.166,15.364,15.462,15.521,15.617,15.772,15.918,15.958,15.991,16.023,16.221,16.293,16.326,16.459,16.547,16.586,16.678,16.806,16.987,17.056,17.075,17.118,17.142,17.165,17.266,17.303,17.343,17.355,17.462,17.55,17.666,17.808,17.949,18.197,18.283,18.298,18.337,18.408,18.611,18.66,18.744,18.813,18.862,18.929,19.004,19.044,19.109,19.155,19.194,19.264,19.451,19.761,19.805,19.897,19.952,19.994,nan,nan,nan,nan,nan,nan,nan,nan,nan,nan,nan,nan,nan,nan,nan,nan,nan,nan,nan,nan,nan,nan,nan,nan,nan,nan,nan,nan,nan,nan,nan,nan,nan,nan
0.069,0.09,0.143,0.283,0.38,0.414,0.654,0.803,0.862,0.984,1.022,1.185,1.289,1.333,1.4,1.435,1.552,1.598,1.662,1.931,1.957,2.02,2.035,2.095,2.111,2.17,2.287,2.362,2.389,2.409,2.494,2.54,2.68,2.922,3.117,3.152,3.164,3.252,3.303,3.367,3.463,3.557,3.612,3.696,3.718,3.77,3.849,3.893,4.006,4.038,4.067,4.131,4.187,4.222,4.329,4.362,4.422,4.491,4.64,4.71,4.728,4.777,4.828,4.887,5.011,5.098,5.135,5.24,5.405,5.446,5.517,5.542,5.624,5.655,5.697,5.743,5.783,5.81,5.852,5.907,5.985,6.229,6.253,6.272,6.386,6.421,6.456,6.525,6.571,6.624,6.68,6.799,6.93,6.965,7.052,7.073,7.112,7.149,7.236,7.253,7.303,7.325,7.382,7.472,7.509,7.526,7.619,7.77,7.815,7.877,7.922,7.996,8.081,8.174,8.431,8.496,8.526,8.678,8.784,8.943,9.164,9.239,9.272,9.337,9.35,9.378,9.47,9.534,9.617,9.667,9.82,9.865,9.887,9.913,9.952,10.041,10.113,10.159,10.209,10.236,10.289,10.377,10.479,10.607,10.741,10.768,10.863,10.9,10.982,11.034,11.095,11.115,11.138,11.217,11.302,11.33,11.353,11.395,11.43,11.524,11.783,11.885,11.924,12.069,12.097,12.123,12.173,12.189,12.268,12.343,12.549,12.639,12.802,12.818,12.983,13.074,13.108,13.143,13.206,13.224,13.247,13.261,13.406,13.494,13.54,13.651,13.757,13.801,13.854,13.932,14.382,14.597,14.728,14.807,14.833,14.871,15.05,15.104,15.176,15.492,15.523,15.558,15.588,15.66,15.692,15.733,15.755,15.789,15.852,15.935,15.964,15.987,16.022,16.061,16.081,16.152,16.191,16.308,16.398,16.449,16.545,16.634,16.783,16.907,16.938,16.962,17.13,17.156,17.198,17.289,17.334,17.358,17.52,17.542,17.566,17.587,17.61,17.639,17.675,17.726,17.758,17.798,17.817,18.086,18.169,18.32,18.349,18.401,18.429,18.467,18.514,18.538,18.631,18.7,18.743,18.825,18.915,19.056,19.08,19.106,19.176,19.214,19.242,19.353,19.39,19.451,19.498,19.593,19.655,19.702,19.745,19.828,19.88,nan,nan,nan,nan,nan,nan,nan,nan,nan,nan,nan,nan,nan,nan,nan,nan,nan,nan,nan,nan,nan,nan,nan,nan,nan,nan,nan,nan,nan
0.078,0.176,0.282,0.305,0.325,0.401,0.478,0.692,0.748,0.801,0.821,0.852,0.887,0.916,0.951,0.994,1.099,1.157,1.186,1.246,1.637,1.714,1.735,1.756,1.869,1.897,1.908,2.045,2.199,2.253,2.278,2.388,2.455,2.508,2.553,2.587,2.702,2.813,2.917,2.944,3.008,3.037,3.102,3.199,3.31,3.332,3.361,3.379,3.392,3.403,3.461,3.592,3.655,3.689,3.74,3.777,3.824,3.856,3.924,3.945,3.971,4.097,4.123,4.25,4.292,4.354,4.43,4.59,4.636,4.652,4.691,4.752,4.795,4.813,4.893,4.946,5.067,5.128,5.237,5.27,5.293,5.31,5.33,5.394,5.602,5.674,5.759,5.797,5.896,6.003,6.048,6.122,6.179,6.214,6.27,6.292,6.32,6.342,6.6,6.675,6.712,6.855,6.902,6.953,6.991,7.112,7.173,7.412,7.468,7.704,8.051,8.064,8.109,8.134,8.178,8.212,8.26,8.359,8.466,8.494,8.553,8.627,8.693,8.712,8.767,8.809,8.887,8.997,9.045,9.062,9.163,9.199,9.274,9.333,9.344,9.377,9.427,9.486,9.586,9.61,9.642,9.696,9.801,9.834,9.89,9.949,10.066,10.126,10.16,10.231,10.338,10.353,10.385,10.422,10.518,10.551,10.575,10.611,10.659,10.687,10.74,10.813,10.91,10.967,10.985,11.081,11.105,11.223,11.256,11.321,11.337,11.385,11.439,11.464,11.479,11.539,11.575,11.627,11.69,11.815,11.866,11.941,11.997,12.036,12.081,12.157,12.252,12.331,12.352,12.383,12.418,12.443,12.46,12.515,12.563,12.592,12.62,12.673,12.712,12.777,13.035,13.078,13.093,13.113,13.22,13.24,13.303,13.356,13.404,13.421,13.481,13.552,13.674,13.732,13.754,13.827,13.916,14.031,14.231,14.351,14.407,14.437,14.472,14.607,14.649,14.675,14.76,14.797,14.853,14.932,15.001,15.088,15.163,15.208,15.252,15.288,15.357,15.39,15.435,15.505,15.55,15.671,15.731,15.762,15.792,15.84,15.884,15.915,15.94,15.996,16.023,16.259,16.312,16.355,16.445,16.532,16.562,16.707,16.809,16.887,16.911,17.024,17.111,17.184,17.221,17.251,17.286,17.405,17.433,17.563,17.617,17.637,17.748,17.827,18.054,18.158,18.314,18.419,18.463,18.512,18.559,18.577,18.617,18.661,18.719,18.746,18.763,18.789,18.818,19.129,19.206,19.283,19.307,19.381,19.438,19.478,19.531,19.643,19.759,19.792,19.926,nan
0.051,0.062,0.094,0.127,0.143,0.368,0.408,0.493,0.548,0.651,0.681,0.706,0.739,0.759,0.784,0.819,0.874,0.903,0.954,1.097,1.161,1.194,1.238,1.264,1.281,1.337,1.366,1.406,1.441,1.475,1.511,1.563,1.593,1.624,1.709,1.725,1.774,1.815,1.859,1.885,2.018,2.098,2.197,2.248,2.446,2.555,2.591,2.654,2.732,2.815,2.867,2.913,2.953,3.071,3.103,3.161,3.353,3.38,3.496,3.548,3.562,3.62,3.649,3.689,3.704,3.798,3.817,4.043,4.144,4.168,4.226,4.324,4.507,4.586,4.671,4.705,4.731,4.756,4.784,4.886,4.909,4.968,5.222,5.293,5.497,5.526,5.594,5.61,5.64,5.679,5.743,5.901,6.104,6.133,6.393,6.503,6.717,6.78,6.843,6.86,6.923,6.989,7.02,7.083,7.24,7.297,7.359,7.459,7.518,7.76,7.803,7.843,7.865,7.894,8.107,8.164,8.308,8.383,8.42,8.453,8.515,8.55,8.734,8.783,8.87,8.937,8.966,9.018,9.204,9.386,9.478,9.584,9.651,9.692,9.713,9.743,9.766,9.809,9.876,10.105,10.143,10.272,10.354,10.417,10.465,10.591,10.752,10.806,10.944,10.995,11.032,11.099,11.128,11.181,11.415,11.463,11.511,11.563,11.622,11.641,11.678,11.734,11.876,11.978,12.009,12.052,12.135,12.282,12.385,12.435,12.547,12.57,12.634,12.692,12.754,12.84,12.926,12.958,13.09,13.125,13.208,13.396,13.474,13.497,13.698,13.906,14.0,14.049,14.123,14.157,14.202,14.253,14.272,14.336,14.414,14.458,14.496,14.529,14.604,14.703,14.732,14.816,14.873,15.019,15.091,15.127,15.163,15.237,15.268,15.295,15.336,15.394,15.413,15.544,15.78,15.808,15.975,16.026,16.109,16.226,16.248,16.495,16.555,16.606,16.663,16.709,16.735,16.77,16.878,16.9,16.913,17.119,17.268,17.328,17.356,17.436,17.483,17.53,17.591,17.661,17.703,17.747,17.781,17.855,17.917,17.974,18.046,18.131,18.167,18.327,18.434,18.483,18.671,18.735,18.891,19.016,19.078,19.116,19.166,19.316,19.374,19.454,19.489,19.535,19.561,19.636,19.689,19.744,19.821,19.854,19.889,19.971,nan,nan,nan,nan,nan,nan,nan,nan,nan,nan,nan,nan,nan,nan,nan,nan,nan,nan,nan,nan,nan,nan,nan,nan,nan,nan,nan,nan,nan,nan
0.135,0.163,0.185,0.371,0.428,0.496,0.61,0.695,0.863,0.955,0.992,1.078,1.16,1.277,1.404,1.421,1.463,1.489,1.556,1.574,1.63,1.655,1.721,1.788,1.823,1.921,2.03,2.111,2.144,2.195,2.223,2.314,2.428,2.541,2.594,2.626,2.657,2.733,2.765,2.827,2.896,3.006,3.06,3.089,3.213,3.262,3.324,3.382,3.433,3.474,3.498,3.524,3.611,3.664,3.786,3.901,3.996,4.02,4.068,4.25,4.346,4.43,4.548,4.601,4.763,4.886,4.978,4.992,5.071,5.352,5.371,5.438,5.529,5.62,5.708,5.749,5.854,5.878,5.933,6.019,6.074,6.135,6.171,6.305,6.354,6.373,6.494,6.533,6.663,6.698,6.741,6.832,6.866,6.918,6.951,7.09,7.169,7.281,7.308,7.352,7.398,7.431,7.469,7.506,7.577,7.716,7.745,7.764,7.853,7.932,8.002,8.057,8.083,8.245,8.315,8.363,8.424,8.575,8.624,9.112,9.154,9.203,9.302,9.526,9.584,9.614,9.645,9.716,9.792,9.845,9.935,10.016,10.034,10.063,10.123,10.206,10.493,10.562,10.671,10.758,10.81,10.881,11.017,11.091,11.126,11.294,11.458,11.518,11.559,11.593,11.671,11.695,11.719,11.76,11.829,11.876,11.989,12.036,12.144,12.162,12.232,12.288,12.393,12.432,12.482,12.555,12.608,12.744,12.821,12.981,13.049,13.121,13.266,13.306,13.357,13.415,13.49,13.637,13.675,13.71,13.743,13.784,13.946,13.976,14.023,14.104,14.164,14.205,14.252,14.343,14.527,14.631,14.706,14.769,14.816,14.86,14.928,14.956,14.985,15.001,15.025,15.053,15.114,15.141,15.22,15.417,15.565,15.785,15.833,15.922,15.976,16.018,16.122,16.179,16.254,16.273,16.308,16.329,16.395,16.467,16.52,16.548,16.57,16.636,16.717,16.773,16.82,16.985,17.056,17.172,17.224,17.312,17.337,17.368,17.384,17.463,17.513,17.551,17.67,17.74,17.791,17.825,17.941,18.02,18.067,18.106,18.133,18.26,18.356,18.588,18.717,18.749,18.851,18.877,18.904,18.942,18.976,19.012,19.115,19.148,19.184,19.238,19.261,19.406,19.446,19.5,19.55,19.569,19.658,19.752,19.976,nan,nan,nan,nan,nan,nan,nan,nan,nan,nan,nan,nan,nan,nan,nan,nan,nan,nan,nan,nan,nan,nan,nan,nan,nan,nan,nan,nan,nan,nan,nan
0.094,0.143,0.166,0.243,0.334,0.377,0.412,0.645,0.724,0.758,0.818,0.889,0.966,1.059,1.101,1.212,1.32,1.49,1.562,1.586,1.838,1.871,1.954,1.997,2.032,2.07,2.103,2.29,2.349,2.509,2.598,2.669,2.72,2.783,2.875,2.92,2.984,3.056,3.078,3.231,3.276,3.327,3.372,3.408,3.579,3.655,3.683,3.761,3.83,3.911,3.944,4.016,4.057,4.089,4.194,4.266,4.309,4.399,4.502,4.85,4.918,5.017,5.057,5.127,5.166,5.235,5.358,5.422,5.48,5.508,5.532,5.565,5.62,5.917,6.049,6.1,6.153,6.259,6.385,6.411,6.433,6.53,6.564,6.579,6.613,6.672,6.698,6.75,6.821,6.837,6.857,6.918,7.122,7.166,7.238,7.278,7.325,7.416,7.505,7.553,7.607,7.637,7.658,7.686,7.759,7.785,7.857,8.002,8.022,8.039,8.071,8.233,8.266,8.321,8.387,8.5,8.528,8.659,8.676,8.795,8.815,8.981,8.994,9.054,9.13,9.282,9.306,9.406,9.425,9.461,9.534,9.688,9.868,10.068,10.176,10.295,10.361,10.448,10.521,10.638,10.686,10.853,10.911,11.1,11.116,11.162,11.182,11.195,11.213,11.298,11.375,11.448,11.501,11.659,11.69,11.731,11.812,12.055,12.324,12.417,12.503,12.621,12.679,12.699,12.727,12.769,12.833,12.874,12.944,12.986,13.021,13.061,13.252,13.32,13.41,13.454,13.523,13.549,13.586,13.691,13.73,13.782,13.864,13.892,13.986,14.037,14.057,14.121,14.195,14.252,14.297,14.348,14.405,14.469,14.531,14.624,14.71,14.862,14.904,14.93,15.038,15.101,15.22,15.308,15.343,15.447,15.472,15.605,15.705,15.825,15.875,15.944,15.976,16.031,16.172,16.226,16.257,16.284,16.381,16.508,16.579,16.601,16.736,16.778,16.832,16.862,16.954,17.048,17.071,17.123,17.151,17.245,17.301,17.609,17.689,17.863,17.916,18.007,18.144,18.234,18.331,18.438,18.745,18.775,18.881,18.949,18.987,19.066,19.107,19.162,19.307,19.471,19.557,19.701,19.851,19.922,19.935,19.961,nan,nan,nan,nan,nan,nan,nan,nan,nan,nan,nan,nan,nan,nan,nan,nan,nan,nan,nan,nan,nan,nan,nan,nan,nan,nan,nan,nan,nan,nan,nan,nan,nan,nan,nan,nan,nan,nan,nan,nan,nan,nan,nan,nan
0.02,0.272,0.349,0.406,0.441,0.567,0.611,0.683,0.718,0.768,0.876,1.151,1.191,1.256,1.351,1.372,1.414,1.468,1.585,1.664,1.701,1.75,1.869,1.901,1.923,2.14,2.238,2.266,2.391,2.484,2.547,2.58,2.607,2.638,2.789,3.065,3.105,3.173,3.189,3.24,3.29,3.374,3.394,3.536,3.6,3.666,3.693,3.787,3.834,3.881,3.918,3.999,4.07,4.108,4.147,4.168,4.263,4.333,4.396,4.442,4.492,4.513,4.553,4.59,4.886,4.981,5.045,5.079,5.173,5.243,5.302,5.334,5.409,5.481,5.527,5.554,5.608,5.667,5.791,5.832,5.887,5.928,5.998,6.014,6.036,6.056,6.069,6.122,6.34,6.363,6.441,6.471,6.558,6.642,6.723,6.746,6.798,6.851,6.895,6.977,7.009,7.12,7.244,7.258,7.307,7.377,7.498,7.606,7.702,7.743,7.834,7.884,7.899,7.994,8.164,8.263,8.295,8.397,8.456,8.495,8.571,8.657,8.748,8.8,8.846,8.927,9.039,9.108,9.12,9.139,9.209,9.244,9.259,9.358,9.383,9.419,9.495,9.599,9.623,9.713,9.824,9.889,9.934,10.032,10.11,10.166,10.22,10.291,10.345,10.459,10.591,10.735,10.779,10.831,10.985,11.057,11.308,11.429,11.477,11.531,11.63,11.701,11.73,11.824,11.855,11.909,11.929,12.012,12.082,12.12,12.149,12.202,12.278,12.37,12.447,12.467,12.562,12.6,12.615,12.664,12.729,12.779,12.813,13.127,13.202,13.254,13.294,13.45,13.492,13.54,13.638,13.703,13.777,13.828,13.847,13.918,14.003,14.077,14.139,14.174,14.236,14.292,14.32,14.352,14.43,14.508,14.554,14.698,14.72,14.78,14.985,15.076,15.11,15.21,15.336,15.447,15.468,15.533,15.597,15.635,15.7,15.727,15.757,15.807,15.85,15.913,16.009,16.216,16.371,16.429,16.444,16.504,16.53,16.552,16.579,16.627,16.665,16.712,16.761,16.771,16.953,17.018,17.073,17.112,17.216,17.258,17.288,17.345,17.415,17.508,17.528,17.567,17.619,17.636,17.674,17.732,17.758,17.799,17.858,17.912,17.998,18.132,18.153,18.173,18.274,18.373,18.484,18.589,18.814,18.967,19.126,19.157,19.222,19.243,19.29,19.367,19.418,19.443,19.476,19.543,19.566,19.586,19.668,19.729,19.767,19.863,19.997,nan,nan,nan,nan,nan,nan,nan,nan,nan,nan,nan,nan,nan,nan,nan
0.145,0.208,0.316,0.392,0.503,0.594,0.694,0.748,0.815,0.828,0.853,0.87,0.891,1.025,1.044,1.174,1.189,1.222,1.335,1.366,1.438,1.478,1.541,1.58,1.735,1.772,1.829,1.853,1.875,1.916,1.964,1.986,2.148,2.202,2.274,2.359,2.42,2.534,2.618,2.635,2.704,2.768,2.813,2.871,2.906,2.951,2.99,3.073,3.179,3.284,3.448,3.49,3.55,3.571,3.625,3.68,3.806,3.824,4.054,4.188,4.206,4.309,4.434,4.482,4.564,4.596,4.629,4.713,4.855,4.962,4.993,5.11,5.154,5.209,5.232,5.25,5.294,5.342,5.411,5.459,5.493,5.755,5.78,5.828,5.916,5.988,6.034,6.097,6.15,6.182,6.293,6.325,6.364,6.401,6.718,6.775,6.799,6.815,6.846,6.921,6.945,7.01,7.092,7.147,7.176,7.217,7.274,7.31,7.327,7.386,7.465,7.492,7.751,7.887,7.989,8.05,8.176,8.265,8.284,8.402,8.43,8.476,8.585,8.62,8.648,8.674,8.779,8.917,8.968,9.082,9.109,9.169,9.335,9.359,9.396,9.441,9.503,9.609,9.655,9.775,9.95,9.981,10.046,10.11,10.446,10.495,10.561,10.595,10.63,10.653,10.683,10.707,10.825,10.904,10.968,11.005,11.127,11.327,11.419,11.504,11.53,11.56,11.609,11.774,11.806,11.854,11.91,12.033,12.162,12.181,12.202,12.224,12.328,12.511,12.557,12.623,12.701,12.799,12.837,13.002,13.037,13.083,13.17,13.25,13.267,13.308,13.336,13.444,13.483,13.578,13.632,13.68,13.722,13.769,13.861,13.932,14.033,14.178,14.216,14.337,14.408,14.637,14.703,14.792,14.821,14.839,14.958,15.012,15.043,15.094,15.135,15.213,15.327,15.347,15.629,15.667,15.711,15.741,15.781,15.906,15.987,16.05,16.169,16.206,16.293,16.319,16.464,16.512,16.55,16.584,16.825,16.897,16.968,17.083,17.127,17.201,17.267,17.3,17.323,17.35,17.391,17.467,17.563,17.693,17.764,17.802,17.833,17.972,18.015,18.034,18.081,18.108,18.18,18.254,18.298,18.391,18.436,18.472,18.573,18.602,18.726,18.747,18.775,18.807,18.889,18.96,18.994,19.069,19.09,19.111,19.162,19.196,19.376,19.402,19.426,19.493,19.519,19.534,19.62,19.643,19.691,19.73,19.759,19.81,19.825,19.862,19.897,19.929,19.994,nan,nan,nan,nan,nan,nan,nan,nan,nan,nan,nan,nan,nan
0.106,0.132,0.239,0.332,0.458,0.503,0.528,0.634,0.662,0.936,1.354,1.392,1.409,1.452,1.481,1.582,1.738,1.896,1.929,1.965,1.994,2.092,2.196,2.46,2.497,2.734,2.768,2.801,2.907,3.026,3.097,3.165,3.227,3.262,3.319,3.469,3.691,3.796,3.841,3.86,3.945,4.005,4.04,4.199,4.242,4.33,4.403,4.447,4.493,4.755,4.774,4.828,4.874,4.957,4.994,5.031,5.28,5.395,5.522,5.578,5.609,5.626,5.75,5.814,5.971,6.041,6.167,6.218,6.269,6.397,6.426,6.451,6.497,6.56,6.626,6.653,6.803,6.85,6.888,6.918,6.996,7.062,7.266,7.352,7.41,7.452,7.557,7.663,7.751,7.766,8.002,8.053,8.12,8.202,8.227,8.25,8.288,8.515,8.593,8.687,8.722,8.75,8.873,8.963,9.03,9.092,9.127,9.168,9.19,9.244,9.265,9.306,9.405,9.609,9.675,9.773,9.79,9.856,9.915,10.077,10.108,10.136,10.205,10.242,10.314,10.347,10.399,10.422,10.471,10.503,10.612,10.65,10.764,10.786,10.851,10.91,10.977,11.07,11.224,11.285,11.345,11.367,11.442,11.528,11.566,11.654,11.801,11.895,11.991,12.123,12.169,12.21,12.247,12.276,12.477,12.545,12.58,12.633,12.693,12.71,12.768,12.804,12.817,12.857,12.887,12.961,13.086,13.16,13.252,13.446,13.562,13.608,13.641,13.674,13.743,13.79,13.822,13.846,13.862,13.939,14.038,14.08,14.2,14.269,14.304,14.552,14.588,14.631,14.696,14.725,14.789,14.827,14.868,14.895,14.937,14.96,15.079,15.127,15.176,15.261,15.313,15.357,15.389,15.422,15.538,15.57,15.608,15.623,15.648,15.772,15.803,15.93,15.963,16.016,16.122,16.257,16.278,16.393,16.47,16.51,16.57,16.662,16.747,16.902,16.95,16.996,17.092,17.141,17.328,17.404,17.477,17.525,17.564,17.633,17.669,17.687,17.715,17.768,17.801,17.891,18.009,18.064,18.198,18.292,18.322,18.346,18.399,18.437,18.543,18.587,18.649,18.735,18.794,18.877,18.931,19.046,19.079,19.127,19.153,19.205,19.236,19.369,19.428,19.486,19.674,19.713,19.763,19.801,19.848,19.875,19.911,19.931,19.958,nan,nan,nan,nan,nan,nan,nan,nan,nan,nan,nan,nan,nan,nan,nan,nan,nan,nan,nan,nan,nan,nan,nan,nan,nan,nan,nan,nan,nan
0.054,0.071,0.088,0.165,0.196,0.254,0.287,0.412,0.612,0.696,0.728,0.979,1.08,1.176,1.242,1.266,1.287,1.397,1.436,1.539,1.574,1.596,1.622,1.712,1.744,1.778,1.967,2.021,2.043,2.1,2.233,2.428,2.535,2.758,2.835,2.889,2.914,3.018,3.083,3.117,3.21,3.229,3.251,3.294,3.381,3.516,3.539,3.589,3.639,3.694,3.852,3.96,4.201,4.228,4.274,4.329,4.389,4.43,4.472,4.492,4.511,4.548,4.777,4.866,4.905,4.93,5.043,5.07,5.358,5.44,5.462,5.574,5.898,5.979,5.999,6.132,6.23,6.351,6.462,6.753,6.961,7.129,7.203,7.239,7.258,7.37,7.426,7.451,7.487,7.528,7.609,7.728,7.797,7.97,8.107,8.195,8.41,8.576,8.716,8.738,8.76,8.796,8.835,8.955,8.979,9.003,9.053,9.069,9.103,9.12,9.137,9.202,9.252,9.326,9.372,9.431,9.565,9.606,9.643,9.72,9.82,9.851,9.914,9.934,9.979,10.183,10.211,10.28,10.369,10.429,10.462,10.519,10.661,10.68,10.696,10.722,10.79,10.847,10.943,10.983,11.073,11.147,11.184,11.204,11.275,11.341,11.413,11.457,11.65,11.688,11.72,11.904,11.997,12.177,12.275,12.296,12.366,12.412,12.463,12.478,12.515,12.563,12.579,12.611,12.622,12.654,12.669,12.71,12.735,12.753,12.794,12.849,12.872,12.899,12.919,12.992,13.012,13.281,13.457,13.488,13.522,13.566,13.634,13.743,13.961,13.99,14.033,14.095,14.197,14.256,14.336,14.454,14.474,14.494,14.59,14.685,14.82,14.963,15.02,15.044,15.085,15.174,15.21,15.249,15.348,15.378,15.417,15.591,15.641,15.718,15.749,15.86,15.931,15.956,16.169,16.192,16.243,16.331,16.378,16.463,16.497,16.523,16.652,16.664,16.695,16.785,16.827,16.95,16.97,17.015,17.042,17.167,17.189,17.237,17.412,17.461,17.616,17.632,17.696,17.723,17.778,17.81,18.062,18.116,18.252,18.361,18.401,18.487,18.553,18.572,18.757,18.834,18.878,18.924,18.951,18.973,19.015,19.037,19.12,19.275,19.393,19.419,19.448,19.59,19.656,19.691,19.715,19.795,19.845,19.875,19.903,nan,nan,nan,nan,nan,nan,nan,nan,nan,nan,nan,nan,nan,nan,nan,nan,nan,nan,nan,nan,nan,nan,nan,nan,nan,nan,nan,nan,nan,nan,nan
0.099,0.153,0.21,0.301,0.325,0.348,0.381,0.453,0.479,0.531,0.587,0.652,0.681,0.701,0.743,0.794,0.822,0.836,0.921,1.02,1.127,1.18,1.239,1.346,1.397,1.416,1.482,1.604,1.932,1.95,1.991,2.109,2.153,2.21,2.271,2.318,2.403,2.436,2.489,2.549,2.606,2.692,2.776,2.844,2.888,2.986,3.113,3.148,3.172,3.204,3.219,3.276,3.293,3.331,3.352,3.373,3.41,3.51,3.521,3.542,3.556,3.622,3.698,3.761,3.868,3.922,3.996,4.043,4.105,4.25,4.283,4.351,4.485,4.57,4.7,4.812,4.856,4.915,4.985,5.016,5.128,5.155,5.212,5.241,5.379,5.409,5.534,5.563,5.577,5.669,5.72,5.745,5.838,5.891,6.03,6.077,6.192,6.395,6.433,6.465,6.504,6.605,6.63,6.663,6.681,6.77,6.865,6.939,6.993,7.111,7.244,7.323,7.465,7.539,7.568,7.621,7.775,7.811,7.89,7.92,7.974,8.061,8.104,8.137,8.211,8.243,8.302,8.448,8.495,8.533,8.571,8.649,8.681,8.824,8.921,8.985,9.052,9.093,9.212,9.272,9.323,9.477,9.554,9.571,9.641,9.716,9.777,9.798,9.843,9.885,9.945,9.977,10.017,10.055,10.125,10.157,10.257,10.289,10.336,10.444,10.586,10.68,10.706,10.806,10.844,10.915,11.003,11.105,11.133,11.176,11.249,11.293,11.354,11.453,11.542,11.588,11.638,11.677,11.729,11.806,11.932,11.965,11.979,12.022,12.052,12.072,12.164,12.209,12.395,12.428,12.554,12.587,12.621,12.671,12.708,12.764,12.799,12.846,12.864,13.105,13.131,13.158,13.177,13.237,13.272,13.312,13.351,13.517,13.559,13.592,13.617,13.708,13.928,13.966,14.099,14.149,14.209,14.261,14.358,14.382,14.455,14.521,14.575,14.626,14.781,14.8,14.825,14.987,15.092,15.169,15.199,15.269,15.306,15.339,15.368,15.627,15.67,15.771,15.805,15.917,15.944,15.963,16.022,16.046,16.107,16.15,16.298,16.326,16.38,16.417,16.481,16.579,16.691,16.741,16.884,16.947,17.016,17.078,17.126,17.262,17.401,17.463,17.486,17.512,17.566,17.624,17.638,17.682,17.705,17.818,17.915,18.005,18.2,18.319,18.38,18.579,18.658,18.694,18.734,18.79,19.045,19.121,19.194,19.26,19.316,19.356,19.43,19.604,19.653,19.851,19.889,19.998,nan,nan,nan,nan,nan,nan,nan,nan,nan,nan
0.124,0.178,0.235,0.326,0.35,0.373,0.406,0.478,0.504,0.556,0.612,0.677,0.706,0.726,0.768,0.819,0.847,0.861,0.946,1.045,1.152,1.205,1.264,1.371,1.422,1.441,1.507,1.629,1.957,1.975,2.016,2.134,2.178,2.235,2.296,2.343,2.428,2.461,2.514,2.574,2.631,2.717,2.801,2.869,2.913,3.011,3.138,3.173,3.197,3.229,3.244,3.301,3.318,3.356,3.377,3.398,3.435,3.535,3.546,3.567,3.581,3.647,3.723,3.786,3.893,3.947,4.021,4.068,4.13,4.275,4.308,4.376,4.51,4.595,4.725,4.837,4.881,4.94,5.01,5.041,5.153,5.18,5.237,5.266,5.404,5.434,5.559,5.588,5.602,5.694,5.745,5.77,5.863,5.916,6.055,6.102,6.217,6.42,6.458,6.49,6.529,6.63,6.655,6.688,6.706,6.795,6.89,6.964,7.018,7.136,7.269,7.348,7.49,7.564,7.593,7.646,7.8,7.836,7.915,7.945,7.999,8.086,8.129,8.162,8.236,8.268,8.327,8.473,8.52,8.558,8.596,8.674,8.706,8.849,8.946,9.01,9.077,9.118,9.237,9.297,9.348,9.502,9.579,9.596,9.666,9.741,9.802,9.823,9.868,9.91,9.97,10.002,10.042,10.08,10.15,10.182,10.282,10.314,10.361,10.469,10.611,10.705,10.731,10.831,10.869,10.94,11.028,11.13,11.158,11.201,11.274,11.318,11.379,11.478,11.567,11.613,11.663,11.702,11.754,11.831,11.957,11.99,12.004,12.047,12.077,12.097,12.189,12.234,12.42,12.453,12.579,12.612,12.646,12.696,12.733,12.789,12.824,12.871,12.889,13.13,13.156,13.183,13.202,13.262,13.297,13.337,13.376,13.542,13.584,13.617,13.642,13.733,13.953,13.991,14.124,14.174,14.234,14.286,14.383,14.407,14.48,14.546,14.6,14.651,14.806,14.825,14.85,15.012,15.117,15.194,15.224,15.294,15.331,15.364,15.393,15.652,15.695,15.796,15.83,15.942,15.969,15.988,16.047,16.071,16.132,16.175,16.323,16.351,16.405,16.442,16.506,16.604,16.716,16.766,16.909,16.972,17.041,17.103,17.151,17.287,17.426,17.488,17.511,17.537,17.591,17.649,17.663,17.707,17.73,17.843,17.94,18.03,18.225,18.344,18.405,18.604,18.683,18.719,18.759,18.815,19.07,19.146,19.219,19.285,19.341,19.381,19.455,19.629,19.678,19.876,19.914,20.023,nan,nan,nan,nan,nan,nan,nan,nan,nan,nan
0.149,0.203,0.26,0.351,0.375,0.398,0.431,0.503,0.529,0.581,0.637,0.702,0.731,0.751,0.793,0.844,0.872,0.886,0.971,1.07,1.177,1.23,1.289,1.396,1.447,1.466,1.532,1.654,1.982,2.0,2.041,2.159,2.203,2.26,2.321,2.368,2.453,2.486,2.539,2.599,2.656,2.742,2.826,2.894,2.938,3.036,3.163,3.198,3.222,3.254,3.269,3.326,3.343,3.381,3.402,3.423,3.46,3.56,3.571,3.592,3.606,3.672,3.748,3.811,3.918,3.972,4.046,4.093,4.155,4.3,4.333,4.401,4.535,4.62,4.75,4.862,4.906,4.965,5.035,5.066,5.178,5.205,5.262,5.291,5.429,5.459,5.584,5.613,5.627,5.719,5.77,5.795,5.888,5.941,6.08,6.127,6.242,6.445,6.483,6.515,6.554,6.655,6.68,6.713,6.731,6.82,6.915,6.989,7.043,7.161,7.294,7.373,7.515,7.589,7.618,7.671,7.825,7.861,7.94,7.97,8.024,8.111,8.154,8.187,8.261,8.293,8.352,8.498,8.545,8.583,8.621,8.699,8.731,8.874,8.971,9.035,9.102,9.143,9.262,9.322,9.373,9.527,9.604,9.621,9.691,9.766,9.827,9.848,9.893,9.935,9.995,10.027,10.067,10.105,10.175,10.207,10.307,10.339,10.386,10.494,10.636,10.73,10.756,10.856,10.894,10.965,11.053,11.155,11.183,11.226,11.299,11.343,11.404,11.503,11.592,11.638,11.688,11.727,11.779,11.856,11.982,12.015,12.029,12.072,12.102,12.122,12.214,12.259,12.445,12.478,12.604,12.637,12.671,12.721,12.758,12.814,12.849,12.896,12.914,13.155,13.181,13.208,13.227,13.287,13.322,13.362,13.401,13.567,13.609,13.642,13.667,13.758,13.978,14.016,14.149,14.199,14.259,14.311,14.408,14.432,14.505,14.571,14.625,14.676,14.831,14.85,14.875,15.037,15.142,15.219,15.249,15.319,15.356,15.389,15.418,15.677,15.72,15.821,15.855,15.967,15.994,16.013,16.072,16.096,16.157,16.2,16.348,16.376,16.43,16.467,16.531,16.629,16.741,16.791,16.934,16.997,17.066,17.128,17.176,17.312,17.451,17.513,17.536,17.562,17.616,17.674,17.688,17.732,17.755,17.868,17.965,18.055,18.25,18.369,18.43,18.629,18.708,18.744,18.784,18.84,19.095,19.171,19.244,19.31,19.366,19.406,19.48,19.654,19.703,19.901,19.939,20.048,nan,nan,nan,nan,nan,nan,nan,nan,nan,nan
0.174,0.228,0.285,0.376,0.4,0.423,0.456,0.528,0.554,0.606,0.662,0.727,0.756,0.776,0.818,0.869,0.897,0.911,0.996,1.095,1.202,1.255,1.314,1.421,1.472,1.491,1.557,1.679,2.007,2.025,2.066,2.184,2.228,2.285,2.346,2.393,2.478,2.511,2.564,2.624,2.681,2.767,2.851,2.919,2.963,3.061,3.188,3.223,3.247,3.279,3.294,3.351,3.368,3.406,3.427,3.448,3.485,3.585,3.596,3.617,3.631,3.697,3.773,3.836,3.943,3.997,4.071,4.118,4.18,4.325,4.358,4.426,4.56,4.645,4.775,4.887,4.931,4.99,5.06,5.091,5.203,5.23,5.287,5.316,5.454,5.484,5.609,5.638,5.652,5.744,5.795,5.82,5.913,5.966,6.105,6.152,6.267,6.47,6.508,6.54,6.579,6.68,6.705,6.738,6.756,6.845,6.94,7.014,7.068,7.186,7.319,7.398,7.54,7.614,7.643,7.696,7.85,7.886,7.965,7.995,8.049,8.136,8.179,8.212,8.286,8.318,8.377,8.523,8.57,8.608,8.646,8.724,8.756,8.899,8.996,9.06,9.127,9.168,9.287,9.347,9.398,9.552,9.629,9.646,9.716,9.791,9.852,9.873,9.918,9.96,10.02,10.052,10.092,10.13,10.2,10.232,10.332,10.364,10.411,10.519,10.661,10.755,10.781,10.881,10.919,10.99,11.078,11.18,11.208,11.251,11.324,11.368,11.429,11.528,11.617,11.663,11.713,11.752,11.804,11.881,12.007,12.04,12.054,12.097,12.127,12.147,12.239,12.284,12.47,12.503,12.629,12.662,12.696,12.746,12.783,12.839,12.874,12.921,12.939,13.18,13.206,13.233,13.252,13.312,13.347,13.387,13.426,13.592,13.634,13.667,13.692,13.783,14.003,14.041,14.174,14.224,14.284,14.336,14.433,14.457,14.53,14.596,14.65,14.701,14.856,14.875,14.9,15.062,15.167,15.244,15.274,15.344,15.381,15.414,15.443,15.702,15.745,15.846,15.88,15.992,16.019,16.038,16.097,16.121,16.182,16.225,16.373,16.401,16.455,16.492,16.556,16.654,16.766,16.816,16.959,17.022,17.091,17.153,17.201,17.337,17.476,17.538,17.561,17.587,17.641,17.699,17.713,17.757,17.78,17.893,17.99,18.08,18.275,18.394,18.455,18.654,18.733,18.769,18.809,18.865,19.12,19.196,19.269,19.335,19.391,19.431,19.505,19.679,19.728,19.926,19.964,20.073,nan,nan,nan,nan,nan,nan,nan,nan,nan,nan
