0.093,0.104,0.119,0.144,0.195,0.242,0.298,0.358,0.564,0.613,0.643,0.79,0.825,0.877,0.93,0.963,1.011,1.1,1.182,1.253,1.374,1.497,1.568,1.6,1.622,1.681,1.737,1.769,1.831,1.962,2.012,2.086,2.119,2.136,2.185,2.286,2.351,2.438,2.517,2.53,2.577,2.762,2.842,3.019,3.067,3.117,3.246,3.281,3.368,3.438,3.496,3.546,3.574,3.61,3.66,3.682,3.722,3.751,3.787,3.823,3.914,3.955,3.986,4.139,4.158,4.19,4.225,4.279,4.322,4.399,4.413,4.443,4.482,4.545,4.593,4.66,4.762,4.793,4.837,4.869,5.169,5.257,5.323,5.36,5.386,5.406,5.434,5.457,5.579,5.596,5.63,5.717,5.761,5.879,5.902,5.975,6.064,6.204,6.238,6.271,6.309,6.361,6.382,6.549,6.567,6.699,6.8,6.822,6.915,6.982,7.003,7.025,7.079,7.204,7.242,7.35,7.421,7.453,7.529,7.647,7.774,7.808,7.877,7.931,8.19,8.232,8.286,8.316,8.38,8.458,8.483,8.654,8.719,8.796,8.821,8.887,9.001,9.115,9.175,9.207,9.335,9.369,9.43,9.471,9.502,9.519,9.536,9.571,9.698,9.723,9.769,9.871,9.908,nan,nan,nan,nan,nan,nan,nan,nan
0.019,0.055,0.088,0.138,0.182,0.267,0.288,0.348,0.434,0.613,0.64,0.656,0.699,0.761,0.788,0.807,0.83,0.894,0.934,1.102,1.15,1.246,1.294,1.365,1.403,1.449,1.558,1.589,1.658,1.695,1.818,2.122,2.175,2.205,2.233,2.29,2.367,2.421,2.457,2.532,2.6,2.646,2.813,2.872,2.921,2.953,2.967,3.077,3.113,3.251,3.29,3.321,3.346,3.422,3.597,3.666,3.703,3.742,3.783,3.881,3.898,3.93,3.946,4.004,4.023,4.086,4.167,4.201,4.281,4.299,4.347,4.399,4.627,4.737,4.804,4.852,4.924,4.975,5.033,5.064,5.087,5.147,5.167,5.393,5.487,5.575,5.612,5.634,5.793,6.066,6.17,6.209,6.296,6.398,6.444,6.479,6.526,6.686,6.702,6.73,6.802,6.85,6.877,6.959,7.036,7.234,7.3,7.321,7.397,7.442,7.482,7.579,7.623,7.663,7.687,7.713,7.828,7.923,7.964,8.038,8.163,8.281,8.446,8.504,8.544,8.69,8.745,8.776,8.91,9.058,9.094,9.134,9.161,9.278,9.351,9.583,9.759,9.948,9.977,nan,nan,nan,nan,nan,nan,nan,nan,nan,nan,nan,nan,nan,nan,nan,nan,nan,nan,nan,nan,nan,nan
0.045,0.287,0.435,0.456,0.535,0.599,0.694,0.8,0.881,0.903,1.008,1.075,1.151,1.223,1.403,1.54,1.669,1.762,1.804,1.854,1.874,1.917,1.985,2.14,2.23,2.282,2.333,2.426,2.46,2.633,2.699,2.737,2.803,2.868,2.915,2.947,3.054,3.146,3.214,3.256,3.292,3.351,3.372,3.403,3.439,3.614,3.688,3.788,3.907,3.952,4.129,4.181,4.249,4.294,4.327,4.42,4.436,4.531,4.656,4.753,4.847,4.937,5.031,5.099,5.12,5.203,5.288,5.45,5.487,5.508,5.595,5.625,5.681,5.754,5.882,5.93,5.951,6.202,6.241,6.264,6.434,6.521,6.603,6.642,6.669,6.699,6.733,6.772,6.817,6.899,7.026,7.101,7.13,7.156,7.191,7.213,7.282,7.41,7.484,7.532,7.814,7.931,8.006,8.11,8.142,8.236,8.405,8.419,8.439,8.479,8.578,8.612,8.673,8.694,8.753,8.785,8.848,8.967,9.062,9.186,9.208,9.252,9.38,9.441,9.481,9.672,9.844,9.897,9.929,9.953,9.981,nan,nan,nan,nan,nan,nan,nan,nan,nan,nan,nan,nan,nan,nan,nan,nan,nan,nan,nan,nan,nan,nan,nan,nan,nan,nan,nan,nan,nan,nan
0.072,0.121,0.147,0.227,0.272,0.31,0.42,0.5,0.542,0.579,0.823,0.861,0.987,1.047,1.082,1.189,1.308,1.342,1.503,1.965,1.991,2.048,2.121,2.162,2.185,2.212,2.238,2.32,2.391,2.529,2.568,2.599,2.676,2.797,2.828,2.873,2.937,3.065,3.087,3.142,3.324,3.349,3.37,3.413,3.516,3.62,3.699,3.748,3.764,3.832,3.875,3.917,3.953,3.992,4.041,4.197,4.211,4.248,4.312,4.445,4.487,4.521,4.567,4.624,4.722,4.783,4.824,4.968,5.012,5.059,5.162,5.202,5.274,5.328,5.357,5.387,5.473,5.499,5.528,5.584,5.825,6.029,6.056,6.071,6.119,6.263,6.314,6.351,6.374,6.395,6.436,6.536,6.572,6.601,6.871,7.053,7.104,7.13,7.208,7.447,7.499,7.53,7.612,7.689,7.718,7.787,7.829,7.887,7.926,8.06,8.127,8.156,8.239,8.375,8.408,8.44,8.549,8.592,8.646,8.671,8.732,8.759,8.784,8.821,8.865,8.954,9.008,9.079,9.206,9.324,9.376,9.412,9.45,9.713,9.74,9.766,9.827,9.893,9.945,9.983,nan,nan,nan,nan,nan,nan,nan,nan,nan,nan,nan,nan,nan,nan,nan,nan,nan,nan,nan,nan,nan
0.043,0.101,0.172,0.225,0.276,0.362,0.401,0.445,0.495,0.537,0.656,0.705,0.752,0.771,0.905,0.93,0.995,1.106,1.191,1.246,1.279,1.323,1.374,1.438,1.532,1.564,1.702,1.784,1.816,1.869,1.921,2.01,2.061,2.101,2.12,2.14,2.185,2.204,2.239,2.302,2.427,2.478,2.589,2.818,2.842,2.883,3.078,3.114,3.143,3.163,3.282,3.324,3.472,3.506,3.531,3.595,3.812,3.889,3.908,4.128,4.158,4.282,4.309,4.414,4.456,4.566,4.721,4.767,4.955,5.045,5.52,5.708,5.757,5.8,5.854,5.885,5.945,5.978,6.007,6.274,6.344,6.386,6.448,6.488,6.504,6.577,6.614,6.716,6.789,6.833,6.919,6.964,7.057,7.084,7.118,7.151,7.238,7.268,7.359,7.383,7.436,7.56,7.614,7.642,7.68,7.728,7.771,7.892,7.927,7.967,8.043,8.088,8.114,8.165,8.216,8.494,8.556,8.65,8.866,8.923,9.126,9.187,9.27,9.291,9.331,9.357,9.521,9.547,9.583,9.625,9.637,9.69,9.73,9.768,9.816,9.856,nan,nan,nan,nan,nan,nan,nan,nan,nan,nan,nan,nan,nan,nan,nan,nan,nan,nan,nan,nan,nan,nan,nan,nan,nan
0.104,0.144,0.184,0.266,0.363,0.389,0.428,0.479,0.702,0.741,0.757,0.806,0.898,0.934,0.961,0.984,1.022,1.093,1.121,1.207,1.285,1.432,1.525,1.546,1.753,1.811,1.885,1.929,1.943,1.998,2.033,2.06,2.14,2.238,2.26,2.309,2.394,2.436,2.585,2.628,2.688,2.705,2.758,2.783,2.823,2.843,2.866,2.943,2.997,3.027,3.091,3.134,3.195,3.268,3.316,3.446,3.499,3.57,3.638,3.716,3.898,3.939,3.955,3.968,4.065,4.117,4.423,4.695,4.735,4.874,4.939,5.013,5.129,5.22,5.242,5.285,5.33,5.451,5.57,5.638,5.686,5.719,5.894,5.952,5.971,6.032,6.118,6.234,6.336,6.456,6.48,6.53,6.737,6.827,6.95,6.969,6.992,7.064,7.185,7.242,7.269,7.296,7.342,7.43,7.497,7.633,7.733,7.762,7.787,7.874,7.972,8.024,8.058,8.09,8.131,8.187,8.225,8.335,8.369,8.6,8.664,8.702,8.751,8.805,8.839,8.904,9.146,9.161,9.202,9.24,9.277,9.308,9.346,9.401,9.45,9.602,9.668,9.767,9.918,9.961,nan,nan,nan,nan,nan,nan,nan,nan,nan,nan,nan,nan,nan,nan,nan,nan,nan,nan,nan,nan,nan
0.037,0.076,0.137,0.19,0.253,0.323,0.401,0.43,0.482,0.519,0.543,0.647,0.704,0.738,0.762,0.776,0.794,0.84,0.872,0.891,1.022,1.131,1.199,1.276,1.367,1.401,1.503,1.546,1.592,1.638,1.668,1.715,1.832,1.897,1.936,1.962,1.98,2.034,2.138,2.196,2.385,2.435,2.479,2.505,2.612,2.657,2.703,2.729,2.837,2.879,2.921,2.958,3.021,3.038,3.061,3.213,3.252,3.289,3.397,3.514,3.55,3.572,3.608,3.643,3.844,4.009,4.052,4.115,4.15,4.169,4.192,4.228,4.261,4.313,4.343,4.368,4.414,4.504,4.588,4.608,4.683,4.827,4.86,4.886,4.922,4.958,4.996,5.036,5.126,5.148,5.222,5.263,5.356,5.403,5.418,5.482,5.503,5.549,5.603,5.703,5.755,5.795,5.921,5.962,6.036,6.098,6.17,6.182,6.259,6.282,6.362,6.463,6.517,6.555,6.608,6.71,6.848,6.909,6.975,7.102,7.132,7.244,7.268,7.4,7.432,7.555,7.647,7.74,7.807,7.886,7.925,7.967,8.024,8.085,8.109,8.175,8.194,8.257,8.285,8.35,8.508,8.551,8.61,8.706,8.764,8.872,9.022,9.048,9.09,9.152,9.26,9.307,9.581,9.706,9.838,9.924,9.944,nan,nan,nan,nan
0.02,0.044,0.114,0.204,0.256,0.31,0.498,0.556,0.631,0.668,0.863,0.886,0.935,1.067,1.283,1.343,1.429,1.503,1.57,1.63,1.667,1.705,1.72,1.769,1.847,2.04,2.11,2.167,2.23,2.286,2.301,2.336,2.371,2.568,2.586,2.627,2.724,2.827,2.962,3.082,3.112,3.145,3.369,3.426,3.526,3.567,3.646,3.763,3.816,3.875,3.89,3.99,4.216,4.265,4.333,4.456,4.493,4.51,4.585,4.603,4.713,4.738,4.905,4.931,4.97,5.143,5.214,5.232,5.258,5.455,5.498,5.534,5.572,5.63,5.677,5.727,5.858,5.952,6.019,6.126,6.149,6.275,6.391,6.485,6.51,6.526,6.626,6.691,6.716,6.764,6.817,6.959,7.15,7.227,7.279,7.354,7.48,7.551,7.597,7.684,7.718,7.75,7.907,7.931,7.955,7.99,8.135,8.157,8.211,8.279,8.294,8.321,8.384,8.468,8.55,8.601,8.702,8.766,8.883,8.936,8.995,9.152,9.294,9.365,9.51,9.53,9.569,9.732,9.789,9.815,9.939,nan,nan,nan,nan,nan,nan,nan,nan,nan,nan,nan,nan,nan,nan,nan,nan,nan,nan,nan,nan,nan,nan,nan,nan,nan,nan,nan,nan,nan,nan
0.052,0.084,0.163,0.235,0.297,0.49,0.511,0.543,0.651,0.671,0.733,0.782,0.824,1.193,1.242,1.288,1.312,1.389,1.484,1.51,1.56,1.754,1.822,1.905,1.945,1.99,2.074,2.231,2.377,2.53,2.566,2.583,2.62,2.664,2.807,2.86,2.982,3.209,3.27,3.349,3.404,3.43,3.502,3.581,3.675,3.705,3.832,3.938,3.97,4.016,4.062,4.106,4.231,4.28,4.337,4.375,4.529,4.556,4.607,4.654,4.714,4.752,4.781,4.812,4.879,4.914,4.992,5.027,5.076,5.139,5.189,5.215,5.251,5.381,5.44,5.464,5.495,5.764,5.787,5.881,5.927,5.995,6.077,6.159,6.235,6.344,6.393,6.531,6.575,6.627,6.658,6.879,7.108,7.145,7.22,7.351,7.373,7.534,7.586,7.641,7.664,7.693,7.861,7.903,7.943,8.041,8.083,8.115,8.18,8.321,8.358,8.375,8.422,8.455,8.524,8.557,8.573,8.617,8.658,8.741,8.794,8.932,8.974,8.996,9.021,9.086,9.114,9.233,9.382,9.399,9.583,9.742,9.77,9.792,9.839,9.927,nan,nan,nan,nan,nan,nan,nan,nan,nan,nan,nan,nan,nan,nan,nan,nan,nan,nan,nan,nan,nan,nan,nan,nan,nan
0.046,0.08,0.21,0.267,0.332,0.43,0.522,0.563,0.599,0.631,0.765,0.998,1.067,1.108,1.135,1.191,1.236,1.266,1.467,1.526,1.569,1.587,1.622,1.689,1.727,1.808,1.898,1.975,2.038,2.165,2.235,2.294,2.312,2.366,2.428,2.46,2.485,2.546,2.761,2.897,2.994,3.104,3.141,3.228,3.319,3.396,3.42,3.481,3.521,3.546,3.59,3.634,3.659,3.693,3.765,3.8,4.014,4.038,4.105,4.165,4.242,4.299,4.394,4.441,4.477,4.507,4.534,4.586,4.638,4.675,4.791,4.871,4.959,5.133,5.192,5.234,5.261,5.322,5.461,5.498,5.532,5.613,5.646,5.701,5.757,5.816,5.893,5.93,5.955,5.996,6.031,6.125,6.158,6.315,6.403,6.614,6.742,6.758,6.795,6.842,6.946,6.979,7.047,7.135,7.193,7.252,7.386,7.447,7.518,7.651,7.675,7.846,7.937,7.957,8.037,8.062,8.132,8.215,8.246,8.274,8.335,8.405,8.634,8.689,8.758,8.844,8.865,9.008,9.027,9.093,9.139,9.268,9.31,9.585,9.69,9.736,9.749,9.777,9.824,9.892,9.918,nan,nan,nan,nan,nan,nan,nan,nan,nan,nan,nan,nan,nan,nan,nan,nan,nan,nan,nan,nan
0.068,0.102,0.13,0.151,0.298,0.339,0.389,0.428,0.463,0.479,0.661,0.723,0.821,0.849,0.981,1.019,1.056,1.275,1.299,1.476,1.606,1.655,1.687,1.73,1.764,1.792,1.927,1.987,2.216,2.283,2.306,2.364,2.438,2.486,2.569,2.731,2.774,2.865,2.897,2.983,3.089,3.149,3.196,3.274,3.305,3.367,3.401,3.533,3.562,3.594,3.633,3.677,3.735,3.788,3.82,3.833,3.885,3.914,3.98,4.104,4.381,4.484,4.531,4.641,4.742,4.761,4.804,4.87,4.912,4.962,5.025,5.083,5.115,5.188,5.339,5.44,5.468,5.558,5.579,5.608,5.697,5.833,5.924,5.985,6.065,6.103,6.153,6.21,6.436,6.463,6.546,6.599,6.64,6.684,6.708,6.724,6.764,6.817,6.905,6.945,6.978,7.074,7.22,7.349,7.528,7.56,7.613,7.701,7.805,7.825,7.929,7.953,8.062,8.241,8.275,8.33,8.466,8.591,8.668,8.723,8.794,8.814,8.884,8.989,9.142,9.244,9.303,9.342,9.378,9.414,9.465,9.562,9.581,9.614,9.675,9.735,9.762,9.977,nan,nan,nan,nan,nan,nan,nan,nan,nan,nan,nan,nan,nan,nan,nan,nan,nan,nan,nan,nan,nan,nan,nan
0.041,0.081,0.125,0.163,0.198,0.316,0.355,0.476,0.516,0.594,0.652,0.676,0.748,0.77,0.816,0.889,0.999,1.042,1.138,1.172,1.191,1.247,1.353,1.411,1.532,1.614,1.627,1.667,1.775,1.799,1.999,2.05,2.075,2.112,2.208,2.235,2.325,2.346,2.414,2.452,2.506,2.584,2.626,2.706,2.785,2.811,2.959,3.065,3.14,3.212,3.379,3.443,3.507,3.539,3.612,3.664,3.705,3.759,3.801,3.834,3.876,3.936,4.009,4.05,4.077,4.172,4.311,4.521,4.552,4.612,4.681,4.714,4.777,4.959,4.999,5.042,5.548,5.584,5.598,5.713,5.791,5.838,5.907,5.943,6.046,6.119,6.297,6.327,6.352,6.46,6.605,6.651,6.68,6.71,6.842,6.91,7.047,7.123,7.188,7.222,7.237,7.272,7.286,7.333,7.367,7.386,7.555,7.655,7.676,7.74,7.812,7.847,7.886,8.069,8.114,8.212,8.234,8.287,8.365,8.408,8.449,8.47,8.513,8.592,8.608,8.734,8.779,8.921,8.984,9.046,9.107,9.198,9.293,9.368,9.503,9.624,9.651,9.677,9.837,9.849,nan,nan,nan,nan,nan,nan,nan,nan,nan,nan,nan,nan,nan,nan,nan,nan,nan,nan,nan,nan,nan
0.059,0.098,0.135,0.304,0.32,0.408,0.473,0.519,0.565,0.62,0.677,0.755,0.803,0.861,0.944,1.068,1.09,1.123,1.169,1.225,1.54,1.56,1.587,1.643,1.782,1.83,1.927,1.987,2.087,2.127,2.17,2.221,2.341,2.381,2.453,2.473,2.535,2.598,2.627,2.646,2.67,2.728,2.748,2.786,2.826,2.893,2.917,3.031,3.096,3.157,3.22,3.248,3.284,3.444,3.486,3.513,3.533,3.561,3.606,3.978,4.034,4.268,4.391,4.461,4.564,4.647,4.794,4.843,4.888,5.002,5.071,5.219,5.259,5.275,5.36,5.422,5.501,5.536,5.56,5.613,5.639,5.71,5.758,5.802,5.878,5.983,6.043,6.081,6.109,6.142,6.205,6.243,6.297,6.314,6.351,6.527,6.648,6.672,6.933,7.123,7.184,7.233,7.284,7.329,7.395,7.557,7.65,7.725,7.783,7.812,7.876,7.902,8.023,8.164,8.203,8.269,8.327,8.401,8.47,8.542,8.581,8.62,8.73,8.777,8.869,8.937,8.968,8.99,9.009,9.076,9.362,9.419,9.622,9.653,9.696,9.713,9.763,9.976,nan,nan,nan,nan,nan,nan,nan,nan,nan,nan,nan,nan,nan,nan,nan,nan,nan,nan,nan,nan,nan,nan,nan
0.03,0.043,0.114,0.21,0.249,0.294,0.364,0.459,0.558,0.599,0.622,0.651,0.794,0.839,0.869,1.075,1.098,1.125,1.207,1.38,1.513,1.686,1.761,1.845,1.872,1.925,2.031,2.063,2.171,2.195,2.241,2.269,2.341,2.429,2.555,2.589,2.67,2.693,2.778,2.869,2.909,3.0,3.172,3.308,3.452,3.473,3.527,3.676,3.711,3.736,3.842,3.878,3.956,4.044,4.065,4.089,4.196,4.244,4.28,4.462,4.515,4.555,4.612,4.821,4.919,4.959,4.998,5.02,5.069,5.15,5.175,5.292,5.333,5.375,5.452,5.552,5.589,5.677,5.71,5.794,5.842,5.915,6.183,6.221,6.277,6.45,6.558,6.578,6.618,6.636,6.664,6.804,6.849,6.864,6.964,7.126,7.186,7.228,7.264,7.313,7.337,7.356,7.677,7.726,7.804,7.864,8.117,8.209,8.311,8.488,8.572,8.613,8.651,8.673,8.703,8.786,8.906,8.977,9.043,9.142,9.311,9.387,9.43,9.507,9.543,9.626,9.668,9.685,9.713,9.878,9.916,9.942,nan,nan,nan,nan,nan,nan,nan,nan,nan,nan,nan,nan,nan,nan,nan,nan,nan,nan,nan,nan,nan,nan,nan,nan,nan,nan,nan,nan,nan
0.053,0.274,0.296,0.333,0.376,0.538,0.608,0.693,0.814,0.908,0.995,1.045,1.087,1.217,1.271,1.314,1.471,1.563,1.586,1.639,1.713,1.798,1.855,1.919,1.945,1.962,2.053,2.131,2.37,2.509,2.541,2.619,2.653,2.815,2.981,3.082,3.158,3.34,3.38,3.436,3.462,3.521,3.567,3.631,3.658,3.699,3.741,3.793,3.817,3.851,3.946,3.965,4.153,4.183,4.208,4.261,4.319,4.473,4.505,4.569,4.744,4.789,4.807,4.924,5.001,5.085,5.349,5.413,5.458,5.487,5.54,5.643,5.713,5.741,5.802,5.864,5.919,5.964,6.092,6.157,6.223,6.264,6.298,6.351,6.393,6.476,6.537,6.599,6.655,6.76,6.795,6.954,7.035,7.094,7.185,7.255,7.455,7.515,7.65,7.69,7.734,7.781,7.815,7.91,8.003,8.189,8.242,8.316,8.385,8.484,8.64,8.826,8.893,8.97,9.041,9.082,9.157,9.188,9.321,9.371,9.514,9.532,9.574,9.605,9.669,9.728,9.92,nan,nan,nan,nan,nan,nan,nan,nan,nan,nan,nan,nan,nan,nan,nan,nan,nan,nan,nan,nan,nan,nan,nan,nan,nan,nan,nan,nan,nan,nan,nan,nan,nan,nan
0.028,0.105,0.126,0.215,0.296,0.346,0.46,0.612,0.712,0.808,0.837,0.866,0.924,0.98,1.098,1.12,1.188,1.203,1.296,1.349,1.38,1.398,1.459,1.49,1.532,1.575,1.591,1.623,1.768,1.838,1.863,1.987,2.027,2.054,2.133,2.177,2.254,2.318,2.393,2.417,2.573,2.624,2.693,2.744,2.77,2.812,2.883,2.975,3.041,3.196,3.227,3.275,3.548,3.612,3.628,3.641,3.723,3.765,3.822,3.964,4.025,4.087,4.121,4.262,4.34,4.364,4.508,4.527,4.663,4.762,4.833,4.852,4.975,5.028,5.21,5.281,5.303,5.356,5.406,5.473,5.534,5.552,5.62,5.664,5.741,5.77,5.859,5.984,6.046,6.131,6.178,6.224,6.457,6.475,6.527,6.615,6.647,6.724,6.785,6.812,6.858,6.888,6.928,7.118,7.172,7.253,7.503,7.585,7.603,7.636,7.716,7.823,7.859,7.884,7.904,7.952,8.091,8.15,8.198,8.339,8.452,8.606,8.632,8.668,8.732,8.787,8.814,8.838,8.938,8.987,9.011,9.033,9.301,9.404,9.448,9.52,9.579,9.674,9.772,9.798,9.859,9.89,9.941,9.971,nan,nan,nan,nan,nan,nan,nan,nan,nan,nan,nan,nan,nan,nan,nan,nan,nan
0.051,0.148,0.222,0.309,0.42,0.588,0.67,0.754,0.781,0.892,0.934,0.955,1.007,1.096,1.146,1.258,1.324,1.376,1.492,1.577,1.595,1.644,1.764,1.824,1.929,2.082,2.128,2.17,2.205,2.244,2.357,2.403,2.459,2.519,2.706,2.731,2.87,2.952,3.026,3.062,3.073,3.142,3.193,3.227,3.246,3.363,3.485,3.538,3.674,3.705,3.753,3.771,3.808,3.912,3.929,3.985,4.114,4.196,4.435,4.46,4.526,4.558,4.646,4.675,4.746,4.808,4.88,4.973,5.039,5.373,5.389,5.564,5.651,5.683,5.714,5.754,5.878,5.934,6.062,6.194,6.254,6.276,6.334,6.422,6.452,6.49,6.565,6.609,6.656,6.731,6.811,6.867,6.99,7.029,7.092,7.186,7.206,7.244,7.263,7.366,7.653,7.737,7.754,7.82,7.902,7.954,7.995,8.134,8.285,8.336,8.421,8.485,8.524,8.575,8.612,8.719,8.784,8.816,8.878,8.915,9.054,9.145,9.19,9.25,9.321,9.386,9.414,9.437,9.506,9.535,9.57,9.612,9.713,9.847,9.929,nan,nan,nan,nan,nan,nan,nan,nan,nan,nan,nan,nan,nan,nan,nan,nan,nan,nan,nan,nan,nan,nan,nan,nan,nan,nan
0.118,0.137,0.316,0.436,0.475,0.511,0.589,0.645,0.724,0.871,1.097,1.126,1.162,1.189,1.437,1.549,1.568,1.874,2.0,2.092,2.18,2.233,2.376,2.434,2.461,2.495,2.642,2.685,2.755,2.79,2.826,2.849,2.962,3.004,3.067,3.079,3.117,3.145,3.199,3.272,3.351,3.388,3.408,3.441,3.473,3.513,3.603,3.742,3.757,3.944,3.969,4.016,4.06,4.078,4.1,4.15,4.187,4.209,4.252,4.338,4.378,4.554,4.659,4.777,4.837,5.01,5.13,5.154,5.187,5.218,5.309,5.386,5.406,5.423,5.529,5.571,5.621,5.669,5.811,5.861,5.887,5.917,5.975,6.013,6.062,6.395,6.443,6.477,6.544,6.611,6.671,6.726,6.787,6.846,6.928,7.029,7.057,7.11,7.147,7.198,7.29,7.331,7.667,7.927,7.978,8.004,8.033,8.097,8.125,8.195,8.221,8.378,8.411,8.518,8.66,8.74,8.764,8.811,8.944,8.976,8.994,9.047,9.088,9.2,9.23,9.258,9.333,9.367,9.453,9.541,9.581,9.644,9.713,9.759,9.793,9.826,9.89,9.967,nan,nan,nan,nan,nan,nan,nan,nan,nan,nan,nan,nan,nan,nan,nan,nan,nan,nan,nan,nan,nan,nan,nan
0.056,0.086,0.146,0.195,0.286,0.33,0.522,0.671,0.683,0.725,0.822,0.866,0.946,0.979,1.02,1.087,1.151,1.194,1.249,1.43,1.663,1.684,1.76,1.827,1.858,1.895,1.909,1.935,2.152,2.212,2.251,2.283,2.314,2.407,2.501,2.608,2.7,2.776,2.878,2.897,2.922,3.044,3.1,3.123,3.168,3.24,3.331,3.385,3.451,3.511,3.607,3.667,3.688,3.761,3.778,3.81,3.886,3.944,3.963,4.062,4.179,4.234,4.342,4.467,4.51,4.644,4.71,4.756,4.779,4.92,5.011,5.038,5.183,5.214,5.238,5.297,5.399,5.49,5.576,5.675,5.718,5.751,5.892,5.92,5.964,6.028,6.069,6.176,6.249,6.268,6.374,6.501,6.531,6.561,6.684,6.716,6.739,6.77,6.798,6.822,6.852,6.899,6.95,6.981,7.024,7.06,7.136,7.157,7.291,7.327,7.407,7.476,7.504,7.583,7.687,7.719,7.771,7.807,7.824,7.874,7.91,7.981,8.034,8.063,8.113,8.134,8.271,8.307,8.363,8.405,8.438,8.47,8.486,8.533,8.618,8.685,8.803,8.911,8.95,9.146,9.177,9.331,9.351,9.412,9.441,9.52,9.551,9.569,9.599,9.654,9.718,9.824,9.864,9.965,nan,nan,nan,nan,nan,nan,nan
0.028,0.071,0.117,0.183,0.209,0.245,0.274,0.356,0.385,0.55,0.586,0.623,0.664,0.746,0.772,0.909,0.94,0.969,1.06,1.077,1.113,1.139,1.212,1.372,1.446,1.481,1.61,1.686,1.715,1.735,1.826,1.952,2.052,2.104,2.135,2.17,2.215,2.243,2.295,2.376,2.403,2.648,2.704,2.859,2.938,2.965,2.98,3.003,3.086,3.283,3.339,3.361,3.389,3.49,3.547,3.647,3.745,3.806,3.833,3.854,3.935,3.988,4.266,4.333,4.38,4.525,4.554,4.646,4.7,4.768,4.897,4.91,4.966,5.047,5.223,5.375,5.42,5.488,5.574,5.627,5.751,5.985,6.035,6.054,6.117,6.152,6.183,6.258,6.305,6.411,6.488,6.668,6.701,6.821,6.899,6.944,6.998,7.267,7.305,7.392,7.452,7.662,7.75,7.839,7.875,7.893,7.962,8.032,8.05,8.125,8.267,8.322,8.396,8.441,8.483,8.52,8.552,8.594,8.63,8.697,8.751,8.789,8.811,8.889,9.007,9.066,9.193,9.221,9.251,9.275,9.345,9.398,9.423,9.527,9.566,9.601,9.64,9.679,9.708,9.84,9.889,nan,nan,nan,nan,nan,nan,nan,nan,nan,nan,nan,nan,nan,nan,nan,nan,nan,nan,nan,nan
0.052,0.104,0.13,0.271,0.372,0.586,0.619,0.75,0.781,0.824,0.929,1.035,1.084,1.154,1.203,1.24,1.458,1.491,1.537,1.604,1.62,1.701,1.719,1.743,1.784,1.907,1.979,1.994,2.012,2.036,2.125,2.163,2.195,2.226,2.492,2.585,2.628,2.785,2.84,2.898,2.951,2.998,3.084,3.22,3.248,3.586,3.608,3.805,3.961,4.051,4.108,4.175,4.261,4.302,4.415,4.662,4.697,4.728,4.877,4.938,4.961,5.005,5.149,5.229,5.346,5.363,5.465,5.488,5.511,5.547,5.562,5.659,5.747,5.88,5.899,5.948,6.038,6.12,6.16,6.248,6.437,6.571,6.638,6.675,6.771,6.808,6.839,6.874,6.929,7.047,7.097,7.151,7.21,7.249,7.273,7.378,7.485,7.516,7.556,7.647,7.694,7.766,7.807,7.885,7.951,8.008,8.022,8.061,8.155,8.242,8.267,8.334,8.438,8.461,8.507,8.635,8.696,8.734,8.814,8.847,8.912,8.978,9.125,9.355,9.418,9.547,9.585,9.635,9.784,9.9,nan,nan,nan,nan,nan,nan,nan,nan,nan,nan,nan,nan,nan,nan,nan,nan,nan,nan,nan,nan,nan,nan,nan,nan,nan,nan,nan,nan,nan,nan,nan
0.049,0.171,0.288,0.4,0.472,0.491,0.546,0.588,0.639,0.739,0.861,0.889,0.92,0.972,1.034,1.093,1.227,1.329,1.39,1.516,1.621,1.647,1.726,1.779,1.844,1.935,1.967,2.02,2.057,2.084,2.135,2.224,2.244,2.393,2.443,2.475,2.511,2.654,2.808,2.911,2.963,3.072,3.107,3.156,3.224,3.309,3.428,3.475,3.574,3.611,3.63,3.658,3.702,3.756,3.773,3.848,3.987,4.053,4.268,4.304,4.394,4.487,4.508,4.539,4.624,4.736,4.848,4.914,5.18,5.202,5.236,5.268,5.34,5.461,5.537,5.565,5.746,5.825,5.861,5.888,5.924,5.972,6.001,6.029,6.199,6.287,6.387,6.503,6.617,6.731,6.818,6.875,6.917,7.016,7.199,7.247,7.275,7.375,7.418,7.542,7.594,7.633,7.671,7.793,7.868,7.961,8.021,8.055,8.175,8.252,8.31,8.331,8.391,8.473,8.499,8.569,8.589,8.633,8.654,8.711,8.752,8.891,9.028,9.241,9.331,9.425,9.465,9.494,9.621,9.656,9.724,9.745,9.775,9.828,9.965,nan,nan,nan,nan,nan,nan,nan,nan,nan,nan,nan,nan,nan,nan,nan,nan,nan,nan,nan,nan,nan,nan,nan,nan,nan,nan
0.075,0.138,0.169,0.21,0.273,0.302,0.419,0.518,0.553,0.615,0.649,0.84,0.997,1.022,1.037,1.069,1.11,1.267,1.292,1.388,1.446,1.526,1.583,1.686,1.713,1.851,1.867,1.959,1.99,2.036,2.066,2.186,2.231,2.474,2.497,2.54,2.609,2.623,2.66,2.704,2.753,2.917,3.009,3.109,3.16,3.208,3.27,3.327,3.461,3.514,3.534,3.62,3.694,3.817,3.861,3.935,4.033,4.07,4.154,4.234,4.417,4.751,4.784,4.831,4.88,4.979,5.261,5.337,5.386,5.455,5.469,5.495,5.513,5.592,5.666,5.688,5.774,5.866,5.887,5.919,6.029,6.093,6.115,6.152,6.267,6.292,6.339,6.371,6.433,6.453,6.473,6.619,6.666,6.804,7.01,7.066,7.12,7.279,7.321,7.402,7.449,7.48,7.527,7.684,7.732,7.811,8.117,8.262,8.327,8.431,8.466,8.504,8.616,8.696,8.792,8.823,8.87,8.899,8.949,9.02,9.076,9.214,9.242,9.27,9.332,9.423,9.467,9.537,9.563,9.663,9.706,9.733,9.857,9.899,9.917,9.95,nan,nan,nan,nan,nan,nan,nan,nan,nan,nan,nan,nan,nan,nan,nan,nan,nan,nan,nan,nan,nan,nan,nan,nan,nan
0.08,0.137,0.184,0.219,0.295,0.413,0.513,0.543,0.588,0.64,0.659,0.695,0.835,0.887,0.908,0.94,0.957,1.072,1.171,1.415,1.453,1.561,1.755,1.801,1.833,1.888,2.004,2.194,2.219,2.358,2.416,2.447,2.51,2.536,2.559,2.618,2.633,2.675,2.73,2.956,2.992,3.094,3.148,3.186,3.208,3.251,3.263,3.33,3.367,3.583,3.647,3.779,3.804,3.855,3.894,3.977,4.082,4.206,4.249,4.307,4.422,4.539,4.597,4.625,4.769,4.808,4.867,4.903,5.137,5.206,5.347,5.457,5.494,5.555,5.652,5.78,5.942,5.964,5.982,6.013,6.065,6.158,6.188,6.22,6.364,6.505,6.584,6.767,6.795,6.836,6.871,6.886,6.911,7.046,7.104,7.26,7.35,7.448,7.496,7.515,7.684,7.709,7.82,7.879,7.906,7.965,8.02,8.12,8.178,8.246,8.272,8.343,8.373,8.453,8.489,8.518,8.571,8.606,8.649,8.674,8.717,8.802,8.919,9.051,9.1,9.119,9.203,9.255,9.432,9.544,9.633,9.722,9.852,9.964,nan,nan,nan,nan,nan,nan,nan,nan,nan,nan,nan,nan,nan,nan,nan,nan,nan,nan,nan,nan,nan,nan,nan,nan,nan,nan,nan
0.105,0.236,0.349,0.37,0.41,0.477,0.545,0.575,0.601,0.748,0.79,0.927,1.061,1.106,1.143,1.171,1.223,1.246,1.282,1.313,1.345,1.443,1.474,1.525,1.555,1.569,1.601,1.622,1.653,1.706,1.824,1.856,1.913,2.073,2.148,2.205,2.34,2.391,2.421,2.563,2.615,2.673,2.702,2.727,2.795,2.946,2.985,3.009,3.04,3.148,3.23,3.354,3.454,3.52,3.542,3.581,3.633,3.687,3.909,3.955,3.984,4.039,4.078,4.106,4.155,4.18,4.483,4.52,4.577,4.709,4.736,4.835,4.863,4.886,4.911,4.999,5.058,5.079,5.115,5.261,5.299,5.368,5.433,5.455,5.485,5.561,5.591,5.635,5.693,5.716,5.96,6.142,6.219,6.348,6.396,6.454,6.53,6.618,6.712,6.747,6.809,6.969,7.215,7.281,7.333,7.391,7.43,7.521,7.662,7.715,7.783,7.812,7.865,7.913,8.022,8.098,8.197,8.3,8.344,8.41,8.637,8.673,8.704,8.739,8.765,8.807,8.862,8.956,9.055,9.097,9.14,9.18,9.339,9.357,9.6,9.746,9.767,9.804,9.962,nan,nan,nan,nan,nan,nan,nan,nan,nan,nan,nan,nan,nan,nan,nan,nan,nan,nan,nan,nan,nan,nan
0.074,0.155,0.257,0.324,0.397,0.622,0.643,0.726,0.764,0.799,0.96,0.994,1.023,1.057,1.089,1.106,1.139,1.175,1.231,1.372,1.443,1.562,1.647,1.725,1.84,1.886,2.017,2.091,2.159,2.244,2.27,2.437,2.469,2.59,2.632,2.661,2.745,2.829,2.897,3.086,3.207,3.37,3.518,3.532,3.602,3.653,3.712,4.098,4.137,4.2,4.303,4.336,4.379,4.456,4.588,4.614,4.63,4.68,4.707,4.756,4.816,4.865,5.021,5.16,5.227,5.33,5.454,5.506,5.53,5.659,5.702,5.742,5.776,6.045,6.118,6.364,6.448,6.548,6.637,6.683,6.808,6.868,6.893,7.012,7.104,7.122,7.397,7.434,7.507,7.544,7.587,7.611,7.656,7.803,7.837,7.892,7.972,7.992,8.048,8.163,8.206,8.305,8.337,8.365,8.383,8.461,8.536,8.585,8.654,8.697,8.775,8.923,9.205,9.303,9.364,9.434,9.462,9.519,9.618,9.66,9.732,9.783,9.914,nan,nan,nan,nan,nan,nan,nan,nan,nan,nan,nan,nan,nan,nan,nan,nan,nan,nan,nan,nan,nan,nan,nan,nan,nan,nan,nan,nan,nan,nan,nan,nan,nan,nan,nan,nan,nan,nan
0.095,0.116,0.159,0.269,0.308,0.341,0.386,0.478,0.633,0.714,0.758,0.772,1.011,1.031,1.052,1.085,1.106,1.144,1.202,1.423,1.457,1.502,1.528,1.593,1.623,1.67,1.773,1.874,1.887,1.976,2.027,2.19,2.215,2.244,2.309,2.514,2.571,2.625,2.693,2.722,2.744,2.797,2.831,2.842,2.932,2.947,3.035,3.069,3.088,3.131,3.184,3.217,3.282,3.361,3.396,3.508,3.52,3.58,3.606,3.636,3.661,3.73,3.783,3.821,3.835,3.9,4.029,4.068,4.164,4.248,4.267,4.313,4.387,4.475,4.575,4.665,4.753,4.809,4.985,5.134,5.261,5.294,5.437,5.501,5.547,5.592,5.666,5.7,5.83,5.872,6.011,6.094,6.345,6.389,6.405,6.422,6.49,6.538,6.578,6.71,6.747,6.767,6.829,6.979,7.07,7.107,7.137,7.245,7.379,7.472,7.551,7.59,7.699,7.827,7.981,8.03,8.113,8.142,8.214,8.247,8.289,8.323,8.345,8.39,8.488,8.699,8.778,8.839,8.924,8.952,9.0,9.033,9.132,9.197,9.258,9.29,9.309,9.387,9.416,9.479,9.648,9.776,9.803,9.965,nan,nan,nan,nan,nan,nan,nan,nan,nan,nan,nan,nan,nan,nan,nan,nan,nan
0.027,0.103,0.188,0.26,0.345,0.364,0.396,0.443,0.497,0.529,0.555,0.577,0.601,0.64,0.697,0.741,1.092,1.127,1.2,1.286,1.504,1.555,1.691,1.8,2.106,2.144,2.207,2.242,2.381,2.476,2.58,2.627,2.66,2.742,2.757,2.816,2.832,2.907,2.965,3.008,3.049,3.106,3.132,3.174,3.208,3.295,3.315,3.351,3.42,3.463,3.502,3.626,3.666,3.68,3.76,3.789,3.972,4.047,4.082,4.12,4.167,4.229,4.269,4.29,4.352,4.366,4.505,4.621,4.704,4.776,4.804,4.845,4.898,4.916,4.974,4.997,5.032,5.057,5.118,5.213,5.365,5.404,5.452,5.497,5.528,5.574,5.611,5.638,5.745,5.779,5.852,5.894,5.912,5.974,6.092,6.15,6.308,6.328,6.433,6.458,6.491,6.545,6.566,6.733,6.838,7.017,7.042,7.131,7.185,7.268,7.298,7.415,7.495,7.574,7.671,7.779,7.863,7.957,8.05,8.085,8.134,8.213,8.277,8.429,8.452,8.529,8.551,8.641,8.761,8.984,9.133,9.208,9.228,9.308,9.373,9.47,9.613,9.781,9.808,9.825,9.853,9.896,9.927,9.941,9.983,nan,nan,nan,nan,nan,nan,nan,nan,nan,nan,nan,nan,nan,nan,nan,nan
0.028,0.172,0.207,0.34,0.419,0.474,0.515,0.527,0.618,0.75,0.775,0.838,0.991,1.019,1.045,1.06,1.078,1.167,1.286,1.313,1.339,1.364,1.388,1.451,1.59,1.647,1.684,1.809,1.843,1.904,1.951,2.097,2.16,2.299,2.407,2.534,2.574,2.635,2.671,2.707,2.799,2.88,2.899,3.01,3.051,3.118,3.249,3.302,3.334,3.457,3.48,3.558,3.651,3.682,3.729,3.841,4.006,4.049,4.077,4.094,4.134,4.159,4.205,4.233,4.271,4.347,4.414,4.449,4.474,4.506,4.543,4.594,4.69,4.794,4.919,4.95,5.07,5.11,5.266,5.325,5.464,5.475,5.57,5.619,5.637,5.681,5.713,5.87,5.946,6.065,6.157,6.216,6.349,6.416,6.455,6.588,6.628,6.669,6.695,6.743,6.947,6.986,7.053,7.099,7.118,7.202,7.236,7.269,7.369,7.535,7.566,7.619,7.699,7.755,7.801,7.863,8.048,8.127,8.18,8.235,8.26,8.4,8.45,8.47,8.549,8.584,8.684,8.709,8.799,8.85,8.883,8.918,8.996,9.097,9.189,9.31,9.348,9.502,9.544,9.582,9.599,9.874,9.98,nan,nan,nan,nan,nan,nan,nan,nan,nan,nan,nan,nan,nan,nan,nan,nan,nan,nan
0.284,0.378,0.39,0.48,0.499,0.521,0.615,0.65,0.666,0.727,0.836,0.884,0.945,0.961,1.016,1.061,1.127,1.18,1.221,1.238,1.307,1.363,1.397,1.64,1.664,1.688,1.734,1.855,1.919,1.969,1.997,2.068,2.088,2.107,2.164,2.319,2.35,2.376,2.459,2.668,2.777,2.833,2.888,2.909,2.963,3.15,3.169,3.213,3.24,3.261,3.293,3.359,3.387,3.426,3.467,3.553,3.665,3.728,3.781,3.883,3.934,3.992,4.032,4.075,4.275,4.317,4.367,4.396,4.427,4.523,4.589,4.638,4.746,4.784,4.835,5.175,5.252,5.362,5.379,5.42,5.466,5.61,5.697,5.755,5.769,5.843,5.859,6.018,6.124,6.444,6.601,6.64,6.719,6.899,6.993,7.018,7.057,7.147,7.448,7.575,7.596,7.642,7.693,7.784,7.898,7.924,7.957,8.057,8.239,8.338,8.364,8.569,8.606,8.652,8.685,8.717,8.806,8.839,8.891,8.904,8.998,9.115,9.146,9.271,9.321,9.358,9.504,9.604,9.879,9.927,9.957,nan,nan,nan,nan,nan,nan,nan,nan,nan,nan,nan,nan,nan,nan,nan,nan,nan,nan,nan,nan,nan,nan,nan,nan,nan,nan,nan,nan,nan,nan
0.093,0.261,0.314,0.466,0.572,0.661,0.719,0.765,0.802,0.844,0.907,0.966,0.998,1.059,1.107,1.143,1.208,1.251,1.277,1.394,1.438,1.506,1.547,1.733,1.782,1.808,1.896,1.965,2.074,2.113,2.186,2.231,2.35,2.43,2.578,2.618,2.739,2.814,3.034,3.108,3.181,3.206,3.269,3.286,3.365,3.404,3.441,3.534,3.609,3.742,3.9,3.943,3.983,4.018,4.063,4.118,4.187,4.228,4.266,4.308,4.331,4.394,4.441,4.568,4.697,4.786,4.817,4.881,4.937,5.097,5.154,5.246,5.287,5.332,5.424,5.525,5.552,5.649,5.738,5.869,6.08,6.11,6.156,6.238,6.28,6.43,6.476,6.499,6.529,6.625,6.848,6.878,6.986,7.081,7.2,7.252,7.313,7.429,7.484,7.568,7.596,7.614,7.641,7.706,7.778,7.872,7.965,8.119,8.161,8.23,8.287,8.328,8.416,8.469,8.644,8.735,8.857,8.941,8.998,9.026,9.107,9.237,9.34,9.388,9.403,9.427,9.479,9.5,9.592,9.755,9.805,9.868,9.904,9.936,9.966,nan,nan,nan,nan,nan,nan,nan,nan,nan,nan,nan,nan,nan,nan,nan,nan,nan,nan,nan,nan,nan,nan,nan,nan,nan,nan
0.096,0.179,0.225,0.264,0.315,0.361,0.403,0.43,0.465,0.53,0.657,0.71,0.783,0.867,0.921,0.958,1.026,1.076,1.195,1.415,1.473,1.566,1.774,1.837,1.887,1.908,1.946,2.085,2.156,2.189,2.25,2.271,2.294,2.342,2.367,2.467,2.509,2.585,2.625,2.733,2.764,2.835,2.86,3.03,3.046,3.103,3.184,3.231,3.255,3.281,3.346,3.377,3.414,3.48,3.52,3.676,3.706,3.735,3.777,3.814,3.875,3.946,3.967,4.118,4.189,4.3,4.356,4.407,4.483,4.564,4.612,4.699,4.712,4.813,4.949,4.979,5.033,5.078,5.107,5.197,5.306,5.412,5.481,5.82,5.881,5.91,5.953,5.993,6.014,6.033,6.109,6.133,6.228,6.244,6.354,6.621,6.688,6.734,6.785,6.875,6.973,7.01,7.074,7.233,7.251,7.274,7.393,7.499,7.534,7.567,7.615,7.635,7.661,7.719,7.91,7.945,7.968,8.301,8.373,8.494,8.525,8.633,8.677,8.722,8.778,8.845,8.893,8.968,9.033,9.1,9.162,9.389,9.424,9.471,9.66,9.689,9.732,9.835,9.872,9.928,9.943,nan,nan,nan,nan,nan,nan,nan,nan,nan,nan,nan,nan,nan,nan,nan,nan,nan,nan,nan,nan
0.154,0.2,0.359,0.437,0.554,0.576,0.605,0.632,0.657,0.732,0.771,0.839,0.89,0.99,1.028,1.115,1.152,1.181,1.351,1.389,1.406,1.472,1.506,1.57,1.625,1.675,1.852,1.897,1.994,2.023,2.184,2.238,2.326,2.442,2.473,2.525,2.634,2.791,2.823,2.845,2.978,3.078,3.103,3.204,3.233,3.288,3.335,3.396,3.422,3.521,3.63,3.683,3.752,3.816,3.847,3.874,3.942,4.078,4.162,4.176,4.215,4.325,4.404,4.445,4.508,4.566,4.616,4.698,4.8,4.842,4.98,4.999,5.026,5.165,5.261,5.292,5.327,5.379,5.395,5.494,5.523,5.58,5.647,5.664,5.726,5.768,5.847,5.908,6.147,6.178,6.301,6.335,6.411,6.481,6.524,6.589,6.613,6.656,6.768,6.922,7.049,7.078,7.342,7.377,7.397,7.518,7.543,7.598,7.708,7.762,7.779,7.869,7.975,8.251,8.271,8.331,8.464,8.488,8.599,8.642,8.692,8.715,8.788,8.886,9.067,9.22,9.286,9.482,9.513,9.54,9.581,9.663,9.748,9.769,9.82,9.848,9.889,9.933,9.993,nan,nan,nan,nan,nan,nan,nan,nan,nan,nan,nan,nan,nan,nan,nan,nan,nan,nan,nan,nan,nan,nan
0.032,0.15,0.204,0.234,0.313,0.4,0.452,0.503,0.547,0.655,0.705,0.758,0.899,0.968,1.0,1.111,1.134,1.306,1.402,1.424,1.482,1.528,1.578,1.652,1.67,1.775,1.855,1.95,1.963,2.067,2.166,2.204,2.356,2.422,2.457,2.522,2.659,2.69,2.76,2.816,2.938,3.044,3.145,3.181,3.223,3.256,3.292,3.387,3.53,3.576,3.613,3.777,3.818,3.834,3.996,4.02,4.066,4.193,4.214,4.239,4.286,4.351,4.389,4.481,4.5,4.535,4.596,4.626,4.657,4.714,4.892,4.928,5.027,5.161,5.353,5.394,5.433,5.452,5.518,5.616,5.703,5.737,5.929,6.19,6.315,6.488,6.533,6.615,6.652,6.762,6.841,6.931,6.974,7.039,7.084,7.1,7.211,7.256,7.325,7.415,7.448,7.526,7.602,7.637,7.684,7.723,7.842,7.91,7.977,8.012,8.08,8.109,8.142,8.177,8.277,8.415,8.478,8.815,8.87,8.884,8.922,9.07,9.149,9.251,9.331,9.403,9.437,9.6,9.688,9.771,9.815,9.85,9.879,nan,nan,nan,nan,nan,nan,nan,nan,nan,nan,nan,nan,nan,nan,nan,nan,nan,nan,nan,nan,nan,nan,nan,nan,nan,nan,nan,nan
0.041,0.275,0.343,0.498,0.552,0.693,0.735,0.882,0.95,0.977,1.052,1.164,1.211,1.324,1.413,1.59,1.633,1.674,1.736,1.798,1.858,1.899,1.934,1.967,2.032,2.073,2.171,2.235,2.27,2.293,2.328,2.368,2.452,2.548,2.596,2.654,2.734,2.83,2.892,2.952,3.004,3.023,3.049,3.074,3.114,3.161,3.214,3.239,3.304,3.349,3.416,3.493,3.514,3.599,3.621,3.682,3.721,3.893,3.931,4.047,4.318,4.393,4.436,4.493,4.508,4.583,4.678,4.7,4.738,4.8,4.854,4.881,4.921,5.071,5.137,5.177,5.21,5.239,5.283,5.304,5.401,5.497,5.52,5.81,5.849,5.88,5.992,6.079,6.126,6.149,6.168,6.24,6.349,6.379,6.51,6.543,6.821,6.853,6.904,6.931,7.045,7.176,7.223,7.291,7.351,7.51,7.536,7.563,7.606,7.667,7.849,7.866,7.887,7.905,7.935,8.268,8.308,8.383,8.507,8.593,8.822,8.842,8.97,9.015,9.063,9.197,9.411,9.461,9.494,9.559,9.632,9.682,9.896,9.987,nan,nan,nan,nan,nan,nan,nan,nan,nan,nan,nan,nan,nan,nan,nan,nan,nan,nan,nan,nan,nan,nan,nan,nan,nan,nan,nan
0.135,0.165,0.185,0.334,0.363,0.489,0.606,0.639,0.733,0.795,0.832,0.954,1.109,1.136,1.328,1.458,1.531,1.582,1.621,1.67,1.783,1.839,1.868,1.933,2.004,2.104,2.246,2.297,2.357,2.417,2.556,2.654,3.132,3.232,3.283,3.299,3.329,3.35,3.383,3.426,3.607,3.696,3.865,3.983,4.035,4.068,4.1,4.143,4.224,4.349,4.387,4.457,4.509,4.622,4.646,4.674,4.691,4.714,4.808,4.948,5.037,5.186,5.289,5.365,5.454,5.554,5.594,5.64,5.67,5.793,5.877,5.893,5.943,5.971,6.02,6.11,6.174,6.241,6.292,6.47,6.564,6.589,6.67,6.775,6.986,7.073,7.117,7.167,7.224,7.249,7.274,7.333,7.382,7.446,7.467,7.553,7.592,7.628,7.662,7.699,7.738,7.765,7.857,7.926,7.944,7.966,8.039,8.223,8.3,8.369,8.461,8.601,8.67,8.69,8.747,8.78,8.826,8.922,8.962,9.139,9.153,9.217,9.269,9.377,9.39,9.441,9.577,9.723,9.756,9.886,9.944,9.975,nan,nan,nan,nan,nan,nan,nan,nan,nan,nan,nan,nan,nan,nan,nan,nan,nan,nan,nan,nan,nan,nan,nan,nan,nan,nan,nan,nan,nan
0.032,0.182,0.213,0.233,0.358,0.427,0.466,0.508,0.551,0.573,0.671,0.716,0.786,0.872,0.964,1.015,1.038,1.061,1.12,1.212,1.264,1.328,1.412,1.471,1.507,1.539,1.685,1.776,1.797,1.846,1.889,1.955,2.089,2.171,2.23,2.281,2.296,2.345,2.393,2.486,2.6,2.669,2.69,2.703,2.79,2.871,2.91,2.999,3.076,3.107,3.136,3.283,3.359,3.503,3.611,3.67,3.792,3.82,3.854,3.891,3.922,4.002,4.173,4.214,4.235,4.272,4.39,4.411,4.46,4.557,4.6,4.666,4.772,4.846,4.904,5.038,5.145,5.21,5.257,5.284,5.356,5.425,5.451,5.519,5.54,5.618,5.662,5.694,5.77,5.838,5.924,5.97,5.987,6.058,6.207,6.259,6.368,6.413,6.494,6.947,7.13,7.242,7.301,7.363,7.389,7.459,7.562,7.597,7.658,7.775,7.83,7.877,7.975,8.006,8.119,8.402,8.568,8.586,8.624,8.656,8.684,8.806,8.862,8.898,8.947,8.967,9.177,9.205,9.259,9.297,9.358,9.384,9.5,9.625,9.716,9.891,9.944,9.992,nan,nan,nan,nan,nan,nan,nan,nan,nan,nan,nan,nan,nan,nan,nan,nan,nan,nan,nan,nan,nan,nan,nan
0.225,0.277,0.306,0.363,0.405,0.445,0.526,0.59,0.637,0.662,0.685,0.731,0.847,1.053,1.273,1.347,1.399,1.433,1.502,1.536,1.614,1.688,1.719,1.811,1.859,1.902,1.95,2.032,2.133,2.197,2.261,2.359,2.396,2.48,2.569,2.659,2.726,2.769,2.787,2.851,2.982,3.064,3.09,3.111,3.273,3.387,3.477,3.527,3.607,3.68,3.715,3.784,3.825,3.918,3.939,3.978,4.011,4.062,4.105,4.197,4.254,4.345,4.539,4.594,4.646,4.721,4.782,4.811,4.858,4.886,4.936,4.982,5.155,5.217,5.242,5.322,5.365,5.4,5.504,5.555,5.621,5.683,5.709,5.86,6.023,6.085,6.112,6.136,6.21,6.255,6.332,6.351,6.364,6.422,6.474,6.543,6.58,6.716,6.83,6.854,6.916,6.987,7.056,7.222,7.3,7.325,7.36,7.474,7.646,7.751,7.917,7.996,8.116,8.163,8.257,8.434,8.495,8.534,8.584,8.648,8.749,8.879,8.904,9.011,9.063,9.084,9.186,9.331,9.503,9.551,9.574,9.607,9.789,9.881,9.934,9.953,9.976,nan,nan,nan,nan,nan,nan,nan,nan,nan,nan,nan,nan,nan,nan,nan,nan,nan,nan,nan,nan,nan,nan,nan,nan
0.055,0.111,0.129,0.272,0.343,0.536,0.556,0.597,0.693,0.745,0.812,0.855,0.865,0.915,0.965,1.033,1.094,1.125,1.211,1.258,1.373,1.472,1.507,1.569,1.654,1.685,1.713,1.812,1.863,1.883,2.005,2.034,2.077,2.105,2.177,2.228,2.334,2.484,2.68,2.804,2.823,2.907,2.943,3.009,3.03,3.047,3.083,3.154,3.17,3.232,3.342,3.446,3.52,3.553,3.611,3.639,3.773,3.787,3.938,3.987,4.017,4.124,4.22,4.259,4.317,4.366,4.414,4.569,4.665,4.78,4.807,4.853,4.907,4.959,4.999,5.084,5.148,5.225,5.254,5.442,5.525,5.593,5.663,5.739,5.783,5.836,5.859,5.894,5.949,5.991,6.045,6.082,6.146,6.22,6.268,6.335,6.42,6.463,6.527,6.546,6.576,6.625,6.769,6.815,6.886,6.936,6.972,7.109,7.151,7.207,7.228,7.258,7.33,7.352,7.372,7.411,7.694,7.829,7.914,7.944,8.069,8.197,8.244,8.287,8.334,8.41,8.431,8.493,8.568,8.643,8.678,8.713,8.788,8.823,9.001,9.019,9.094,9.13,9.259,9.29,9.336,9.427,9.46,9.473,9.572,9.739,9.782,9.829,9.904,9.994,nan,nan,nan,nan,nan,nan,nan,nan,nan,nan,nan
0.038,0.085,0.106,0.122,0.326,0.411,0.52,0.56,0.624,0.797,0.835,0.895,0.932,1.013,1.246,1.289,1.365,1.417,1.466,1.484,1.516,1.544,1.683,1.714,1.797,1.932,2.043,2.257,2.312,2.348,2.366,2.388,2.402,2.48,2.596,2.656,2.695,2.737,2.798,2.931,2.95,2.989,3.03,3.061,3.097,3.146,3.174,3.38,3.475,3.536,3.564,3.596,3.704,3.804,3.995,4.153,4.276,4.327,4.383,4.412,4.506,4.602,4.664,4.84,4.886,4.93,4.961,5.059,5.144,5.174,5.277,5.303,5.337,5.413,5.47,5.544,5.621,5.646,5.664,5.779,5.806,5.966,5.983,6.184,6.34,6.409,6.483,6.504,6.564,6.599,6.66,6.775,6.851,6.896,6.928,7.002,7.026,7.122,7.148,7.196,7.333,7.363,7.424,7.445,7.597,7.725,7.811,7.961,7.999,8.057,8.201,8.244,8.269,8.3,8.333,8.374,8.428,8.457,8.552,8.68,8.73,8.774,8.855,8.897,8.938,9.046,9.105,9.162,9.256,9.36,9.432,9.485,9.526,9.585,9.677,9.768,9.863,9.904,nan,nan,nan,nan,nan,nan,nan,nan,nan,nan,nan,nan,nan,nan,nan,nan,nan,nan,nan,nan,nan,nan,nan
0.076,0.098,0.218,0.258,0.324,0.409,0.562,0.597,0.628,0.76,0.795,0.894,0.938,1.01,1.053,1.34,1.423,1.5,1.527,1.672,1.889,1.902,1.946,2.09,2.337,2.386,2.574,2.605,2.759,2.906,2.951,2.989,3.139,3.163,3.263,3.286,3.341,3.388,3.434,3.599,3.7,3.749,3.788,3.822,3.836,3.868,3.899,3.971,3.998,4.051,4.128,4.225,4.397,4.488,4.521,4.565,4.612,4.636,4.735,4.812,4.835,4.887,4.922,5.01,5.059,5.136,5.168,5.252,5.322,5.455,5.524,5.64,5.783,5.876,5.96,5.998,6.083,6.139,6.196,6.331,6.509,6.536,6.562,6.642,6.746,6.849,6.97,7.031,7.071,7.329,7.382,7.528,7.557,7.581,7.641,7.714,7.731,7.775,7.808,7.854,7.89,7.94,8.036,8.054,8.069,8.148,8.179,8.335,8.392,8.461,8.483,8.579,8.621,8.654,8.67,8.8,8.833,8.962,9.03,9.084,9.12,9.147,9.17,9.287,9.432,9.476,9.649,9.68,9.714,9.745,9.778,9.897,9.945,nan,nan,nan,nan,nan,nan,nan,nan,nan,nan,nan,nan,nan,nan,nan,nan,nan,nan,nan,nan,nan,nan,nan,nan,nan,nan,nan,nan
0.054,0.198,0.331,0.529,0.771,0.808,0.838,0.896,1.005,1.052,1.139,1.25,1.387,1.484,1.708,1.741,1.935,1.958,2.046,2.082,2.167,2.256,2.298,2.339,2.455,2.489,2.59,2.636,2.669,2.848,2.869,2.906,2.948,3.001,3.038,3.088,3.204,3.251,3.296,3.326,3.427,3.479,3.498,3.593,3.743,3.86,3.93,4.051,4.22,4.254,4.294,4.34,4.423,4.467,4.526,4.571,4.628,4.68,4.701,4.75,4.838,4.898,4.97,5.027,5.129,5.243,5.27,5.308,5.35,5.37,5.429,5.529,5.62,5.659,5.703,5.72,5.74,5.785,5.821,5.851,5.883,5.917,5.934,5.986,6.004,6.073,6.12,6.252,6.274,6.312,6.42,6.515,6.656,6.747,6.873,6.917,6.953,6.966,7.077,7.272,7.292,7.32,7.44,7.457,7.527,7.556,7.585,7.643,7.667,7.719,7.775,7.796,7.94,7.99,8.085,8.157,8.229,8.393,8.421,8.498,8.539,8.757,8.861,8.904,9.019,9.145,9.265,9.295,9.37,9.417,9.463,9.494,9.539,9.586,9.612,9.634,9.732,9.826,9.875,9.927,9.948,nan,nan,nan,nan,nan,nan,nan,nan,nan,nan,nan,nan,nan,nan,nan,nan,nan,nan,nan,nan
0.043,0.134,0.172,0.288,0.312,0.347,0.393,0.435,0.47,0.592,0.623,0.738,0.797,0.824,0.866,0.897,1.002,1.168,1.189,1.314,1.434,1.544,1.579,1.601,1.763,1.825,1.88,1.909,1.964,2.016,2.07,2.141,2.173,2.195,2.246,2.297,2.329,2.36,2.38,2.418,2.536,2.607,2.635,2.707,2.754,2.771,2.894,2.917,2.997,3.044,3.116,3.201,3.243,3.301,3.348,3.488,3.512,3.554,3.659,3.705,3.8,3.909,4.016,4.109,4.242,4.267,4.458,4.48,4.783,4.83,4.88,4.901,4.928,4.989,5.143,5.196,5.215,5.276,5.427,5.466,5.548,5.619,5.84,5.863,5.938,5.99,6.016,6.1,6.138,6.315,6.422,6.462,6.489,6.56,6.644,6.709,6.785,6.884,6.904,7.053,7.071,7.125,7.178,7.231,7.259,7.298,7.406,7.461,7.489,7.614,7.639,7.702,7.754,7.801,7.813,8.03,8.052,8.116,8.185,8.227,8.342,8.43,8.514,8.563,8.59,8.62,8.698,8.758,8.816,8.857,8.891,9.012,9.057,9.154,9.207,9.24,9.393,9.44,9.537,9.582,9.598,9.712,9.766,9.92,nan,nan,nan,nan,nan,nan,nan,nan,nan,nan,nan,nan,nan,nan,nan,nan,nan
0.036,0.11,0.156,0.177,0.199,0.323,0.501,0.633,0.725,0.761,0.94,1.079,1.128,1.154,1.354,1.395,1.574,1.648,1.687,1.767,1.879,1.904,1.957,2.026,2.115,2.127,2.17,2.232,2.303,2.365,2.433,2.45,2.527,2.548,2.625,2.658,2.731,2.93,3.052,3.112,3.175,3.194,3.213,3.237,3.399,3.485,3.578,3.796,3.882,4.033,4.056,4.109,4.167,4.219,4.254,4.448,4.478,4.573,4.635,4.767,4.844,4.872,5.022,5.108,5.194,5.245,5.265,5.293,5.33,5.557,5.62,5.663,5.887,5.936,6.021,6.056,6.093,6.181,6.22,6.302,6.376,6.409,6.448,6.513,6.543,6.625,6.666,6.703,6.741,6.813,6.931,6.955,7.004,7.089,7.234,7.419,7.483,7.521,7.599,7.715,7.747,7.811,7.858,8.026,8.068,8.126,8.173,8.366,8.411,8.434,8.534,8.619,8.808,8.861,8.949,9.113,9.143,9.163,9.199,9.238,9.407,9.476,9.522,9.57,9.628,9.661,9.727,9.785,9.816,9.854,9.944,nan,nan,nan,nan,nan,nan,nan,nan,nan,nan,nan,nan,nan,nan,nan,nan,nan,nan,nan,nan,nan,nan,nan,nan,nan,nan,nan,nan,nan,nan
0.111,0.138,0.172,0.194,0.246,0.337,0.361,0.413,0.455,0.623,0.748,0.822,0.918,0.967,0.997,1.102,1.156,1.193,1.288,1.324,1.34,1.388,1.456,1.544,1.734,1.833,1.906,1.991,2.032,2.121,2.181,2.353,2.393,2.412,2.479,2.507,2.571,2.623,2.677,2.778,2.81,2.863,2.953,3.006,3.026,3.072,3.098,3.197,3.246,3.274,3.33,3.4,3.443,3.47,3.545,3.644,3.682,3.701,3.712,3.811,3.886,3.967,4.055,4.092,4.146,4.242,4.277,4.327,4.401,4.531,4.589,4.704,4.753,4.853,4.888,4.945,4.999,5.109,5.137,5.292,5.306,5.318,5.386,5.573,5.603,5.664,5.679,5.733,5.79,5.848,5.927,5.953,6.057,6.079,6.126,6.145,6.244,6.314,6.331,6.437,6.467,6.535,6.556,6.583,6.62,6.663,6.82,6.913,6.95,7.034,7.058,7.078,7.114,7.176,7.268,7.298,7.401,7.44,7.495,7.525,7.603,7.734,7.788,7.806,7.827,7.894,7.935,7.979,8.031,8.066,8.102,8.165,8.189,8.239,8.262,8.32,8.421,8.45,8.547,8.608,8.717,8.776,8.839,8.869,8.915,9.009,9.082,9.155,9.284,9.342,9.434,9.472,9.6,9.643,9.675,9.697,9.782,9.831,9.862,9.935,9.978
0.027,0.069,0.145,0.215,0.267,0.291,0.304,0.366,0.448,0.456,0.473,0.503,0.515,0.561,0.592,0.627,0.714,0.854,0.889,0.93,1.01,1.063,1.16,1.213,1.312,1.359,1.461,1.539,1.575,1.609,1.798,1.833,1.877,2.037,2.092,2.11,2.138,2.201,2.273,2.368,2.421,2.453,2.528,2.567,2.618,2.664,2.848,2.952,3.018,3.05,3.112,3.169,3.196,3.231,3.31,3.491,3.555,3.588,3.63,3.661,3.76,3.811,3.832,3.908,3.999,4.129,4.265,4.296,4.387,4.556,4.671,4.69,4.785,4.822,4.881,4.914,4.986,5.135,5.192,5.291,5.421,5.489,5.646,5.73,5.795,5.827,5.961,6.008,6.057,6.117,6.163,6.203,6.306,6.324,6.359,6.39,6.428,6.476,6.575,6.641,6.694,6.729,6.777,6.805,6.898,6.95,6.967,7.036,7.07,7.091,7.122,7.185,7.382,7.424,7.443,7.482,7.588,7.632,7.713,7.92,7.951,7.996,8.026,8.105,8.264,8.306,8.355,8.591,8.909,9.039,9.076,9.113,9.148,9.195,9.245,9.272,9.423,9.478,9.495,9.512,9.563,9.628,9.719,9.769,9.863,9.944,9.996,nan,nan,nan,nan,nan,nan,nan,nan,nan,nan,nan,nan,nan,nan
0.034,0.059,0.104,0.154,0.197,0.283,0.353,0.41,0.473,0.589,0.623,0.662,0.705,0.802,0.873,1.039,1.09,1.281,1.325,1.355,1.47,1.499,1.531,1.73,1.816,1.9,1.955,2.057,2.073,2.147,2.191,2.335,2.406,2.426,2.466,2.588,2.637,2.664,2.772,2.806,2.933,2.999,3.013,3.032,3.291,3.35,3.368,3.392,3.532,3.599,3.688,3.754,3.85,3.957,4.032,4.141,4.265,4.413,4.486,4.537,4.589,4.611,4.66,4.703,4.746,4.777,4.865,4.908,5.076,5.128,5.17,5.276,5.361,5.448,5.469,5.5,5.592,5.621,5.658,5.756,5.839,6.01,6.101,6.133,6.276,6.332,6.484,6.52,6.599,6.656,6.684,6.727,6.769,6.814,6.865,6.89,6.928,6.994,7.185,7.215,7.272,7.312,7.384,7.423,7.463,7.504,7.644,7.692,7.734,8.023,8.129,8.188,8.492,8.589,8.871,8.91,8.957,9.098,9.149,9.167,9.19,9.245,9.493,9.726,9.786,9.861,9.933,9.965,nan,nan,nan,nan,nan,nan,nan,nan,nan,nan,nan,nan,nan,nan,nan,nan,nan,nan,nan,nan,nan,nan,nan,nan,nan,nan,nan,nan,nan,nan,nan,nan,nan
0.034,0.091,0.147,0.19,0.232,0.321,0.361,0.603,0.646,0.694,0.743,0.777,0.825,0.848,0.994,1.055,1.086,1.141,1.177,1.222,1.238,1.327,1.341,1.392,1.417,1.575,1.638,1.713,1.757,1.799,1.825,1.859,1.897,1.967,1.99,2.096,2.264,2.444,2.548,2.637,2.783,2.833,2.874,2.9,2.949,3.008,3.047,3.099,3.125,3.2,3.419,3.45,3.534,3.673,3.726,3.944,4.021,4.06,4.078,4.189,4.207,4.265,4.394,4.416,4.455,4.605,4.659,4.826,4.946,4.974,5.048,5.103,5.183,5.237,5.27,5.375,5.422,5.611,5.781,5.8,5.831,5.978,6.007,6.102,6.147,6.26,6.29,6.326,6.369,6.417,6.45,6.64,6.733,6.794,6.852,6.9,7.02,7.037,7.073,7.102,7.144,7.244,7.276,7.377,7.392,7.435,7.454,7.53,7.573,7.597,7.649,7.723,7.798,7.864,7.929,8.03,8.09,8.163,8.262,8.315,8.339,8.378,8.433,8.484,8.537,8.596,8.624,8.682,8.763,8.796,8.845,8.927,8.991,9.034,9.049,9.132,9.204,9.433,9.483,9.511,9.561,9.659,9.703,9.735,9.794,9.884,9.924,nan,nan,nan,nan,nan,nan,nan,nan,nan,nan,nan,nan,nan,nan
0.118,0.143,0.175,0.234,0.272,0.318,0.388,0.463,0.622,0.812,0.911,1.107,1.14,1.177,1.302,1.38,1.468,1.483,1.522,1.559,1.724,1.756,1.817,1.865,1.91,1.927,1.954,2.03,2.065,2.109,2.202,2.225,2.24,2.466,2.491,2.708,2.766,2.844,2.916,3.006,3.088,3.114,3.153,3.196,3.237,3.27,3.442,3.516,3.548,3.577,3.599,3.794,3.869,3.915,3.965,4.031,4.118,4.166,4.338,4.449,4.492,4.565,4.647,4.822,4.894,4.924,4.962,4.984,5.052,5.084,5.177,5.257,5.285,5.313,5.416,5.528,5.581,5.597,5.643,5.678,5.786,5.824,5.907,5.955,6.017,6.045,6.222,6.327,6.457,6.496,6.532,6.556,6.622,6.713,6.741,6.935,6.998,7.053,7.089,7.134,7.214,7.327,7.348,7.394,7.457,7.643,7.744,7.779,7.863,7.891,7.956,8.027,8.054,8.081,8.093,8.12,8.218,8.24,8.363,8.453,8.476,8.539,8.582,8.647,8.782,9.06,9.148,9.19,9.211,9.302,9.378,9.413,9.462,9.58,9.782,9.821,9.893,9.927,nan,nan,nan,nan,nan,nan,nan,nan,nan,nan,nan,nan,nan,nan,nan,nan,nan,nan,nan,nan,nan,nan,nan
0.094,0.123,0.242,0.289,0.304,0.404,0.486,0.555,0.641,0.784,0.89,0.995,1.112,1.268,1.415,1.478,1.564,1.613,1.628,1.68,1.702,1.825,1.886,1.905,1.963,1.993,2.264,2.317,2.338,2.406,2.429,2.481,2.558,2.646,2.671,2.692,2.752,2.889,2.954,2.988,3.014,3.039,3.184,3.225,3.405,3.449,3.532,3.586,3.622,3.775,3.874,3.89,3.973,4.044,4.243,4.341,4.391,4.555,4.654,4.746,4.782,4.854,4.897,4.989,5.015,5.033,5.059,5.14,5.172,5.256,5.281,5.467,5.497,5.521,5.583,5.731,5.796,5.84,5.922,5.988,6.073,6.214,6.294,6.319,6.338,6.547,6.731,6.828,7.002,7.033,7.213,7.322,7.337,7.42,7.52,7.568,7.595,7.67,7.722,7.767,7.98,8.093,8.155,8.186,8.272,8.359,8.685,8.716,8.83,8.931,8.949,8.976,9.024,9.057,9.086,9.143,9.19,9.271,9.322,9.372,9.497,9.718,9.765,9.797,9.972,nan,nan,nan,nan,nan,nan,nan,nan,nan,nan,nan,nan,nan,nan,nan,nan,nan,nan,nan,nan,nan,nan,nan,nan,nan,nan,nan,nan,nan,nan,nan,nan,nan,nan,nan,nan
