0.089,0.372,0.536,0.985,1.081,1.19,1.675,2.413,2.772,2.999,3.301,3.472,3.568,3.906,3.967,4.012,4.081,4.151,4.599,4.715,5.14,5.194,5.367,5.576,5.891,6.079,6.207,6.272,6.929,7.07,7.185,7.233,7.322,7.362,7.424,7.757,8.022,8.644,8.886,9.027,9.265,9.308,9.729,10.116,10.713,11.204,11.262,11.356,11.423,11.622,12.298,12.437,12.554,12.692,12.812,12.913,13.156,13.23,13.331,13.836,14.608,14.692,14.742,15.075,15.853,15.976,16.332,16.394,16.771,16.846,17.232,17.352,17.433,17.462,17.752,17.837,17.903,18.068,18.195,18.228,18.406,18.528,18.635,18.889,18.993,19.573,19.611,19.659,19.822,20.057,20.119,20.251,20.321,20.495,20.819,20.91,21.066,21.355,21.412,21.586,21.803,21.856,21.935,22.191,22.477,22.687,22.752,22.936,23.164,23.427,23.495,23.537,23.647,24.344,24.576,24.651,24.862,24.935,25.018,25.102,25.483,25.599,25.858,25.984,26.016,26.045,26.16,27.03,27.077,27.157,27.181,27.523,27.587,27.722,27.981,28.129,28.439,28.522,28.623,28.659,28.705,28.745,28.961,29.006,29.188,29.578,30.821,31.263,31.31,31.503,31.604,31.748,31.78,31.881,31.974,32.102,32.19,32.281,32.352,32.525,32.56,32.784,32.913,33.141,33.447,33.632,33.688,33.826,33.925,34.171,34.4,34.586,34.687,35.057,35.117,35.159,35.253,35.298,35.339,35.46,35.472,35.707,35.76,35.909,36.211,36.579,36.935,36.967,37.154,37.23,37.31,37.668,37.819,37.986,38.099,38.258,38.904,39.017,39.548,nan,nan,nan,nan,nan,nan,nan,nan,nan,nan,nan,nan,nan,nan,nan,nan,nan,nan,nan,nan,nan,nan,nan,nan,nan,nan,nan,nan,nan,nan,nan,nan,nan,nan,nan,nan,nan,nan,nan,nan,nan,nan,nan
0.105,0.15,0.297,0.423,0.779,1.339,1.707,1.93,1.997,2.081,2.11,2.298,3.187,3.673,3.752,4.176,4.313,4.489,4.677,4.78,4.828,5.224,5.295,5.553,5.699,5.781,5.846,5.902,6.088,6.286,6.37,6.556,6.716,7.039,7.316,7.46,7.873,8.139,8.599,8.715,8.794,8.869,9.012,9.336,9.482,9.783,10.015,10.271,10.514,10.718,10.922,11.29,11.357,11.446,11.594,11.825,11.881,12.33,12.993,13.255,13.671,13.802,13.984,14.133,14.174,14.28,14.348,14.442,14.74,15.099,15.319,15.709,15.946,16.213,16.319,16.693,17.019,17.26,17.912,18.071,18.259,18.399,18.741,18.935,19.017,19.206,19.443,20.038,20.344,20.527,20.56,20.9,21.017,21.05,21.175,21.194,21.543,21.689,21.744,21.832,22.112,22.359,22.423,22.632,22.707,23.344,23.6,23.958,24.032,24.166,24.322,24.755,24.79,25.036,25.12,25.21,25.611,25.745,25.789,25.819,25.867,25.972,26.077,26.314,26.367,26.407,26.581,26.609,26.675,26.727,27.492,27.605,27.757,28.131,28.434,28.597,28.705,28.929,28.997,29.044,29.368,29.689,29.832,29.875,29.996,30.038,30.211,30.442,31.193,31.494,31.62,31.758,31.925,32.069,32.423,32.839,32.921,33.025,33.129,33.168,33.303,33.419,33.575,33.656,33.832,33.873,33.897,33.997,34.067,34.144,34.175,34.306,35.082,35.464,35.703,35.854,35.918,35.994,36.135,36.185,36.23,36.363,36.439,36.967,37.355,37.556,37.711,37.898,37.989,38.21,38.343,38.418,38.448,38.635,39.113,39.348,39.558,39.812,39.916,nan,nan,nan,nan,nan,nan,nan,nan,nan,nan,nan,nan,nan,nan,nan,nan,nan,nan,nan,nan,nan,nan,nan,nan,nan,nan,nan,nan,nan,nan,nan,nan,nan,nan,nan,nan,nan,nan,nan,nan,nan,nan,nan
0.219,0.288,0.408,0.494,0.76,1.006,1.064,1.261,1.367,1.487,1.521,1.585,1.696,1.888,1.97,1.998,2.045,2.111,2.177,2.27,2.334,2.411,2.926,2.961,3.501,3.541,3.754,3.906,3.975,4.045,4.085,4.296,4.412,4.652,5.038,5.083,5.362,5.497,5.589,5.68,5.758,5.808,5.853,5.997,6.133,6.196,6.429,6.489,6.571,6.62,6.948,7.025,7.224,7.34,7.463,7.675,7.886,7.987,8.004,8.13,8.366,8.427,8.507,8.64,8.799,8.86,8.976,9.033,9.089,9.186,9.337,9.376,9.563,9.97,10.479,10.624,11.037,11.088,11.56,11.816,12.047,12.118,12.168,12.238,12.364,12.391,12.69,12.973,13.274,13.351,13.744,14.395,14.453,14.484,14.533,14.75,15.092,15.231,15.363,15.457,15.772,15.847,15.99,16.115,16.171,16.259,16.419,16.533,16.811,17.156,17.684,17.834,17.882,17.952,18.771,19.04,19.341,19.467,19.521,19.777,19.841,19.907,20.635,20.691,20.742,20.775,20.826,20.857,21.01,21.15,21.189,21.371,21.659,21.849,22.024,22.119,22.146,22.595,22.765,22.866,23.121,23.401,23.908,24.006,24.264,24.788,24.833,25.004,25.252,25.43,25.68,25.719,25.932,26.044,26.216,26.368,26.491,26.51,26.542,26.609,27.052,27.141,27.373,27.534,27.642,27.727,27.872,28.059,28.285,28.325,28.493,28.693,28.909,28.944,28.989,29.044,29.093,29.192,29.33,29.484,29.985,30.18,30.478,30.519,30.731,30.918,31.273,31.729,31.853,31.913,31.97,32.028,32.088,32.333,32.366,32.493,32.686,32.867,32.964,33.127,33.161,33.52,33.733,33.768,33.809,33.867,33.926,33.967,34.158,34.224,34.415,34.613,34.959,35.047,35.153,35.266,35.512,35.651,35.783,35.978,36.021,36.048,36.451,36.581,36.609,36.674,36.713,37.692,37.752,37.807,37.868,38.093,38.178,38.29,38.427,38.58,38.817,38.945,39.037,39.093,39.366,39.808
0.486,0.596,0.83,1.156,1.461,1.498,1.747,1.806,1.904,1.955,2.32,2.375,2.503,2.702,2.88,3.314,3.377,3.569,3.61,3.666,3.964,4.187,4.314,4.851,4.894,5.007,5.258,5.282,5.441,5.712,6.037,6.077,6.174,6.208,6.378,6.629,6.934,7.156,7.262,7.309,7.403,7.697,8.186,8.301,8.468,8.528,8.594,8.653,8.767,9.174,9.291,9.464,9.53,9.589,9.725,9.972,10.116,10.363,10.393,10.686,10.797,11.224,11.273,11.653,11.741,11.939,12.087,12.122,12.493,12.626,12.798,12.935,12.985,13.21,13.435,13.532,13.59,13.686,14.013,14.099,14.48,14.542,14.635,14.693,14.773,14.812,14.886,15.109,15.35,15.748,15.942,16.111,16.361,16.546,16.856,16.987,17.213,17.246,17.647,17.826,18.05,18.183,18.299,18.565,18.718,19.025,19.156,19.253,19.353,19.462,19.613,19.753,19.817,20.119,20.369,20.74,21.059,21.16,21.339,21.42,21.561,21.775,22.017,22.148,22.204,22.307,22.441,22.496,22.595,22.662,22.713,22.767,23.183,23.208,23.284,23.445,23.74,24.036,24.139,24.555,24.881,25.621,25.728,25.852,25.943,26.163,26.515,26.923,27.032,27.313,27.38,27.591,27.668,27.731,27.831,28.264,28.584,28.927,29.113,29.264,29.372,29.59,29.732,29.778,29.904,30.039,30.206,30.498,30.574,30.61,30.666,30.74,30.854,31.116,31.139,31.267,31.558,31.681,31.798,32.142,32.258,32.461,32.595,33.085,33.122,33.551,33.8,34.274,34.298,34.457,34.562,34.928,35.23,35.306,35.518,35.585,35.622,35.757,35.837,35.926,36.05,36.396,36.435,36.468,36.646,36.848,37.215,37.392,37.503,37.55,37.602,37.872,38.008,38.055,38.266,38.438,38.762,38.916,39.173,39.317,nan,nan,nan,nan,nan,nan,nan,nan,nan,nan,nan,nan,nan,nan,nan,nan,nan,nan,nan,nan,nan,nan
0.081,0.23,0.346,0.424,0.658,0.872,1.015,1.106,1.375,1.503,1.651,1.881,2.13,2.255,2.295,2.344,2.825,2.933,3.454,3.649,3.787,4.036,4.096,4.229,4.414,4.455,4.77,4.871,4.976,5.05,5.205,5.439,5.554,5.811,6.244,6.603,6.751,6.845,6.882,6.961,7.153,7.707,7.771,7.849,8.008,8.076,8.632,8.973,9.304,9.518,9.579,9.633,9.716,9.78,10.137,10.398,10.53,10.786,11.061,11.317,11.393,11.553,11.613,11.975,12.068,12.131,12.385,12.44,12.518,12.756,12.956,13.026,13.066,13.232,13.33,13.428,13.487,13.647,14.009,14.048,14.234,14.404,14.713,14.764,14.849,15.401,15.456,15.535,16.365,16.407,16.458,16.512,16.596,16.652,16.784,16.83,17.339,17.428,17.532,17.943,18.133,18.237,18.601,18.849,19.418,20.003,20.127,20.211,20.267,20.365,20.521,20.999,21.154,21.368,21.417,21.676,21.942,22.147,22.232,22.287,22.447,22.819,22.85,22.95,23.203,23.383,23.468,23.894,23.996,24.118,24.674,24.901,25.031,25.124,25.185,25.257,25.287,25.783,26.052,26.084,26.231,26.393,26.434,26.779,26.812,27.025,27.376,27.468,27.626,27.706,28.111,28.304,28.686,28.758,29.327,29.44,29.549,29.604,30.023,30.101,30.828,31.085,31.359,31.596,31.687,31.966,32.316,32.476,32.639,32.851,32.934,33.238,33.367,33.432,33.736,34.02,34.389,34.485,34.834,35.509,35.575,35.776,35.859,36.11,36.189,36.458,36.65,37.109,37.347,37.793,38.019,38.051,38.237,38.303,38.809,38.867,38.983,39.156,39.221,39.247,39.297,39.417,39.883,nan,nan,nan,nan,nan,nan,nan,nan,nan,nan,nan,nan,nan,nan,nan,nan,nan,nan,nan,nan,nan,nan,nan,nan,nan,nan,nan,nan,nan,nan,nan,nan,nan,nan,nan,nan,nan,nan,nan
0.108,0.167,0.204,0.435,0.701,0.926,1.063,1.369,1.486,1.757,1.803,1.858,2.01,2.356,2.455,2.747,3.123,3.272,3.464,3.538,3.577,3.649,3.767,3.889,3.973,4.331,4.666,5.137,5.413,5.512,5.573,5.716,5.873,6.227,6.494,6.576,6.805,7.486,7.896,7.972,8.106,8.362,9.015,9.186,9.474,9.677,9.931,10.183,10.227,10.323,10.529,11.293,11.746,12.151,12.699,12.776,13.144,13.184,13.255,13.512,14.926,15.028,15.535,15.599,15.692,15.968,16.153,16.211,16.238,16.439,16.564,16.673,16.778,17.539,17.661,17.866,18.005,18.074,18.283,18.477,18.503,18.532,19.276,19.59,19.819,19.995,20.157,20.352,20.541,21.117,21.17,21.823,21.842,21.952,22.103,22.231,22.26,22.297,22.449,22.71,23.021,23.121,23.149,23.296,23.693,23.763,24.067,24.476,24.674,24.86,24.888,25.425,25.474,25.728,25.963,26.151,26.233,26.493,26.964,27.129,27.283,27.328,27.445,27.549,27.592,28.215,28.295,28.72,28.794,28.851,28.891,29.174,29.31,29.456,29.495,29.563,29.889,29.971,30.042,30.283,30.54,30.602,30.86,30.968,31.172,31.299,31.518,31.62,31.653,31.753,32.035,32.101,32.371,32.529,32.801,32.916,33.026,33.103,33.28,33.589,33.675,33.903,33.963,34.082,34.364,34.486,34.518,34.786,34.957,35.137,35.309,35.34,35.368,35.604,36.201,36.369,36.426,36.626,36.77,36.853,36.883,36.934,37.224,37.468,38.02,38.083,38.105,38.817,39.213,39.39,39.717,39.92,nan,nan,nan,nan,nan,nan,nan,nan,nan,nan,nan,nan,nan,nan,nan,nan,nan,nan,nan,nan,nan,nan,nan,nan,nan,nan,nan,nan,nan,nan,nan,nan,nan,nan,nan,nan,nan,nan,nan,nan,nan,nan,nan,nan,nan,nan,nan,nan,nan,nan
0.312,0.374,0.71,0.772,1.298,1.419,1.548,1.766,1.857,2.08,2.208,2.26,2.589,2.798,3.0,3.112,3.558,3.617,3.758,3.794,4.005,4.195,4.474,4.566,4.627,4.738,4.865,4.968,5.63,5.741,6.29,6.463,6.516,6.568,6.594,6.676,7.144,7.525,7.963,8.034,8.08,8.207,8.245,8.57,8.714,8.919,9.131,9.568,9.926,10.239,10.258,10.503,10.626,11.31,11.38,11.416,11.538,11.702,11.817,12.226,12.884,13.38,13.714,13.941,14.726,14.78,14.853,14.893,14.968,15.042,15.208,15.433,15.619,15.792,16.39,16.419,16.536,16.743,16.941,17.357,17.538,17.843,17.915,18.115,18.365,18.555,18.657,18.766,18.929,18.976,19.146,19.294,20.058,20.5,20.555,20.887,20.995,21.166,21.38,21.69,22.015,22.095,22.777,23.071,23.15,23.185,23.304,23.355,23.484,23.768,23.93,24.164,24.486,24.679,24.919,25.305,25.44,25.776,25.859,26.121,26.203,26.24,26.329,26.497,26.536,26.673,27.038,27.77,27.831,27.845,28.042,29.29,29.305,29.94,30.088,30.558,30.632,30.685,30.794,30.826,31.071,31.188,31.249,31.418,31.567,31.624,31.868,31.896,31.922,32.083,32.258,32.383,32.576,32.677,32.97,33.355,33.381,33.614,33.844,34.259,34.513,34.645,34.767,34.842,34.921,35.044,35.073,35.154,35.302,35.346,35.937,36.054,36.189,36.271,36.489,36.565,36.685,36.818,36.929,37.27,37.369,37.535,37.861,37.969,38.101,38.157,38.464,38.603,38.973,39.338,39.646,39.712,nan,nan,nan,nan,nan,nan,nan,nan,nan,nan,nan,nan,nan,nan,nan,nan,nan,nan,nan,nan,nan,nan,nan,nan,nan,nan,nan,nan,nan,nan,nan,nan,nan,nan,nan,nan,nan,nan,nan,nan,nan,nan,nan,nan,nan,nan,nan,nan,nan,nan
0.178,0.497,0.67,0.723,0.957,1.063,1.117,1.386,1.644,1.916,2.278,2.479,2.64,2.957,3.044,3.06,3.431,3.625,3.773,4.014,4.324,4.428,4.57,4.803,5.031,5.054,5.304,5.333,5.518,5.538,5.77,6.028,6.721,6.903,7.197,7.352,7.417,7.69,7.786,7.835,8.078,8.158,8.194,8.352,8.704,8.872,8.982,9.629,10.039,10.068,10.231,10.281,10.379,10.462,10.676,10.74,10.759,10.938,12.272,12.315,12.549,12.802,12.918,13.627,13.829,13.952,13.997,14.124,14.366,14.423,14.524,14.902,14.961,15.214,15.675,15.944,15.996,16.297,16.436,16.597,16.649,16.753,16.896,17.104,17.243,17.438,17.636,17.691,17.889,18.001,18.031,18.086,18.414,18.462,18.634,18.714,18.823,18.998,19.359,19.75,19.824,20.181,20.237,20.59,20.888,21.473,21.943,22.12,22.198,22.243,22.282,22.319,22.725,22.815,22.84,22.99,23.624,23.676,23.874,23.943,23.978,24.075,24.169,24.269,24.448,24.485,24.536,24.96,25.489,25.519,25.558,25.624,25.714,25.812,25.984,26.238,26.327,27.073,27.217,27.331,27.434,27.49,27.651,27.95,28.166,28.259,28.365,28.513,28.887,29.065,29.17,29.344,29.407,29.511,29.581,29.818,29.859,30.23,30.36,30.425,30.707,30.747,30.94,31.175,31.286,31.404,31.688,31.854,31.932,32.001,32.035,32.187,32.263,32.483,32.62,32.733,32.904,33.006,33.123,33.147,33.326,33.734,34.321,34.383,34.512,35.051,35.206,35.325,35.591,36.115,36.499,36.703,36.734,36.965,37.141,37.309,37.845,37.944,38.247,38.365,38.443,38.5,38.571,38.682,38.889,38.965,39.125,39.157,39.621,nan,nan,nan,nan,nan,nan,nan,nan,nan,nan,nan,nan,nan,nan,nan,nan,nan,nan,nan,nan,nan,nan,nan,nan,nan,nan,nan,nan,nan,nan,nan,nan,nan
0.097,0.376,0.47,0.546,1.325,2.275,2.506,2.71,2.797,3.098,3.208,3.317,3.605,4.005,4.321,4.693,4.864,4.998,5.336,5.359,5.429,5.676,5.764,6.451,6.536,6.608,6.815,7.234,7.612,7.784,7.903,7.957,8.089,8.111,8.157,8.217,8.449,8.539,8.562,9.082,9.408,9.597,9.733,9.844,9.875,10.004,10.027,10.079,10.279,10.314,10.607,10.671,10.972,11.247,11.368,11.432,11.529,11.679,11.779,12.099,12.158,12.193,12.314,12.465,12.726,12.934,13.025,13.094,13.328,13.427,13.751,13.794,13.986,14.18,14.776,14.871,15.052,15.308,15.446,15.494,15.652,15.829,16.06,16.314,16.371,16.42,16.799,16.845,16.894,16.939,17.229,17.322,17.362,17.446,17.592,17.632,18.204,18.273,18.394,18.696,18.778,18.88,19.126,19.327,19.47,19.577,19.611,19.835,20.063,20.106,20.172,20.331,20.787,20.807,21.131,21.851,21.945,22.017,22.362,22.546,22.71,22.798,22.9,23.144,23.361,23.47,23.617,23.799,24.439,24.533,24.613,24.731,25.014,25.08,25.42,25.532,25.681,25.75,25.782,25.833,25.872,26.048,26.153,26.354,26.483,26.945,27.185,27.232,27.426,27.49,27.63,27.669,27.786,27.862,27.898,28.16,28.264,28.434,28.564,28.741,28.858,28.943,29.205,29.418,29.445,29.891,30.004,30.052,30.103,30.314,30.408,30.582,31.619,31.664,31.864,31.892,31.997,32.438,32.552,32.645,32.734,32.793,32.82,33.4,33.556,33.585,33.968,34.023,34.075,34.942,35.026,35.135,35.326,35.546,35.636,35.716,35.74,35.888,36.396,36.464,36.493,37.014,37.682,37.944,38.892,39.011,39.068,39.101,39.473,39.622,39.953,nan,nan,nan,nan,nan,nan,nan,nan,nan,nan,nan,nan,nan,nan,nan,nan,nan,nan,nan,nan,nan,nan,nan,nan,nan,nan,nan,nan,nan,nan,nan
0.238,0.704,1.345,1.466,1.764,1.811,1.892,1.978,2.03,2.111,2.569,2.889,2.981,3.403,3.824,4.159,4.438,4.676,4.732,4.967,5.018,5.106,5.218,5.369,5.676,5.966,6.01,6.087,6.193,6.796,7.184,7.445,7.471,7.557,7.646,7.709,7.984,8.106,8.205,8.284,8.576,8.683,8.861,8.942,8.976,9.132,9.221,9.37,9.507,9.564,9.781,9.937,10.093,10.879,11.763,11.937,12.449,12.906,13.224,13.445,13.616,13.647,13.852,14.076,14.136,14.495,14.547,14.601,14.799,14.928,15.284,15.392,15.677,15.767,16.009,16.238,16.271,16.543,17.06,17.195,17.279,17.555,17.668,17.781,17.915,17.98,18.018,18.143,18.502,18.835,18.895,19.196,19.351,19.875,20.2,20.435,20.475,20.702,20.887,20.937,21.157,21.18,21.376,21.621,21.704,21.765,21.974,22.203,22.472,22.77,22.945,23.011,23.159,23.186,23.247,23.782,23.897,23.938,24.259,24.402,24.546,24.677,24.887,25.078,25.234,25.282,25.472,25.568,25.795,26.017,26.106,26.169,26.259,26.694,26.776,26.937,27.116,27.268,27.473,27.53,27.567,27.832,27.879,28.063,28.24,28.447,28.48,28.743,29.082,29.18,29.327,29.382,29.442,29.598,29.636,29.851,29.942,30.026,30.085,30.439,30.788,31.057,31.11,31.62,31.753,32.219,32.506,32.711,32.846,32.901,33.428,33.523,33.556,33.628,33.655,33.931,33.981,34.614,34.751,34.811,34.998,35.436,35.688,35.985,36.075,36.127,36.203,36.328,36.442,36.667,36.791,37.051,37.254,37.372,37.489,37.924,37.98,38.454,38.743,38.854,38.932,39.038,39.276,39.433,39.505,39.803,39.952,39.985,nan,nan,nan,nan,nan,nan,nan,nan,nan,nan,nan,nan,nan,nan,nan,nan,nan,nan,nan,nan,nan,nan,nan,nan,nan,nan,nan,nan,nan,nan,nan,nan,nan,nan
0.039,0.114,0.284,0.78,1.136,1.409,1.709,1.783,1.89,2.02,2.155,2.599,2.784,2.816,2.903,3.079,3.149,3.177,3.308,3.517,3.89,3.928,4.433,4.486,4.565,4.812,4.991,5.029,5.11,5.161,5.234,5.41,5.659,6.21,6.291,6.424,6.592,6.677,6.802,7.105,7.134,7.278,7.46,7.69,8.074,8.476,8.519,8.734,8.814,8.925,8.948,9.259,9.335,9.378,9.941,10.275,10.743,10.842,10.903,10.971,11.018,11.203,11.461,11.644,11.674,11.802,11.955,12.437,12.487,12.607,13.13,13.287,13.632,13.683,13.887,14.1,14.148,14.204,14.356,14.641,14.684,14.876,14.911,14.976,15.085,15.116,15.348,15.425,15.456,15.535,15.572,15.811,15.853,16.045,16.454,16.569,16.657,16.875,16.901,16.937,17.216,17.57,17.661,17.709,18.515,19.179,19.495,19.731,19.794,19.888,19.988,20.048,20.4,20.792,20.827,20.971,21.172,21.386,21.444,21.574,21.693,21.821,21.894,22.095,22.508,22.642,22.813,22.876,23.019,23.375,23.82,24.12,24.172,24.294,24.487,24.622,24.675,24.737,24.837,25.27,25.308,25.51,25.591,25.9,26.07,26.153,26.317,26.941,27.327,27.408,27.502,27.522,27.638,28.034,28.069,28.2,28.294,28.646,28.908,29.296,29.538,29.742,30.367,30.849,31.001,31.482,31.796,31.969,32.076,32.18,32.777,33.111,33.475,33.65,33.687,33.819,33.834,33.899,34.016,34.274,34.463,34.524,34.81,34.871,35.131,35.315,35.435,35.521,35.789,35.923,36.262,36.679,36.979,37.028,37.069,37.146,37.382,37.488,37.628,37.832,37.934,38.23,38.343,38.5,38.558,38.86,38.899,39.501,nan,nan,nan,nan,nan,nan,nan,nan,nan,nan,nan,nan,nan,nan,nan,nan,nan,nan,nan,nan,nan,nan,nan,nan,nan,nan,nan,nan,nan,nan,nan,nan,nan,nan
0.294,0.453,0.51,0.789,0.845,0.958,1.056,1.39,2.126,2.254,2.344,2.511,2.662,2.792,2.921,3.123,3.28,3.739,4.189,4.295,4.89,5.021,5.188,5.319,5.592,5.626,5.667,5.763,5.958,6.027,6.151,6.212,6.654,7.239,7.3,7.496,7.542,7.712,7.838,7.904,8.074,8.217,9.056,9.585,9.665,10.453,10.755,10.789,10.887,11.579,11.623,11.914,12.241,12.415,12.711,13.035,13.136,13.287,13.449,13.488,13.562,13.588,13.681,14.01,14.232,14.293,14.813,14.925,15.015,15.311,16.044,16.23,16.251,16.377,17.231,17.387,17.61,17.819,18.04,18.259,18.362,18.537,18.717,18.893,19.012,19.054,19.094,19.501,19.625,19.734,19.807,20.319,20.437,20.725,20.867,21.071,21.137,21.269,21.389,21.481,21.739,22.252,22.327,22.368,22.443,22.774,23.06,23.315,23.529,23.678,23.716,23.849,23.877,23.933,23.971,24.185,24.307,24.519,24.615,24.656,24.788,24.841,25.114,25.176,25.199,25.358,25.47,25.524,25.625,25.948,26.212,26.453,26.523,26.748,26.83,27.0,27.313,27.838,27.967,28.309,28.73,28.856,29.366,29.39,29.624,29.65,29.699,29.92,30.119,30.34,30.574,30.83,30.97,31.304,31.44,31.497,31.561,31.813,32.141,32.672,32.704,33.246,33.441,33.938,34.007,34.121,34.254,34.321,34.354,34.461,34.5,34.619,34.692,34.819,34.909,35.018,35.129,35.204,35.392,35.485,35.714,35.793,35.917,36.017,36.234,36.427,36.495,36.539,36.686,36.78,37.002,37.203,37.46,37.713,37.789,37.901,38.104,38.139,38.597,38.801,38.859,38.887,39.398,39.604,39.788,nan,nan,nan,nan,nan,nan,nan,nan,nan,nan,nan,nan,nan,nan,nan,nan,nan,nan,nan,nan,nan,nan,nan,nan,nan,nan,nan,nan,nan,nan,nan,nan,nan,nan,nan,nan,nan
0.119,0.25,0.269,0.589,0.663,0.768,1.13,1.261,1.376,1.824,1.892,2.134,2.207,2.475,2.796,3.085,3.149,3.243,3.286,3.376,3.474,3.689,3.804,3.883,4.138,4.188,4.365,4.58,4.837,5.097,5.179,5.395,5.634,6.015,6.145,6.221,6.342,6.439,6.86,7.147,7.361,8.001,8.136,8.255,8.582,8.611,9.189,9.827,10.046,10.372,10.426,10.485,10.518,10.619,10.719,10.839,10.935,10.994,11.055,11.098,11.155,11.321,11.562,11.594,11.731,12.027,12.383,12.795,13.129,13.369,13.405,13.552,14.061,14.533,14.669,14.79,14.989,15.067,15.507,15.585,15.75,15.803,16.142,16.358,16.545,16.716,16.758,16.909,16.922,16.957,17.248,17.328,17.49,17.541,17.733,17.781,17.888,18.202,18.435,18.528,18.711,18.756,18.944,19.477,20.009,20.067,20.138,20.384,20.665,21.036,21.322,21.378,21.566,21.855,21.894,22.061,22.127,22.162,22.226,22.285,22.371,22.441,22.563,22.677,22.942,23.426,23.715,23.776,23.834,23.917,24.187,24.441,24.684,24.727,24.762,24.798,24.832,24.902,25.03,25.11,25.333,25.556,25.841,26.174,26.395,26.889,26.934,27.14,27.268,27.352,27.576,27.638,27.678,27.767,27.867,27.913,28.502,28.881,29.417,29.477,29.589,29.923,30.336,30.419,30.512,30.533,30.566,30.682,30.861,30.942,31.019,31.105,31.234,31.336,31.642,32.161,32.591,32.774,32.905,32.966,33.055,33.199,33.415,33.464,33.489,33.608,33.995,34.03,34.095,34.144,34.346,34.384,34.503,34.563,34.829,34.877,34.974,35.233,35.281,35.538,35.695,35.763,35.886,36.263,36.514,36.717,36.831,37.152,37.228,37.269,37.455,37.51,37.674,37.918,38.005,38.058,38.164,38.615,38.664,38.896,38.939,39.232,39.379,39.501,39.62,39.682,39.827,39.955,nan,nan,nan,nan,nan,nan,nan,nan,nan,nan,nan,nan,nan,nan
0.096,0.272,0.595,0.858,1.027,1.136,1.285,1.368,1.424,1.662,1.906,1.94,2.156,2.331,2.607,2.808,2.85,3.456,3.804,3.864,3.966,4.056,4.361,4.628,4.789,5.026,5.051,5.256,5.996,6.028,6.338,6.64,6.825,7.021,7.093,7.151,7.246,7.298,7.326,7.401,7.725,7.795,7.888,7.969,8.06,8.091,8.891,8.972,9.082,9.136,9.437,9.573,9.622,9.801,9.839,9.86,10.287,10.314,10.386,10.563,10.609,10.644,10.865,10.899,10.938,11.092,11.221,11.325,11.377,11.504,11.537,11.596,11.737,12.192,12.244,12.319,12.562,12.834,12.914,13.026,13.098,13.305,13.446,13.661,13.697,13.778,13.812,14.083,14.145,14.218,14.522,14.593,14.625,14.694,14.999,15.121,15.327,15.674,16.062,16.147,16.175,16.209,16.935,17.17,17.369,17.546,17.583,17.64,18.333,18.772,18.809,19.087,19.29,19.97,20.335,20.624,20.706,20.965,21.051,21.249,21.524,21.791,21.891,22.236,22.269,22.336,22.799,23.472,23.787,23.849,24.174,24.421,24.436,25.069,25.949,26.041,26.089,26.268,26.286,26.39,26.521,26.587,26.855,27.045,27.152,27.255,27.81,27.928,28.265,28.704,28.768,28.866,28.957,29.145,29.253,29.337,29.567,29.632,30.027,30.331,30.406,30.456,30.472,30.689,32.125,32.31,32.426,32.611,32.765,32.97,33.191,33.328,33.771,33.916,34.434,34.672,34.732,34.823,34.952,35.02,35.096,35.168,35.195,35.938,36.362,37.416,37.985,38.067,38.139,38.252,38.346,38.568,39.198,39.507,39.657,39.764,39.899,39.922,39.967,nan,nan,nan,nan,nan,nan,nan,nan,nan,nan,nan,nan,nan,nan,nan,nan,nan,nan,nan,nan,nan,nan,nan,nan,nan,nan,nan,nan,nan,nan,nan,nan,nan,nan,nan,nan,nan,nan,nan,nan,nan,nan,nan
0.355,0.98,1.069,1.18,1.558,1.78,1.836,2.125,2.474,2.502,2.726,3.161,3.194,3.273,3.806,3.994,4.212,4.455,4.712,4.777,4.833,5.65,5.711,5.899,6.179,6.223,6.794,6.933,6.984,7.047,7.066,7.132,7.373,7.572,7.66,7.731,7.83,8.273,8.781,8.907,9.18,9.488,9.581,10.087,10.547,10.634,10.667,10.934,10.989,11.066,11.255,11.28,11.513,12.0,12.252,12.508,12.826,13.272,13.303,13.378,13.564,13.893,13.973,14.05,14.192,14.252,14.309,14.456,14.709,14.74,15.072,15.113,15.292,15.386,15.475,15.7,15.765,15.822,16.013,16.045,16.072,16.538,16.638,16.706,17.079,17.279,17.345,18.32,18.659,18.727,19.067,19.2,19.546,19.808,19.914,20.403,20.531,20.714,20.784,20.819,20.951,21.266,21.313,21.613,21.8,22.436,22.555,22.7,23.166,23.356,23.485,23.576,23.645,23.775,24.073,24.423,24.573,24.66,24.712,25.093,25.227,25.357,25.408,25.84,25.873,25.925,26.669,26.79,27.155,27.223,27.529,27.716,27.811,27.846,27.971,28.072,28.191,28.293,28.368,28.401,29.161,29.297,29.67,29.905,30.344,30.548,30.58,30.926,31.081,31.305,31.352,31.556,31.572,31.873,32.074,32.253,32.355,32.483,32.836,32.966,33.175,33.582,33.666,33.93,33.949,34.346,34.496,34.569,34.848,35.1,35.18,35.396,35.554,35.644,35.69,36.027,36.068,36.136,36.179,36.251,36.368,36.488,36.758,36.788,37.002,37.32,37.412,37.503,37.766,37.826,37.902,37.982,38.646,38.739,39.211,39.3,39.329,39.624,39.749,39.796,39.891,39.981,nan,nan,nan,nan,nan,nan,nan,nan,nan,nan,nan,nan,nan,nan,nan,nan,nan,nan,nan,nan,nan,nan,nan,nan,nan,nan,nan,nan,nan,nan,nan,nan,nan,nan,nan,nan,nan,nan,nan,nan
0.144,0.236,0.42,0.959,1.059,1.131,1.305,1.452,1.609,1.821,1.9,2.0,2.024,2.15,2.368,2.432,2.731,2.779,2.974,3.054,3.175,3.249,3.278,3.593,3.619,3.808,3.975,4.109,4.2,4.272,4.437,4.649,4.778,4.849,5.122,5.231,5.487,5.9,6.135,6.284,6.542,6.867,6.931,7.093,7.682,7.919,8.092,8.203,8.455,8.544,8.612,8.862,9.857,10.177,10.364,10.425,10.577,10.635,10.906,10.94,11.005,11.045,11.124,11.335,11.403,11.494,11.632,12.673,12.884,13.132,13.351,13.573,13.759,13.787,13.868,14.04,14.724,15.205,15.849,16.066,16.206,16.28,17.021,17.239,17.864,18.421,18.453,18.693,18.712,18.892,18.967,19.271,19.319,19.592,20.164,20.273,20.319,20.436,20.63,21.377,21.506,21.594,21.886,21.926,22.087,22.305,22.436,22.755,23.214,23.616,23.667,23.924,23.942,24.036,24.129,24.247,24.71,24.926,25.444,26.552,26.716,26.807,27.155,27.219,27.553,27.667,28.126,28.231,28.42,28.742,28.81,29.556,30.083,30.131,30.269,30.33,30.748,31.022,31.176,31.295,31.643,32.066,32.225,32.632,33.02,33.63,33.767,34.116,34.216,34.264,34.363,34.404,34.495,34.552,34.58,34.779,34.843,35.152,35.25,35.33,35.602,36.009,36.063,36.437,36.48,36.581,36.824,36.903,37.476,37.735,37.848,37.957,38.133,38.286,38.49,38.674,38.872,39.225,39.37,39.502,39.673,nan,nan,nan,nan,nan,nan,nan,nan,nan,nan,nan,nan,nan,nan,nan,nan,nan,nan,nan,nan,nan,nan,nan,nan,nan,nan,nan,nan,nan,nan,nan,nan,nan,nan,nan,nan,nan,nan,nan,nan,nan,nan,nan,nan,nan,nan,nan,nan,nan,nan,nan,nan,nan,nan,nan,nan,nan,nan,nan,nan,nan
0.025,0.083,0.324,1.275,1.399,1.641,1.731,1.862,1.991,2.355,2.665,2.868,3.04,3.131,3.372,3.964,4.443,4.483,4.643,4.869,4.99,5.032,5.52,5.652,5.789,5.983,6.024,6.154,6.207,6.364,6.599,7.115,7.314,7.491,8.072,8.358,8.397,8.744,8.907,9.573,9.691,9.736,9.8,9.917,9.96,9.998,10.41,10.507,10.564,10.782,11.087,11.381,11.578,11.794,11.866,11.905,12.53,12.628,12.934,13.018,13.104,13.371,13.723,13.932,13.971,14.006,14.351,14.387,14.776,14.833,14.876,15.809,15.825,15.893,15.932,15.982,16.179,16.349,16.853,16.98,17.201,17.24,17.682,17.958,18.031,18.479,18.601,19.164,19.223,19.336,19.591,19.763,19.896,19.932,20.232,20.42,20.464,20.515,20.617,21.065,21.137,21.217,21.347,21.489,22.449,22.75,22.969,23.181,23.231,23.332,23.546,23.962,24.007,24.084,24.411,24.582,24.605,24.813,24.851,25.076,25.244,25.37,25.422,25.747,25.792,25.828,26.093,26.166,26.732,27.004,27.255,27.376,27.45,27.573,28.091,28.245,28.394,28.526,28.729,28.829,28.919,29.244,29.57,29.67,29.779,29.853,29.977,30.198,30.449,30.54,30.903,31.098,31.145,31.189,31.348,31.415,32.147,32.419,32.456,32.525,32.606,32.893,33.005,33.162,33.393,33.59,33.752,33.824,34.129,34.327,34.894,34.968,35.374,35.47,35.627,35.789,35.927,35.984,36.214,36.396,36.433,36.466,36.731,37.414,37.461,37.762,38.022,38.861,38.985,39.202,39.295,39.496,39.743,39.788,39.983,nan,nan,nan,nan,nan,nan,nan,nan,nan,nan,nan,nan,nan,nan,nan,nan,nan,nan,nan,nan,nan,nan,nan,nan,nan,nan,nan,nan,nan,nan,nan,nan,nan,nan,nan,nan,nan,nan,nan,nan,nan,nan,nan,nan,nan,nan,nan
0.036,0.324,0.36,0.523,0.708,0.805,1.164,1.51,1.695,1.817,1.904,2.019,2.096,2.568,2.604,2.669,2.843,3.01,3.093,3.284,3.501,4.003,4.096,4.31,4.416,4.588,4.773,4.97,5.084,5.264,5.344,5.779,5.984,6.046,6.164,6.274,6.294,6.483,6.846,7.077,7.293,7.378,7.54,7.8,7.883,8.026,8.136,8.471,8.528,8.564,8.634,8.752,8.814,9.086,9.117,9.171,9.571,9.665,9.739,10.061,10.218,10.696,11.064,11.285,11.337,11.755,12.053,12.227,12.269,12.474,13.995,14.023,14.512,14.564,14.801,14.904,15.368,15.557,15.6,15.63,16.05,16.211,16.564,16.626,16.885,16.955,17.04,17.092,17.825,18.158,18.261,18.722,19.243,19.297,19.595,19.871,20.1,20.298,20.49,20.555,20.788,20.827,21.008,21.135,21.172,21.448,21.516,21.639,21.867,22.074,22.275,22.659,22.797,22.834,23.187,23.289,23.582,23.649,24.003,24.058,24.149,24.424,24.563,24.677,24.778,24.808,25.052,25.214,25.418,25.436,25.912,26.172,26.254,26.685,26.758,27.083,27.436,27.542,27.957,28.143,28.353,28.394,28.415,28.566,28.953,29.011,29.142,29.249,29.281,29.361,29.58,29.625,29.941,30.35,30.472,30.696,30.789,30.979,31.272,31.49,31.522,31.83,32.046,32.362,33.0,33.041,33.082,33.327,33.644,33.789,33.872,34.096,34.327,34.54,34.756,34.973,35.05,35.267,35.623,35.883,36.09,36.313,36.344,36.429,36.515,36.694,36.818,36.877,37.106,37.571,37.887,37.935,37.979,38.184,38.324,38.421,38.468,38.545,38.97,39.088,39.268,39.363,39.759,39.951,nan,nan,nan,nan,nan,nan,nan,nan,nan,nan,nan,nan,nan,nan,nan,nan,nan,nan,nan,nan,nan,nan,nan,nan,nan,nan,nan,nan,nan,nan,nan,nan,nan,nan,nan,nan,nan,nan
0.081,0.373,0.429,0.481,0.605,0.635,0.777,0.84,0.863,0.903,0.985,1.184,1.525,1.968,2.11,2.233,2.363,2.672,2.721,2.855,4.029,4.127,4.294,4.533,4.694,5.049,5.456,5.577,5.711,5.811,6.05,6.108,6.235,6.405,6.533,6.94,7.075,7.117,7.253,7.366,7.648,7.702,7.862,7.968,8.003,8.1,8.306,8.349,8.588,8.645,8.856,9.047,9.37,9.432,9.622,9.67,9.731,10.379,10.704,10.773,11.061,11.237,11.339,11.401,11.57,11.932,11.976,12.286,12.57,12.693,12.81,13.042,13.132,13.419,13.493,13.669,13.838,13.918,14.43,14.705,14.817,14.985,15.09,15.486,15.543,15.72,16.015,16.371,16.744,16.81,16.858,17.149,17.442,17.469,17.81,18.036,18.228,18.315,18.949,19.016,19.958,20.063,20.354,20.624,20.765,20.943,21.022,21.114,21.197,21.234,21.738,22.186,22.334,22.478,22.55,22.777,22.918,22.949,22.986,23.142,23.309,23.364,23.412,23.564,23.603,23.703,23.732,23.782,23.871,23.964,24.02,24.143,24.206,24.354,24.391,24.737,24.781,24.902,25.375,25.484,25.942,26.136,26.204,26.34,26.447,26.674,26.751,27.053,27.536,27.697,27.745,28.006,28.195,28.272,28.463,28.493,28.511,28.82,28.877,28.991,29.147,29.169,29.259,29.31,29.459,29.498,29.997,30.098,30.191,30.369,30.689,31.449,31.714,31.863,32.096,32.184,32.297,32.411,32.446,32.713,33.25,33.427,33.492,33.691,33.85,33.978,34.016,34.488,34.668,34.755,34.999,35.232,35.799,35.906,36.267,36.323,36.345,36.408,36.476,36.57,36.612,36.841,36.925,37.08,37.191,37.266,37.489,37.584,38.262,38.374,38.631,38.821,39.001,39.08,39.189,39.266,39.323,39.586,39.636,39.842,39.993,nan,nan,nan,nan,nan,nan,nan,nan,nan,nan,nan,nan,nan,nan,nan,nan,nan,nan,nan,nan,nan
0.19,0.586,0.659,0.994,1.044,1.144,1.208,1.561,1.729,1.984,2.099,2.25,2.48,2.541,2.764,3.026,3.137,3.226,3.291,3.359,3.49,3.532,3.664,3.717,3.956,3.985,4.073,4.235,4.862,4.976,5.103,5.33,5.501,5.591,5.637,5.686,5.795,5.835,5.976,6.348,6.471,6.502,6.655,6.763,6.901,7.251,7.712,7.764,7.89,8.085,8.254,8.327,8.38,8.448,8.559,8.687,8.783,8.932,9.465,9.563,9.634,9.71,10.161,10.216,10.564,10.845,10.904,11.254,12.234,12.485,12.572,12.977,13.039,13.111,13.319,13.382,13.506,13.538,13.761,13.89,14.081,14.422,14.51,14.942,15.05,15.121,15.256,15.344,15.363,15.493,15.806,15.898,16.05,16.394,16.433,16.498,16.83,17.211,17.397,17.436,17.775,17.913,18.077,18.391,18.506,18.695,18.74,19.317,19.887,19.968,20.156,20.343,20.445,20.516,20.664,20.695,20.818,21.041,21.118,21.212,21.534,22.325,22.393,22.484,22.838,23.107,23.176,23.276,23.399,23.64,23.768,23.788,23.827,24.063,24.673,24.831,25.0,25.086,25.391,25.685,25.963,26.44,26.586,26.631,26.86,26.955,27.169,27.498,27.577,27.634,27.881,27.971,28.272,28.409,28.448,28.504,28.568,28.6,28.668,29.098,29.263,29.726,29.812,29.844,29.985,30.29,30.531,30.856,30.89,31.098,31.219,31.546,31.681,31.73,31.869,31.905,32.029,32.172,32.3,32.397,32.659,32.812,33.034,33.842,34.176,34.373,34.451,34.523,34.752,34.779,35.1,35.263,35.381,35.485,35.954,36.273,36.749,36.791,37.032,37.197,37.521,37.615,37.668,37.693,37.778,37.871,38.121,38.447,38.649,38.686,39.004,39.13,39.494,39.994,nan,nan,nan,nan,nan,nan,nan,nan,nan,nan,nan,nan,nan,nan,nan,nan,nan,nan,nan,nan,nan,nan,nan,nan,nan,nan,nan,nan
0.141,0.305,0.499,0.68,0.756,1.073,1.472,1.56,1.62,1.692,1.747,1.959,2.041,2.34,2.444,2.808,3.007,3.022,3.067,3.107,3.331,3.469,3.506,3.797,3.846,3.876,4.009,4.162,4.231,4.347,4.437,4.559,4.81,4.833,5.013,5.118,5.195,5.493,5.901,6.41,6.51,6.57,6.608,6.741,7.019,7.137,7.251,7.762,7.797,7.832,7.902,8.034,8.266,8.375,8.57,8.707,8.741,8.883,8.974,9.014,9.368,9.491,9.523,9.731,9.831,9.885,9.925,10.282,10.324,10.526,10.624,11.095,11.178,11.318,11.517,11.67,11.847,11.933,12.082,12.098,12.277,12.796,12.956,12.986,13.081,13.15,13.289,13.501,13.544,13.626,13.659,13.789,13.834,14.273,14.648,15.382,15.623,15.681,15.866,15.898,15.937,15.991,16.081,16.414,16.632,16.666,16.694,16.93,17.092,17.53,17.74,17.882,18.155,19.092,19.248,19.759,19.851,20.072,20.257,20.552,20.644,20.766,20.814,21.259,21.53,21.721,21.992,22.09,22.265,22.299,22.588,22.684,23.668,23.844,24.165,24.682,24.842,24.906,25.022,25.196,25.376,25.453,25.777,25.881,25.984,26.081,26.229,26.669,26.74,26.848,27.041,27.195,27.397,27.591,27.79,27.959,28.255,28.348,28.421,28.498,29.231,29.474,29.705,29.84,30.019,30.271,30.312,30.38,30.497,30.912,30.996,31.033,31.407,31.978,32.129,32.298,32.632,32.727,32.983,33.041,33.381,33.572,33.851,33.982,34.061,34.282,34.331,34.496,34.536,34.728,35.214,35.311,35.408,35.628,35.89,36.193,36.247,36.27,36.357,36.465,36.486,36.591,37.089,37.583,37.627,37.79,37.929,38.291,38.497,39.427,39.69,39.996,nan,nan,nan,nan,nan,nan,nan,nan,nan,nan,nan,nan,nan,nan,nan,nan,nan,nan,nan,nan,nan,nan,nan,nan,nan,nan,nan,nan,nan,nan
0.02,0.261,0.339,0.676,0.711,0.802,1.017,1.127,2.037,2.273,2.415,2.604,2.815,3.007,3.172,3.277,3.535,3.6,3.948,4.453,4.758,4.875,5.049,5.473,5.506,5.877,5.979,6.309,6.353,6.415,6.502,6.563,6.848,7.04,7.144,7.242,7.492,7.624,8.033,8.067,8.185,8.415,8.571,8.665,8.856,9.225,9.337,9.363,9.47,9.545,9.583,9.659,9.712,10.287,10.669,10.777,11.27,11.452,11.535,11.812,12.15,12.243,12.54,12.646,12.713,13.298,13.363,13.637,13.933,13.981,14.046,14.374,14.466,14.749,15.127,15.193,15.213,15.229,15.438,15.657,15.727,16.023,16.078,16.183,16.41,16.67,16.789,16.918,17.103,17.333,17.617,18.017,18.647,18.901,19.43,19.901,20.264,20.809,20.917,21.337,21.71,21.841,21.906,22.025,22.067,22.354,22.429,22.614,23.304,23.35,23.859,24.357,24.975,25.117,25.359,25.63,25.76,25.982,26.05,26.349,26.503,26.601,26.734,26.888,27.019,27.152,27.501,27.739,27.999,28.074,28.17,28.235,28.45,28.515,28.646,28.697,28.774,29.329,29.404,29.666,29.912,30.047,30.13,30.318,30.466,30.69,31.153,31.223,31.403,31.464,31.821,32.1,32.186,32.316,32.823,33.036,33.375,33.438,33.592,33.742,33.774,33.911,34.378,34.789,35.238,35.538,35.617,35.752,36.268,36.355,36.423,36.519,36.588,36.723,37.235,37.92,37.964,38.152,38.19,38.29,38.447,38.566,38.745,38.801,39.192,39.427,39.513,39.686,nan,nan,nan,nan,nan,nan,nan,nan,nan,nan,nan,nan,nan,nan,nan,nan,nan,nan,nan,nan,nan,nan,nan,nan,nan,nan,nan,nan,nan,nan,nan,nan,nan,nan,nan,nan,nan,nan,nan,nan,nan,nan,nan,nan,nan,nan,nan,nan,nan,nan,nan,nan,nan,nan
0.311,0.34,0.602,0.796,0.834,1.301,1.33,1.426,1.651,2.032,2.214,2.532,2.686,2.939,3.106,3.196,3.333,3.616,3.855,4.175,4.463,4.497,4.535,4.953,5.067,5.513,5.64,5.697,5.917,6.132,6.462,6.616,6.924,7.069,7.192,7.395,7.587,7.765,7.872,8.016,8.056,8.113,8.321,8.411,8.703,8.834,8.936,9.013,9.175,9.2,9.301,9.332,9.522,9.767,9.862,9.957,10.225,10.311,10.408,10.44,11.015,11.118,11.276,11.389,11.915,12.003,12.101,12.349,12.521,12.638,12.882,13.041,13.372,13.887,13.924,14.202,14.358,14.614,14.91,14.99,15.043,15.192,15.364,15.536,16.226,16.281,16.313,16.415,16.531,16.77,17.25,17.526,17.712,17.85,18.004,18.023,18.099,18.179,18.374,18.398,18.91,19.247,19.408,19.666,19.749,20.06,20.13,20.326,20.395,20.533,20.666,20.894,21.089,21.237,21.272,21.377,21.495,21.653,21.77,22.073,22.288,22.402,22.468,22.624,22.71,22.943,23.011,23.253,23.42,23.615,24.157,24.302,24.332,24.821,24.928,25.065,25.188,25.341,25.562,25.72,25.839,26.102,26.122,26.512,26.616,26.689,26.889,26.975,27.069,27.158,27.348,27.449,27.537,27.58,27.676,28.039,28.551,28.838,28.967,29.1,29.179,29.229,29.513,29.991,30.811,31.088,31.46,31.478,31.536,31.896,32.046,32.376,33.146,33.316,33.487,33.527,33.955,34.069,34.396,34.598,34.63,34.717,34.886,35.184,35.213,35.325,35.395,35.614,35.66,35.716,35.897,36.028,36.157,36.235,36.28,36.357,36.708,36.776,36.832,37.181,37.364,37.794,38.274,38.333,38.381,38.42,38.563,39.064,39.117,39.195,39.95,nan,nan,nan,nan,nan,nan,nan,nan,nan,nan,nan,nan,nan,nan,nan,nan,nan,nan,nan,nan,nan,nan,nan,nan,nan,nan,nan,nan,nan,nan,nan
0.162,0.213,0.31,0.421,0.812,0.858,0.953,1.078,1.165,1.226,1.433,2.062,2.216,2.344,2.612,2.676,2.787,2.9,3.199,3.462,3.677,3.712,3.751,3.768,4.344,4.51,4.574,5.355,5.391,6.748,6.919,7.51,7.636,7.82,8.783,9.052,9.085,9.322,9.489,9.548,9.732,10.149,10.232,10.686,10.753,11.006,11.069,11.27,11.64,11.903,12.317,12.741,13.01,13.077,13.277,13.334,13.449,13.669,13.953,14.042,14.292,14.348,14.423,14.909,14.967,15.146,15.602,16.019,16.178,16.518,16.584,16.749,16.817,17.098,17.131,17.344,17.388,17.517,17.544,17.583,17.928,17.955,18.13,18.182,18.784,18.887,18.971,19.176,19.476,19.607,19.708,19.814,20.184,20.466,20.571,20.669,21.051,21.269,21.296,21.323,21.438,22.479,22.72,23.002,23.233,23.536,23.646,23.919,24.189,24.249,24.401,24.989,25.063,25.282,25.329,25.417,26.01,26.537,26.551,26.691,26.772,27.001,27.268,27.343,27.395,27.762,27.9,27.962,28.162,28.227,28.36,29.168,29.34,29.507,29.653,29.999,30.053,30.309,30.51,30.585,30.73,30.799,31.468,31.55,31.628,31.884,32.026,32.483,32.535,32.714,32.785,33.179,33.215,33.294,33.514,33.758,33.793,33.902,34.427,34.461,34.545,34.647,34.885,35.035,35.368,35.424,35.932,36.162,36.306,36.495,37.389,37.454,37.578,37.638,37.892,37.959,38.087,38.4,38.617,38.741,39.126,39.295,39.479,39.869,nan,nan,nan,nan,nan,nan,nan,nan,nan,nan,nan,nan,nan,nan,nan,nan,nan,nan,nan,nan,nan,nan,nan,nan,nan,nan,nan,nan,nan,nan,nan,nan,nan,nan,nan,nan,nan,nan,nan,nan,nan,nan,nan,nan,nan,nan,nan,nan,nan,nan,nan,nan,nan,nan,nan,nan,nan,nan
0.046,0.233,0.369,0.635,0.692,0.839,0.877,1.092,1.121,1.287,1.855,2.247,2.448,2.576,2.785,2.877,2.924,3.158,3.198,3.244,3.438,3.557,3.873,3.95,4.11,4.197,4.616,4.82,4.981,5.152,5.343,5.436,6.097,6.169,6.638,7.051,7.352,7.486,7.944,8.023,8.15,8.221,8.354,8.528,8.6,8.689,8.869,8.97,9.006,9.498,9.606,9.82,9.906,10.323,10.942,11.093,11.235,11.464,11.881,12.189,12.276,12.464,12.525,12.888,13.977,14.133,14.23,14.554,14.657,14.893,15.168,15.369,15.466,15.499,15.735,15.854,16.104,16.458,16.569,16.642,16.74,17.289,17.349,17.493,17.603,17.795,18.014,18.412,18.693,19.012,19.404,19.445,19.735,19.833,19.888,20.017,20.169,20.446,20.556,20.586,20.848,20.909,21.116,21.431,21.642,21.738,21.981,22.049,22.455,22.652,22.75,22.765,22.853,23.172,23.253,23.409,23.6,23.702,23.851,23.874,24.285,25.016,25.085,25.382,25.824,26.134,26.247,27.312,27.377,27.474,27.741,27.942,28.146,28.311,28.415,28.746,28.923,29.035,29.44,29.488,29.874,29.896,30.104,30.218,30.268,30.596,30.618,30.726,30.913,31.032,31.391,31.431,31.56,31.628,31.929,32.863,33.103,33.154,33.46,33.914,33.963,34.058,34.374,34.513,34.936,35.054,35.1,35.231,35.438,35.888,36.029,36.177,36.596,36.681,37.153,37.226,37.333,37.369,37.612,37.631,37.679,37.759,37.794,37.846,38.066,38.15,38.285,38.431,38.634,39.211,nan,nan,nan,nan,nan,nan,nan,nan,nan,nan,nan,nan,nan,nan,nan,nan,nan,nan,nan,nan,nan,nan,nan,nan,nan,nan,nan,nan,nan,nan,nan,nan,nan,nan,nan,nan,nan,nan,nan,nan,nan,nan,nan,nan,nan,nan,nan,nan,nan,nan,nan,nan
0.342,0.492,0.604,0.683,0.768,1.189,1.23,1.278,1.662,1.734,1.774,2.031,2.182,2.316,2.514,2.681,2.81,2.944,3.22,3.333,3.569,3.986,4.328,4.345,4.472,4.812,5.154,5.21,5.732,6.055,6.498,6.876,7.109,7.158,7.182,7.488,7.586,7.683,7.962,8.272,8.323,8.493,8.579,8.673,8.721,9.477,9.568,9.611,9.715,9.945,10.208,10.336,10.735,11.057,11.142,11.214,11.445,11.558,12.059,12.108,12.68,12.783,13.123,13.191,13.269,13.376,13.449,13.548,13.622,13.854,13.894,14.3,14.359,14.453,14.543,14.773,15.105,15.45,15.525,15.675,15.737,15.944,16.111,16.165,16.309,16.559,16.816,16.999,17.124,17.685,17.896,17.979,18.287,18.328,18.47,18.522,18.567,18.678,18.953,19.287,19.524,19.871,19.976,20.059,20.157,20.708,20.835,20.953,21.0,21.37,21.589,22.103,22.15,22.233,22.426,22.956,23.051,23.098,23.331,23.473,23.795,23.994,24.075,24.161,24.346,24.841,25.071,25.265,25.433,25.625,25.71,26.068,26.163,26.368,26.486,26.67,26.818,26.997,27.037,27.098,27.215,27.35,27.718,27.747,28.002,28.199,28.319,28.358,28.481,28.785,28.906,28.984,29.014,29.108,29.349,29.61,29.993,30.749,31.162,31.482,31.53,31.812,32.062,32.708,32.865,32.934,32.995,33.451,33.532,33.752,34.071,34.206,34.31,34.734,34.78,34.812,34.932,35.072,35.531,35.664,35.772,35.9,35.975,36.23,36.835,36.959,37.036,37.315,37.472,37.667,37.775,37.896,37.963,38.723,38.782,38.883,38.954,39.266,39.4,39.732,39.784,nan,nan,nan,nan,nan,nan,nan,nan,nan,nan,nan,nan,nan,nan,nan,nan,nan,nan,nan,nan,nan,nan,nan,nan,nan,nan,nan,nan,nan,nan,nan,nan,nan,nan,nan,nan,nan,nan,nan,nan,nan
0.129,0.304,0.342,0.696,0.86,0.913,0.977,1.06,2.258,2.373,2.423,2.544,2.679,2.75,2.95,3.016,3.077,3.472,3.608,3.777,3.845,4.215,4.281,4.367,4.79,4.839,5.022,5.071,5.121,5.235,5.319,5.687,5.78,5.851,6.02,6.157,6.3,6.815,7.045,7.518,7.65,7.677,7.916,7.992,8.015,8.09,8.145,8.306,8.471,8.614,8.757,8.832,8.867,8.888,8.911,8.954,9.071,9.114,9.726,9.788,10.028,10.082,10.138,10.288,11.098,11.25,11.534,11.612,11.804,11.836,12.183,12.489,13.176,14.064,14.647,14.735,14.874,14.967,15.132,15.165,15.212,15.564,15.665,16.165,16.643,16.746,16.832,16.956,16.986,17.041,17.165,17.246,17.379,17.509,17.578,17.698,17.815,17.886,18.116,18.547,18.656,19.187,19.429,19.719,20.004,20.084,20.109,20.186,20.222,20.805,21.163,21.693,21.806,22.117,22.285,22.318,22.484,22.554,22.761,23.007,23.173,23.566,23.685,24.158,24.277,24.376,24.409,24.733,24.831,24.91,25.145,25.277,25.347,25.487,25.794,26.236,26.409,26.958,27.483,27.528,27.571,27.757,27.876,28.534,28.611,28.875,28.905,29.041,29.133,29.166,29.254,29.307,29.739,29.853,30.082,30.18,30.277,30.412,30.563,30.642,30.72,31.285,31.462,31.672,31.777,31.884,32.017,32.277,32.442,32.609,33.224,33.249,33.341,33.422,33.688,34.123,34.26,34.333,34.377,35.007,35.093,35.2,35.246,35.323,35.989,36.106,36.148,36.24,36.308,36.396,37.207,37.456,37.664,37.786,37.871,37.932,38.156,38.212,38.602,38.654,39.245,39.395,39.76,nan,nan,nan,nan,nan,nan,nan,nan,nan,nan,nan,nan,nan,nan,nan,nan,nan,nan,nan,nan,nan,nan,nan,nan,nan,nan,nan,nan,nan,nan,nan,nan,nan,nan,nan,nan,nan,nan,nan
0.244,0.546,0.609,0.686,0.719,1.262,1.349,1.575,2.774,3.269,3.753,3.821,3.872,4.099,4.27,4.306,4.64,4.721,4.834,4.874,4.918,5.026,5.059,5.319,5.352,5.471,5.58,5.629,5.655,5.755,6.131,6.516,6.66,6.817,6.902,7.008,7.406,7.866,8.018,8.066,8.127,8.212,8.53,8.815,8.893,8.998,9.506,9.594,10.304,10.372,11.073,11.329,11.487,11.643,11.732,12.014,12.074,12.124,12.174,12.23,12.818,12.959,12.986,13.052,13.173,13.262,13.462,13.54,13.638,13.731,14.107,14.455,14.556,14.6,14.804,15.017,15.477,15.552,15.688,15.73,15.948,16.296,16.403,16.534,16.606,16.646,18.084,18.297,18.322,18.667,18.783,18.969,19.047,19.097,19.481,19.839,20.023,20.059,20.102,20.383,21.022,21.305,21.782,22.033,22.087,22.175,22.296,22.381,23.16,23.216,23.304,23.438,23.63,23.688,23.933,23.993,24.172,25.407,25.557,25.637,25.783,26.42,26.593,26.704,26.783,27.284,27.349,27.819,27.88,28.499,28.622,28.84,29.049,29.219,29.255,29.347,29.544,29.613,29.684,29.811,29.87,29.909,30.002,30.165,30.248,30.334,30.667,30.734,30.8,31.104,31.199,31.477,31.553,31.773,31.823,31.89,31.98,32.619,32.676,32.766,32.804,32.966,33.105,33.297,33.521,34.106,34.515,34.575,34.927,34.991,35.438,35.815,35.957,36.001,36.114,36.675,36.834,36.891,36.924,37.183,37.257,37.4,37.597,37.632,37.839,37.951,38.23,38.817,38.955,39.426,39.474,39.609,nan,nan,nan,nan,nan,nan,nan,nan,nan,nan,nan,nan,nan,nan,nan,nan,nan,nan,nan,nan,nan,nan,nan,nan,nan,nan,nan,nan,nan,nan,nan,nan,nan,nan,nan,nan,nan,nan,nan,nan,nan,nan,nan,nan,nan,nan,nan,nan,nan,nan
0.063,0.121,0.272,0.422,0.507,0.525,0.587,0.78,0.983,1.176,1.34,1.433,1.86,1.931,2.156,2.317,2.521,2.637,2.853,3.009,3.106,3.359,3.566,3.652,3.874,4.058,4.584,4.647,4.758,5.106,5.185,5.379,5.516,5.623,5.72,5.974,6.024,6.11,6.373,6.491,6.623,6.776,6.842,6.975,7.01,7.525,7.942,8.02,8.07,8.094,8.295,8.395,8.431,8.545,8.904,8.99,9.337,9.454,9.67,9.692,9.766,10.121,10.212,10.436,10.522,10.672,10.877,10.96,11.096,11.181,11.363,11.447,11.591,11.91,11.973,12.177,12.262,12.401,12.603,13.0,13.059,13.172,13.268,13.361,13.459,14.09,14.42,14.578,14.607,14.804,15.133,15.237,15.303,15.605,15.745,15.814,15.991,16.04,16.196,16.325,16.375,16.412,16.581,16.675,16.746,16.957,17.014,17.498,17.831,17.939,18.153,18.272,18.388,18.674,18.746,19.162,19.384,19.922,20.092,20.517,20.928,21.001,21.088,21.348,21.473,21.576,21.6,21.983,22.682,22.861,23.149,23.558,23.748,23.899,24.009,24.304,24.334,24.362,24.548,24.808,24.908,25.091,25.433,25.669,25.742,25.823,26.557,26.734,27.334,27.427,27.468,27.731,27.854,27.897,28.148,28.642,28.722,28.766,29.034,29.237,29.375,29.404,29.433,29.597,29.652,29.693,29.752,30.419,30.49,30.615,30.701,31.287,31.641,31.689,31.893,31.972,32.099,32.332,32.595,32.823,32.971,33.05,33.125,33.317,33.66,33.759,33.811,34.165,34.598,34.641,35.14,35.174,35.382,35.463,35.549,35.612,36.012,36.177,36.236,36.391,36.581,36.74,36.904,36.942,37.345,37.409,37.559,37.587,37.812,37.866,37.916,38.129,38.389,38.415,38.7,38.904,39.19,39.24,39.514,39.587,39.661,39.713,39.788,39.874,nan,nan,nan,nan,nan,nan,nan,nan,nan,nan,nan,nan,nan,nan,nan,nan,nan,nan
0.539,0.555,0.805,0.956,1.105,1.198,1.725,2.01,2.066,2.501,2.603,2.776,3.117,3.656,3.729,4.389,4.436,4.767,5.042,5.109,5.679,6.244,6.578,6.833,6.877,6.979,7.104,7.431,7.462,7.564,7.71,8.519,8.995,9.129,9.895,10.123,10.264,10.469,10.583,10.695,10.772,10.809,10.94,11.042,11.11,11.215,11.33,11.807,11.994,12.07,12.214,12.357,12.428,12.467,12.603,12.625,12.791,12.988,13.212,13.299,13.517,13.864,13.931,13.969,14.115,14.228,14.497,14.53,15.041,15.093,15.172,15.259,15.509,15.602,15.845,15.883,15.91,16.013,16.042,16.145,16.369,16.43,16.947,17.381,18.46,18.581,18.692,19.282,19.305,19.51,19.581,19.663,19.755,19.914,20.041,20.23,20.485,20.517,20.606,20.781,20.944,21.062,21.236,21.452,21.557,21.609,21.659,22.691,22.744,23.059,23.397,23.836,23.919,24.48,24.511,24.549,24.96,25.077,25.214,25.399,25.47,25.592,26.198,26.42,26.54,26.647,26.729,26.77,26.833,27.05,27.421,27.853,28.242,28.614,28.807,28.867,28.912,28.969,29.043,29.362,29.634,29.734,29.989,30.099,30.901,30.998,31.243,31.378,32.109,32.277,32.478,32.748,32.87,33.1,33.328,33.771,33.933,34.19,34.545,34.594,34.68,35.305,35.355,35.373,35.459,35.539,35.862,36.058,36.57,36.692,37.354,37.7,37.75,37.804,37.934,38.015,38.094,38.505,38.828,39.177,39.229,39.324,39.682,39.739,39.782,39.901,39.931,39.99,nan,nan,nan,nan,nan,nan,nan,nan,nan,nan,nan,nan,nan,nan,nan,nan,nan,nan,nan,nan,nan,nan,nan,nan,nan,nan,nan,nan,nan,nan,nan,nan,nan,nan,nan,nan,nan,nan,nan,nan,nan,nan,nan,nan,nan,nan,nan,nan,nan,nan,nan,nan,nan,nan
0.303,0.459,0.538,0.62,0.694,0.762,0.878,1.024,1.173,1.416,2.142,2.45,2.749,3.284,3.527,3.825,3.895,3.959,4.023,4.307,4.67,4.748,4.855,5.007,5.197,5.276,5.547,5.668,5.763,6.073,6.652,6.939,7.082,7.136,7.17,7.283,7.318,7.368,7.607,7.775,7.804,8.48,8.507,8.621,8.716,8.783,8.973,9.161,9.372,10.41,10.596,10.728,11.04,11.105,11.171,11.591,11.63,11.699,11.737,11.805,12.034,12.249,12.424,12.48,12.701,13.367,13.58,13.698,13.724,13.773,13.865,14.067,14.109,15.209,15.487,15.748,15.848,15.937,16.394,16.954,17.163,17.389,17.481,17.715,17.8,17.841,17.917,18.257,18.714,18.747,19.065,19.19,19.394,19.436,19.75,20.294,20.452,20.72,20.943,21.1,21.176,21.401,21.456,21.511,21.549,21.721,21.8,21.918,22.136,22.183,22.249,22.334,22.555,22.898,22.938,23.121,23.154,23.429,23.566,23.742,23.821,24.032,24.123,24.203,24.285,24.359,24.775,24.86,24.907,25.012,25.344,25.601,25.723,25.765,25.921,26.026,26.107,26.386,26.456,27.139,27.374,27.898,27.937,28.416,28.581,28.81,28.911,28.943,29.103,29.169,29.272,29.457,30.213,30.256,31.03,31.083,31.264,31.289,31.333,31.392,31.84,31.938,32.711,33.12,33.338,33.638,34.22,34.506,34.811,34.851,35.143,35.476,35.558,35.665,35.721,35.854,35.994,36.175,36.262,36.374,36.57,36.824,36.982,37.243,37.333,37.563,37.853,37.944,38.042,38.113,38.661,38.925,39.06,39.543,39.906,nan,nan,nan,nan,nan,nan,nan,nan,nan,nan,nan,nan,nan,nan,nan,nan,nan,nan,nan,nan,nan,nan,nan,nan,nan,nan,nan,nan,nan,nan,nan,nan,nan,nan,nan,nan,nan,nan,nan,nan,nan,nan,nan,nan,nan,nan,nan
0.052,0.126,0.271,0.428,0.522,0.635,1.014,1.085,1.241,1.353,1.418,1.479,1.559,1.856,1.889,1.951,2.134,2.627,2.821,3.094,3.152,3.458,4.112,4.313,4.597,5.098,5.154,5.219,5.368,5.721,5.889,5.957,6.025,6.101,6.639,6.712,6.78,6.93,7.189,7.764,7.888,8.104,8.302,9.262,9.309,9.442,9.654,9.709,9.738,9.836,10.055,10.114,10.279,10.365,10.463,10.592,10.99,11.023,11.081,11.726,11.762,11.822,12.07,12.347,12.597,12.86,14.239,14.661,14.787,15.017,15.1,15.317,16.05,16.14,16.331,16.586,16.71,17.157,17.588,17.773,17.961,18.025,18.244,18.409,18.47,18.535,18.599,18.639,18.654,18.913,19.191,19.373,19.511,19.683,19.738,20.039,20.166,20.265,20.458,20.529,20.569,21.0,21.415,21.521,21.598,21.619,21.693,21.856,21.958,22.073,22.196,22.558,22.68,22.704,23.026,23.171,23.216,23.256,23.283,23.325,23.409,23.642,23.72,23.77,23.859,24.148,24.345,24.787,24.821,24.955,25.118,25.176,25.236,25.284,25.351,25.393,25.469,25.745,25.799,26.148,26.206,26.357,26.406,26.687,26.739,26.797,26.96,27.064,27.095,27.198,27.787,28.481,28.667,29.407,29.479,29.52,29.633,30.276,30.346,30.581,30.619,30.911,30.954,31.511,31.937,32.239,32.287,32.419,32.459,32.622,32.766,32.856,32.938,32.998,33.125,33.179,33.288,33.571,34.456,34.887,34.957,35.089,35.21,35.279,35.649,35.697,36.081,36.601,36.684,36.945,37.365,37.464,37.97,38.029,38.097,38.142,38.228,38.391,38.49,38.603,38.802,39.11,39.379,39.514,39.541,39.895,39.928,nan,nan,nan,nan,nan,nan,nan,nan,nan,nan,nan,nan,nan,nan,nan,nan,nan,nan,nan,nan,nan,nan,nan,nan,nan,nan,nan,nan,nan,nan,nan,nan,nan,nan,nan
0.101,0.16,0.292,0.497,0.574,0.68,0.743,1.472,1.519,1.892,1.945,2.581,2.695,2.773,3.217,3.247,3.331,3.355,3.569,3.741,4.071,4.264,4.423,4.451,4.501,4.73,4.813,4.992,5.122,5.664,5.946,6.111,6.22,6.312,6.57,6.602,6.798,6.855,7.023,7.349,8.052,8.183,8.288,8.334,8.37,8.783,8.923,8.987,9.094,9.182,9.359,9.721,10.023,10.054,10.515,10.679,10.716,10.819,10.967,11.256,11.382,11.476,12.064,12.556,12.702,12.851,12.971,13.015,13.036,13.118,13.456,13.646,13.729,14.02,14.056,14.159,14.271,14.442,14.468,14.501,14.682,14.746,14.802,15.467,15.799,16.117,16.157,16.212,16.26,16.644,16.68,16.808,16.997,17.187,17.31,17.38,17.436,17.477,17.504,17.599,17.633,17.798,17.895,17.933,18.085,18.17,18.366,18.496,18.6,18.694,18.771,19.044,19.113,19.372,19.531,19.75,19.897,19.932,20.393,20.481,20.583,20.765,20.867,21.014,21.399,21.464,21.675,21.768,22.02,22.125,22.313,22.607,22.85,22.869,23.01,23.266,23.454,23.542,23.652,23.842,23.911,23.977,24.193,24.305,24.336,24.527,24.553,24.81,24.92,25.248,25.651,25.744,25.976,26.003,26.213,26.551,26.596,26.626,26.674,26.737,26.773,26.832,26.895,27.308,27.472,28.409,28.532,28.583,28.614,28.832,28.939,29.206,29.243,29.38,29.809,29.848,29.898,29.987,30.125,30.572,30.705,30.994,31.098,31.241,31.271,31.498,31.74,32.142,32.413,32.763,32.94,33.174,33.284,33.606,33.641,33.784,33.871,33.909,34.019,34.209,34.265,34.475,34.689,34.956,35.015,35.062,35.164,35.392,35.878,35.934,35.971,36.205,36.64,36.673,36.786,37.345,37.481,37.545,37.578,37.655,37.741,38.051,38.2,38.305,38.38,38.845,38.865,39.02,39.413,39.592,39.694,39.967,nan,nan,nan,nan,nan,nan,nan,nan,nan,nan
0.266,0.564,0.658,0.75,0.804,1.14,1.227,1.383,1.598,1.856,2.002,2.169,2.25,2.408,2.589,3.291,3.391,3.545,3.573,3.718,3.794,3.906,4.063,4.086,4.165,4.519,4.776,4.958,4.986,5.02,5.041,5.167,5.278,5.433,6.142,6.553,6.753,6.992,7.073,7.208,7.572,7.605,7.649,7.708,8.126,8.177,8.329,8.357,8.548,8.745,9.096,9.288,9.595,10.024,10.124,10.211,10.268,10.296,10.369,10.736,10.854,10.967,10.994,11.272,11.312,11.46,11.578,11.618,11.877,12.106,12.598,12.989,13.263,13.283,13.463,13.611,13.855,13.935,14.029,14.176,14.5,14.591,15.191,15.326,15.374,15.638,15.763,15.892,15.955,16.108,16.49,16.621,17.086,17.294,17.373,17.522,17.685,17.788,17.833,17.959,18.025,18.118,18.175,18.308,18.381,18.409,18.53,18.565,18.625,18.676,18.803,18.951,19.404,19.694,19.973,20.033,20.087,20.141,20.454,21.033,21.124,21.636,21.709,21.782,21.911,22.171,22.245,22.394,22.531,22.605,22.672,22.808,22.951,23.117,23.414,23.52,23.561,23.703,23.751,23.906,24.085,24.226,24.443,24.58,24.9,25.004,25.034,25.297,25.339,25.601,25.826,26.293,26.587,26.665,27.034,27.106,27.283,27.38,27.764,27.976,28.563,28.689,28.812,29.025,29.371,29.406,29.724,29.91,30.118,30.267,30.566,30.769,31.431,31.815,31.866,31.999,32.151,32.345,32.959,33.001,33.071,33.241,33.274,33.745,34.363,34.465,34.71,34.889,34.936,35.203,35.33,35.357,35.725,36.258,36.293,36.344,36.516,36.553,36.717,36.738,36.945,37.193,37.425,37.473,37.505,37.757,37.777,37.91,38.319,38.352,38.584,38.994,39.127,39.159,39.268,39.562,39.767,nan,nan,nan,nan,nan,nan,nan,nan,nan,nan,nan,nan,nan,nan,nan,nan,nan,nan,nan,nan,nan,nan,nan,nan,nan
0.072,0.134,0.244,0.342,0.746,1.132,1.227,1.398,1.829,2.491,2.699,3.026,3.1,3.21,3.264,3.343,3.398,3.449,3.519,3.609,3.635,3.673,3.828,3.966,3.99,4.048,4.204,4.244,4.39,4.475,5.22,5.625,5.927,6.237,6.655,6.714,6.748,7.259,7.331,7.389,7.503,7.897,7.934,8.535,8.858,9.047,9.098,9.26,9.637,10.095,10.163,10.217,10.452,10.524,10.643,10.863,10.897,11.12,11.499,11.6,11.914,12.076,12.287,12.917,13.018,13.245,13.661,13.902,14.22,14.37,14.413,15.214,15.779,15.944,16.078,16.189,17.231,17.275,17.441,17.706,18.055,18.176,18.235,18.538,18.77,18.921,18.99,19.122,19.557,19.755,20.03,20.24,20.38,20.8,20.923,21.025,21.3,21.426,21.614,21.705,21.889,22.355,22.45,22.584,22.745,22.972,23.041,23.236,23.629,23.767,23.953,24.138,24.163,24.271,24.373,24.577,24.87,25.125,25.311,25.406,25.537,25.603,25.647,25.675,25.708,25.902,26.196,26.226,26.446,26.714,26.877,26.93,27.028,27.121,27.249,27.278,27.407,27.473,27.857,28.053,28.432,28.462,28.592,28.896,29.068,29.095,29.259,30.226,30.623,30.801,30.927,31.191,31.239,31.404,31.462,32.104,32.171,32.279,32.375,32.615,32.729,32.84,33.017,33.245,33.531,33.604,34.005,34.086,34.121,34.301,34.349,34.408,34.676,34.761,35.512,35.781,35.884,36.265,36.725,36.875,37.004,37.193,37.331,37.778,37.872,37.944,38.15,38.334,38.374,38.417,38.739,38.762,38.793,38.915,39.176,39.359,39.547,nan,nan,nan,nan,nan,nan,nan,nan,nan,nan,nan,nan,nan,nan,nan,nan,nan,nan,nan,nan,nan,nan,nan,nan,nan,nan,nan,nan,nan,nan,nan,nan,nan,nan,nan,nan,nan,nan,nan,nan,nan,nan,nan,nan,nan
0.064,0.576,0.89,1.006,1.255,1.439,1.477,1.507,1.738,1.993,2.018,2.048,2.146,2.175,2.302,2.468,2.616,2.862,2.967,3.506,3.531,3.862,4.986,5.01,5.089,5.248,5.359,5.585,5.895,5.992,6.045,6.58,6.615,7.001,7.216,7.244,7.37,7.411,7.634,7.724,7.806,7.848,7.886,8.156,8.335,8.549,8.74,8.978,9.064,9.148,9.352,9.739,9.766,9.814,9.842,9.995,10.343,10.386,10.484,10.842,11.0,11.029,11.246,11.597,11.713,11.88,12.042,12.138,12.341,12.579,12.621,12.681,12.756,12.909,13.051,13.287,13.33,13.444,13.764,14.016,14.051,14.375,14.792,15.055,15.14,15.391,15.514,15.631,15.721,15.845,16.243,16.547,16.716,17.003,17.34,17.729,17.907,18.13,18.259,18.675,18.95,19.487,19.574,19.694,19.769,19.836,19.855,20.194,20.298,20.469,20.723,20.779,20.895,21.088,21.159,21.623,21.976,22.096,22.143,22.189,22.258,22.538,22.733,22.954,23.416,23.459,24.261,24.618,24.746,24.821,25.135,25.188,25.789,25.964,26.086,26.501,26.556,26.611,26.722,27.226,27.259,27.441,27.531,27.997,28.076,28.254,28.615,28.809,29.302,29.358,29.451,29.865,29.963,30.023,30.206,30.343,30.383,30.52,30.668,31.116,31.275,31.533,31.713,31.91,31.979,32.261,32.677,33.09,33.471,33.668,33.914,33.952,34.085,34.169,34.263,34.364,34.45,34.605,34.626,34.758,35.151,35.211,35.248,35.659,36.179,36.259,36.628,36.852,36.899,37.059,37.106,37.134,37.303,37.427,37.476,37.514,37.569,37.768,38.702,38.819,39.819,39.989,nan,nan,nan,nan,nan,nan,nan,nan,nan,nan,nan,nan,nan,nan,nan,nan,nan,nan,nan,nan,nan,nan,nan,nan,nan,nan,nan,nan,nan,nan,nan,nan,nan,nan,nan,nan,nan,nan,nan,nan
0.331,0.613,1.273,1.392,1.584,1.691,1.804,2.094,2.263,2.312,2.34,2.361,2.478,2.712,2.741,2.862,3.04,3.238,3.305,3.422,3.61,3.867,3.933,4.066,4.137,4.574,4.637,4.835,5.048,5.473,5.544,5.832,5.95,6.147,6.199,6.365,7.149,7.525,7.822,7.915,8.349,8.659,8.937,9.116,9.34,9.4,10.097,10.282,10.367,10.567,11.609,11.696,11.781,11.848,11.975,12.056,12.095,12.228,12.383,12.414,12.515,12.571,12.614,12.679,13.172,13.514,13.532,13.686,13.935,14.0,14.073,14.444,14.464,14.576,14.82,15.088,15.473,15.695,15.75,16.109,16.458,16.593,17.442,17.495,17.856,18.137,18.404,18.624,18.699,19.181,19.369,19.472,19.622,20.189,20.253,20.309,20.63,20.8,21.077,21.151,21.181,21.227,21.604,21.863,21.928,22.046,22.268,22.323,22.483,22.583,22.655,22.679,22.99,23.25,23.418,23.749,23.863,23.981,24.066,24.297,24.411,24.48,24.547,24.58,24.663,24.774,24.912,25.022,25.08,25.159,25.192,25.282,25.49,25.993,26.052,26.141,26.25,26.866,26.91,27.207,27.917,28.154,28.302,28.401,28.764,28.865,28.918,28.971,29.079,29.109,29.228,29.411,29.457,29.681,29.706,29.779,29.955,30.696,30.804,30.851,30.972,31.156,31.212,31.359,31.577,31.669,31.878,32.039,32.152,32.258,32.312,32.572,32.956,32.998,33.143,33.182,33.279,33.38,33.461,33.501,33.526,33.85,34.071,34.159,34.309,34.343,34.795,35.125,35.192,35.519,35.723,35.955,36.109,36.158,36.237,36.552,37.074,37.243,37.336,37.467,37.962,37.994,38.076,38.147,38.281,38.352,38.866,38.969,39.117,39.134,39.321,39.635,nan,nan,nan,nan,nan,nan,nan,nan,nan,nan,nan,nan,nan,nan,nan,nan,nan,nan,nan,nan,nan,nan,nan,nan,nan,nan,nan,nan,nan,nan
0.076,0.256,0.436,1.3,1.428,1.808,2.128,2.336,2.385,2.524,2.593,3.148,3.181,3.528,3.573,4.035,4.43,4.717,4.942,4.97,5.053,5.097,5.22,5.269,5.708,5.977,6.065,6.413,6.575,6.591,6.69,6.877,7.032,7.68,7.732,8.054,8.507,8.632,8.74,9.067,9.185,9.507,9.66,9.832,9.869,9.973,10.428,10.496,10.698,11.422,11.584,11.641,11.69,11.794,11.984,12.15,12.22,12.486,12.616,12.795,12.867,12.978,13.122,13.795,14.169,14.372,14.664,14.715,14.954,15.276,15.35,15.462,15.988,16.212,16.566,16.698,16.879,17.275,17.372,17.516,18.298,18.417,18.514,18.561,18.716,19.09,19.482,19.713,19.77,20.005,20.167,20.424,20.602,20.757,20.836,20.957,21.151,21.337,21.417,22.159,22.321,22.339,22.406,23.218,23.443,23.948,24.527,24.704,24.917,25.092,25.199,25.614,25.65,25.705,25.973,26.036,26.093,26.398,26.465,26.561,26.616,26.668,26.862,26.904,27.078,27.134,27.197,27.365,27.687,27.76,27.817,27.897,27.976,28.34,28.63,28.679,28.726,28.848,28.904,28.974,29.297,29.325,29.381,29.504,29.593,29.868,29.998,30.087,30.323,31.031,31.077,31.122,31.188,31.289,31.345,31.485,32.055,32.187,32.231,32.302,32.391,32.51,32.649,32.71,32.833,33.042,33.355,33.516,33.663,33.829,33.888,34.386,34.457,34.568,34.736,35.385,35.87,35.98,36.095,36.177,36.461,36.784,36.996,37.183,37.267,37.384,37.417,37.728,37.806,37.832,37.928,38.037,38.305,38.33,38.384,38.45,38.502,38.541,39.289,39.329,39.646,39.804,nan,nan,nan,nan,nan,nan,nan,nan,nan,nan,nan,nan,nan,nan,nan,nan,nan,nan,nan,nan,nan,nan,nan,nan,nan,nan,nan,nan,nan,nan,nan,nan,nan,nan,nan,nan,nan,nan,nan,nan
0.31,0.974,1.19,1.273,1.639,1.676,1.96,2.078,2.305,2.908,2.981,3.075,3.163,3.264,3.357,3.528,3.656,3.912,4.179,4.406,4.428,4.711,4.822,4.918,5.261,5.288,5.33,5.649,5.678,5.708,5.844,5.914,6.222,6.293,6.318,6.423,6.737,6.776,6.833,6.958,6.996,7.043,7.158,7.321,7.596,8.081,8.16,8.214,8.247,8.378,8.936,8.957,9.201,9.466,9.612,9.759,9.86,9.903,10.185,10.293,10.44,10.516,10.596,10.676,10.802,10.955,10.994,11.179,11.318,11.361,11.541,11.613,11.639,11.706,11.854,11.912,12.19,12.265,12.326,12.351,12.505,13.168,13.496,13.516,13.718,13.792,13.933,14.084,14.166,14.449,14.629,14.685,14.763,15.211,15.262,15.565,15.623,15.686,15.718,15.988,16.03,16.215,16.286,16.372,17.039,17.272,17.363,17.8,17.901,18.019,18.262,18.796,18.859,18.883,18.913,18.98,19.185,19.475,19.574,19.683,19.745,20.06,20.542,20.639,20.662,20.692,21.075,21.547,21.591,22.092,22.244,22.287,22.766,22.805,22.824,23.122,23.313,23.724,23.933,24.241,24.346,24.668,24.809,25.164,25.356,25.432,25.581,25.741,25.758,26.088,26.265,26.524,26.892,26.957,26.982,27.24,27.307,27.379,27.418,27.437,27.636,27.704,27.793,27.811,27.949,28.025,28.096,28.307,28.377,28.492,28.627,29.031,29.087,29.525,29.565,29.649,29.735,29.851,30.179,30.695,31.1,31.668,32.205,32.401,32.686,33.091,33.368,33.56,33.875,34.158,34.301,34.371,34.423,34.491,34.635,34.706,34.787,34.969,35.025,35.07,35.358,35.564,35.879,36.01,36.132,36.776,37.176,37.385,37.438,37.634,38.166,38.447,38.78,39.018,39.196,39.461,39.68,nan,nan,nan,nan,nan,nan,nan,nan,nan,nan,nan,nan,nan,nan,nan,nan,nan,nan,nan,nan,nan,nan,nan,nan,nan
0.035,0.153,0.231,0.759,1.081,1.274,1.356,1.844,1.945,1.985,2.103,2.363,2.459,2.552,2.712,2.896,3.11,3.484,3.678,3.775,4.02,4.073,4.203,4.233,4.41,4.682,4.826,4.861,4.947,5.088,5.178,5.224,5.437,5.535,5.883,5.964,6.419,6.536,6.745,6.835,6.846,6.946,7.633,8.008,8.474,9.126,9.17,9.528,9.587,9.962,10.018,10.163,10.483,10.67,11.229,11.369,11.501,11.734,11.862,12.092,12.308,12.513,12.719,12.827,12.915,13.182,13.245,13.465,13.5,13.518,13.554,13.604,14.43,14.497,14.577,14.675,14.845,15.272,15.428,15.562,15.662,15.735,15.797,16.13,16.227,16.343,16.66,16.736,17.117,17.719,17.764,17.808,18.144,18.173,18.19,18.888,19.043,19.111,19.139,19.357,19.38,19.776,20.251,20.482,20.538,20.577,21.211,21.226,21.356,21.425,21.597,21.987,22.018,22.15,22.368,22.661,23.335,23.764,23.839,23.871,23.921,24.309,24.511,24.566,24.622,24.761,24.798,24.966,25.024,25.087,25.154,25.26,25.377,25.558,25.816,26.026,26.34,26.798,26.828,27.086,27.121,27.606,27.704,27.895,28.011,28.061,28.17,28.327,28.605,28.816,29.176,29.298,29.582,29.676,29.94,30.058,30.2,30.381,30.505,30.849,30.992,31.04,31.095,31.416,31.535,31.648,31.743,32.411,32.463,32.548,32.661,32.956,33.2,34.155,34.387,34.417,34.987,35.102,35.129,35.243,35.518,35.59,35.66,35.764,35.814,35.961,36.057,36.174,36.333,36.548,36.645,36.922,36.981,37.093,37.167,37.349,37.46,37.61,37.644,37.704,37.762,38.118,38.223,38.326,38.44,38.681,38.846,39.467,39.611,39.845,39.909,nan,nan,nan,nan,nan,nan,nan,nan,nan,nan,nan,nan,nan,nan,nan,nan,nan,nan,nan,nan,nan,nan,nan,nan,nan,nan,nan,nan,nan,nan,nan
0.571,0.688,0.825,0.991,1.432,1.665,1.826,1.944,2.051,2.155,2.505,2.698,2.764,2.813,2.863,3.106,3.148,3.383,3.866,3.943,4.059,4.112,4.161,4.252,4.267,4.716,4.878,5.198,5.407,5.42,5.488,5.546,5.935,5.996,6.492,6.734,7.054,7.174,7.249,7.562,7.625,7.747,8.03,8.088,8.124,8.21,8.37,8.434,8.484,8.695,8.808,8.866,8.976,9.008,9.33,9.386,9.426,9.555,9.646,9.748,9.932,10.057,10.192,10.34,10.456,10.548,10.675,10.805,10.868,10.899,11.019,12.0,12.481,12.739,12.816,12.923,13.089,13.129,13.173,13.371,13.561,13.784,14.028,14.063,14.191,14.252,14.298,14.351,14.819,14.985,15.288,15.859,16.155,16.533,16.721,16.791,16.981,17.13,17.709,18.373,18.708,18.783,18.873,18.912,19.384,19.8,20.088,20.256,20.294,20.622,20.641,20.855,21.099,21.179,21.265,21.669,22.162,22.197,22.26,22.396,22.643,22.746,22.959,23.032,23.168,23.304,23.399,23.532,23.68,23.71,23.79,24.05,24.2,24.648,24.682,24.709,24.936,25.018,25.314,25.532,25.718,26.106,26.167,26.487,26.591,26.881,27.074,27.251,27.41,27.426,27.632,28.423,28.47,28.844,29.215,29.247,29.265,29.38,29.41,29.485,29.898,30.079,30.103,30.202,30.303,30.62,31.128,31.275,31.551,31.603,31.72,31.943,32.178,32.746,32.854,32.976,33.165,33.209,33.407,33.588,33.757,34.035,34.182,34.507,34.605,34.726,34.82,34.858,35.356,35.431,35.743,35.807,36.369,36.41,36.468,36.497,36.652,36.755,37.376,37.582,37.671,37.719,37.802,37.906,38.18,38.21,38.255,38.624,39.096,39.444,39.488,39.877,nan,nan,nan,nan,nan,nan,nan,nan,nan,nan,nan,nan,nan,nan,nan,nan,nan,nan,nan,nan,nan,nan,nan,nan,nan,nan,nan,nan,nan,nan
0.326,0.651,1.041,1.122,1.181,1.363,1.595,2.224,2.343,2.424,2.614,2.838,3.221,3.278,3.351,3.63,3.714,4.235,4.447,4.768,4.805,4.998,5.317,5.811,5.849,5.886,5.969,6.123,6.281,6.364,6.638,6.893,6.972,7.045,7.15,7.326,7.445,7.793,8.024,8.255,8.444,8.698,8.798,8.841,9.144,9.191,9.28,9.52,9.572,9.61,9.908,10.098,10.155,10.34,10.481,10.537,10.58,10.606,10.927,11.245,11.556,11.741,12.121,12.163,12.478,12.608,13.101,13.181,13.292,13.331,13.385,13.523,13.951,14.144,14.553,14.834,15.006,15.459,15.506,15.702,15.805,16.484,16.56,16.61,16.648,17.264,17.311,17.859,18.201,18.383,18.473,18.585,18.769,18.918,19.258,19.278,19.619,19.676,19.699,19.733,19.892,20.006,20.156,20.277,20.574,20.702,21.137,21.196,21.47,21.787,21.95,22.187,22.301,22.411,22.541,22.599,22.771,24.066,24.132,24.259,24.369,24.475,24.604,24.711,24.862,25.151,25.432,25.811,26.149,26.294,26.346,26.544,26.79,27.007,27.341,27.491,27.541,27.97,27.991,28.121,28.607,28.66,28.937,29.125,29.22,29.317,29.415,29.851,30.073,30.401,30.689,31.125,31.213,31.707,31.738,31.786,31.834,31.986,32.013,32.393,32.452,32.614,32.653,32.694,32.874,33.108,33.272,33.606,33.808,33.861,33.909,34.205,34.462,34.714,34.751,35.204,35.255,35.411,35.447,35.596,35.921,35.955,36.257,36.938,36.985,37.405,37.549,37.709,38.019,38.114,38.494,39.136,39.202,39.258,39.473,nan,nan,nan,nan,nan,nan,nan,nan,nan,nan,nan,nan,nan,nan,nan,nan,nan,nan,nan,nan,nan,nan,nan,nan,nan,nan,nan,nan,nan,nan,nan,nan,nan,nan,nan,nan,nan,nan,nan,nan,nan,nan,nan,nan,nan,nan,nan
0.164,0.484,0.554,0.569,0.768,1.46,1.894,1.964,2.122,2.396,2.465,3.267,3.411,3.718,3.817,4.033,4.312,4.525,4.623,4.823,5.049,5.534,5.633,5.77,5.877,6.086,6.169,6.597,6.817,7.042,7.525,8.374,8.44,8.575,9.102,9.12,9.195,9.51,9.927,10.106,10.258,10.329,10.562,10.634,10.682,11.257,11.497,11.945,12.044,12.208,12.613,12.673,12.802,12.974,13.134,13.857,13.91,13.968,14.071,14.135,14.208,14.292,14.345,14.858,14.967,15.487,15.551,15.811,16.152,16.315,16.387,16.431,16.511,16.845,16.892,16.923,17.062,17.209,17.509,17.699,17.773,17.827,18.027,18.371,18.515,18.573,18.595,18.735,19.086,19.121,19.151,19.273,19.314,19.352,19.39,19.468,19.718,20.222,20.717,20.854,20.936,21.099,21.238,21.269,21.387,21.434,21.618,21.675,22.078,22.582,22.626,22.718,22.867,23.272,23.421,23.553,23.79,23.96,24.367,24.441,24.622,24.988,25.285,25.7,25.797,26.244,26.47,27.033,27.247,27.35,27.466,27.574,27.657,27.914,28.234,28.547,28.964,29.398,29.495,29.574,29.92,30.053,30.116,30.223,30.428,30.518,30.647,31.135,31.594,31.691,31.851,31.959,32.372,33.412,33.487,33.556,33.582,33.759,33.956,34.674,34.769,35.488,35.554,35.866,36.146,36.417,36.673,36.752,36.8,36.875,36.91,37.027,37.327,37.408,37.463,37.641,37.831,37.905,37.93,38.062,38.115,38.444,38.477,38.694,38.771,39.033,39.06,39.087,39.123,39.179,39.261,39.335,39.966,nan,nan,nan,nan,nan,nan,nan,nan,nan,nan,nan,nan,nan,nan,nan,nan,nan,nan,nan,nan,nan,nan,nan,nan,nan,nan,nan,nan,nan,nan,nan,nan,nan,nan,nan,nan,nan,nan,nan,nan,nan,nan,nan,nan,nan,nan,nan,nan,nan
0.116,0.375,0.434,0.715,0.734,0.827,1.186,1.407,1.466,1.508,1.604,1.709,1.913,1.949,2.036,2.419,2.778,2.827,2.87,2.95,3.578,4.261,4.401,4.659,4.918,5.208,5.497,5.819,5.849,6.32,6.379,6.534,6.672,6.757,7.008,7.275,7.466,7.516,7.82,7.86,7.934,7.961,8.052,8.25,8.31,8.445,8.519,8.658,9.018,9.557,9.665,9.909,10.088,10.273,10.374,10.476,10.639,11.189,11.413,11.726,11.82,12.098,12.328,12.766,12.821,13.04,13.498,13.731,13.865,14.057,14.088,14.26,14.438,14.529,14.564,14.653,14.729,14.76,14.795,15.099,15.892,16.01,16.216,16.658,16.812,16.938,17.064,17.261,17.362,17.467,17.746,17.95,17.984,18.166,18.715,18.737,19.035,19.111,19.234,19.606,19.813,19.863,20.233,20.281,20.437,20.678,20.852,20.883,21.109,21.186,21.405,21.638,21.812,21.862,22.029,22.242,23.182,23.221,23.366,23.696,23.78,24.03,24.091,24.128,24.262,24.63,24.735,24.939,25.024,25.067,25.203,25.352,25.759,25.949,26.359,26.572,26.637,26.821,27.153,27.646,27.859,28.106,28.434,28.847,28.924,29.167,29.263,29.308,29.563,29.86,30.007,30.279,30.345,30.483,30.694,31.04,31.063,31.274,31.366,31.41,31.953,32.102,32.301,32.397,32.512,32.696,32.793,32.991,33.355,33.515,34.133,34.265,34.966,35.028,35.384,35.572,35.62,35.691,35.855,36.183,36.435,36.495,36.683,36.775,36.816,36.838,36.963,37.163,37.336,37.5,37.77,37.842,37.929,38.227,38.396,38.494,39.121,39.214,39.553,39.58,39.665,nan,nan,nan,nan,nan,nan,nan,nan,nan,nan,nan,nan,nan,nan,nan,nan,nan,nan,nan,nan,nan,nan,nan,nan,nan,nan,nan,nan,nan,nan,nan,nan,nan,nan,nan,nan,nan,nan,nan,nan,nan
0.547,0.585,1.111,1.156,1.218,1.342,1.371,2.311,2.771,2.879,2.961,3.131,3.295,3.347,3.461,3.539,3.782,4.208,4.425,5.161,5.223,5.395,5.58,5.731,6.173,6.347,6.484,6.677,6.908,7.2,7.433,7.959,8.027,8.648,8.851,8.96,9.194,9.241,9.376,9.818,9.949,9.991,10.196,10.485,11.014,11.517,11.654,11.754,11.839,11.983,12.018,12.055,12.184,12.473,12.582,13.199,13.396,13.426,13.962,14.08,14.495,14.705,14.841,14.987,15.343,15.463,15.587,15.804,16.068,16.191,16.812,17.03,17.097,17.259,17.614,17.82,17.973,18.122,18.37,18.461,18.589,18.631,18.759,20.116,20.152,20.331,20.364,20.453,20.992,21.207,21.389,21.507,21.676,21.962,22.027,22.302,22.626,22.682,22.802,23.236,23.636,23.677,23.844,24.083,24.218,24.491,24.563,24.782,25.264,25.543,25.675,25.857,25.938,26.286,26.374,26.46,26.531,26.842,26.92,27.068,27.183,27.245,27.344,27.368,27.428,27.518,27.57,27.916,28.008,28.151,28.225,28.4,28.511,28.75,28.778,28.867,29.412,29.611,29.817,29.891,30.268,30.327,30.412,30.859,30.919,30.968,32.406,32.482,32.572,32.692,32.729,32.788,32.894,32.935,33.26,33.419,33.525,33.586,34.3,34.424,34.668,34.825,34.969,35.044,35.216,35.405,35.786,35.835,35.906,36.205,36.264,36.319,36.356,36.399,37.09,37.317,37.362,37.52,37.887,38.083,38.182,38.266,38.491,38.647,38.767,39.289,39.487,nan,nan,nan,nan,nan,nan,nan,nan,nan,nan,nan,nan,nan,nan,nan,nan,nan,nan,nan,nan,nan,nan,nan,nan,nan,nan,nan,nan,nan,nan,nan,nan,nan,nan,nan,nan,nan,nan,nan,nan,nan,nan,nan,nan,nan,nan,nan,nan,nan,nan,nan,nan,nan,nan,nan
0.06,0.205,0.256,0.586,0.69,0.852,0.925,0.996,1.057,1.139,1.234,1.273,2.379,2.427,2.569,2.98,3.098,3.256,3.806,4.261,4.735,4.891,4.938,4.969,5.198,5.488,5.783,6.013,6.135,6.197,6.266,6.33,6.445,6.699,6.717,6.775,6.839,7.315,7.567,7.927,8.025,8.321,8.401,8.443,8.494,8.849,8.883,8.939,9.013,9.336,9.398,9.629,9.67,9.745,9.838,10.085,10.137,10.273,10.322,10.386,10.527,10.553,10.683,10.777,11.098,11.289,11.388,11.466,12.012,12.51,12.561,13.053,13.139,13.178,13.256,13.333,13.378,13.427,13.601,13.636,13.674,13.941,14.131,14.165,14.274,14.564,14.989,15.57,15.639,15.706,15.75,15.876,16.09,16.284,16.407,16.506,16.567,16.78,17.027,17.106,17.516,17.627,17.898,17.968,18.026,18.083,18.216,18.257,18.358,18.438,18.55,18.656,19.111,19.456,19.678,19.791,19.885,20.03,20.153,20.191,20.528,20.621,20.68,20.759,20.902,20.959,21.359,21.515,21.574,21.713,21.739,21.863,21.924,22.395,22.424,22.565,23.05,23.207,23.239,23.471,23.723,23.779,24.048,24.103,24.802,24.913,25.143,25.396,25.479,25.675,25.973,26.552,26.602,26.637,26.918,27.025,27.063,27.296,27.61,27.728,27.767,28.122,28.161,28.468,28.558,28.788,28.977,29.501,29.525,29.715,29.927,30.008,30.115,30.306,30.434,30.511,30.856,31.456,31.548,31.714,31.925,32.105,32.32,32.6,32.651,32.956,33.642,34.017,34.327,34.446,34.483,34.532,34.597,35.008,35.077,35.17,35.321,35.42,35.556,35.974,36.449,36.533,36.623,36.928,36.965,37.011,37.447,37.766,38.069,38.234,38.255,38.355,38.438,38.617,38.736,38.945,39.082,39.159,39.23,nan,nan,nan,nan,nan,nan,nan,nan,nan,nan,nan,nan,nan,nan,nan,nan,nan,nan,nan,nan,nan,nan,nan
0.201,0.441,0.566,0.666,0.762,0.797,0.886,1.229,1.319,1.379,1.578,2.018,2.099,2.266,2.328,2.617,2.83,2.939,3.005,3.034,3.168,3.272,3.337,3.376,3.551,3.652,3.703,3.771,3.808,3.866,4.096,4.128,4.156,4.172,4.392,4.413,4.655,4.801,5.404,5.605,5.757,5.803,6.061,6.146,6.402,6.79,6.823,7.065,7.302,7.381,7.401,7.46,7.564,7.658,7.744,7.811,8.025,8.151,8.184,9.031,9.245,9.697,9.728,9.891,10.175,10.273,10.428,10.77,10.84,11.133,11.344,11.529,11.632,11.73,11.838,12.175,12.248,12.364,12.962,13.122,13.289,13.384,13.424,13.964,14.037,14.162,14.474,14.581,14.788,15.353,15.577,15.705,16.327,16.394,16.925,16.992,17.33,17.566,17.936,18.083,18.249,18.396,18.543,19.937,20.021,20.15,20.317,20.45,20.799,21.156,21.325,21.39,21.47,21.513,21.817,22.048,22.183,22.619,22.806,22.858,22.962,23.021,23.1,23.315,23.751,23.801,24.586,24.708,24.801,24.863,24.955,25.222,25.264,25.661,25.822,25.892,26.258,26.337,26.635,26.925,27.209,27.364,27.784,27.846,28.022,28.179,28.364,28.714,28.815,29.04,29.117,29.189,29.267,29.304,29.52,29.651,29.694,29.726,29.845,29.955,30.036,30.168,30.195,30.257,30.454,30.733,30.788,30.912,31.016,31.058,31.538,31.575,31.678,31.699,31.738,32.337,32.376,32.775,32.836,32.946,33.46,33.965,34.453,34.689,34.805,35.405,35.566,35.754,36.232,36.349,36.492,36.997,37.026,37.133,37.257,37.285,37.381,37.466,37.507,37.572,37.904,38.135,38.352,38.782,39.119,39.184,39.485,39.922,nan,nan,nan,nan,nan,nan,nan,nan,nan,nan,nan,nan,nan,nan,nan,nan,nan,nan,nan,nan,nan,nan,nan,nan,nan,nan,nan,nan,nan,nan,nan,nan,nan,nan
0.091,0.15,0.3,0.32,0.37,0.523,0.754,0.823,0.965,1.072,1.655,1.84,1.928,1.972,2.089,2.309,2.406,2.46,2.619,2.651,2.729,2.792,2.924,3.105,3.205,3.382,3.41,3.782,4.053,4.141,4.512,4.575,4.617,4.705,4.923,4.961,5.139,5.195,5.533,5.712,5.73,5.91,5.988,6.243,6.297,6.384,6.862,7.078,7.17,7.297,7.484,7.519,7.725,8.132,8.428,8.655,8.697,8.75,8.807,9.294,9.675,9.726,9.749,9.785,9.935,10.043,10.07,10.29,10.647,11.307,11.555,11.806,12.147,12.291,12.418,12.546,12.574,12.617,12.78,12.877,12.96,13.414,13.485,13.548,13.794,13.843,14.155,14.192,14.287,14.464,14.536,14.891,15.032,15.243,15.296,15.524,15.832,16.175,16.218,16.391,16.523,16.592,17.135,17.872,18.041,18.143,18.558,18.758,18.877,18.952,19.462,19.758,19.818,20.122,20.589,20.619,20.775,20.845,21.026,21.105,21.183,21.232,21.272,21.322,21.473,21.588,22.014,22.105,22.346,22.628,23.027,23.096,23.173,23.625,23.707,23.923,24.061,24.14,24.617,24.722,24.793,25.102,25.22,25.574,25.599,25.622,25.968,26.171,26.211,26.412,26.443,26.561,26.71,26.876,27.003,27.042,27.313,27.393,27.818,27.842,27.985,28.284,28.398,28.432,28.598,28.675,28.795,28.837,29.07,29.839,29.996,30.222,30.678,30.967,31.133,31.489,31.784,32.167,32.313,32.367,32.419,32.519,32.567,32.751,33.04,33.109,33.529,33.606,33.821,33.889,34.108,34.414,34.442,34.771,35.201,35.431,35.743,35.947,35.983,36.106,36.582,36.867,37.025,37.151,37.748,37.852,37.891,38.321,38.523,38.682,38.866,39.149,39.231,39.516,39.64,39.784,39.966,39.997,nan,nan,nan,nan,nan,nan,nan,nan,nan,nan,nan,nan,nan,nan,nan,nan,nan,nan,nan,nan,nan,nan,nan,nan
0.15,0.18,0.282,0.331,0.56,0.77,0.869,0.966,1.123,1.417,1.65,1.683,1.762,1.842,1.921,2.008,2.262,2.576,2.682,2.713,2.811,3.248,3.536,3.623,3.683,3.85,4.351,4.419,4.493,4.586,4.756,4.816,5.313,5.715,5.758,6.128,6.211,6.274,6.648,6.805,6.917,7.014,7.174,7.33,7.571,8.275,8.473,8.61,8.732,8.782,8.846,8.897,9.093,9.213,9.504,9.645,10.592,10.723,10.758,11.068,11.139,11.461,11.609,11.719,12.065,12.161,12.314,12.635,12.713,12.791,12.875,12.945,13.142,13.454,13.581,13.683,13.809,13.845,13.987,14.076,14.154,14.208,14.239,14.862,15.193,15.264,15.387,15.606,15.681,15.911,16.116,16.197,16.282,16.664,16.9,16.948,17.093,17.182,17.446,17.59,17.925,18.119,18.184,18.316,18.597,18.622,18.674,19.16,19.215,19.257,19.456,19.529,19.867,20.001,20.097,20.173,21.025,21.064,21.318,21.424,21.533,21.594,21.641,22.078,22.138,22.197,22.59,22.718,22.795,22.982,23.445,23.804,23.927,24.115,24.147,24.218,24.359,24.525,24.628,24.658,25.266,25.537,25.757,25.98,26.051,26.124,26.358,26.424,26.981,27.055,27.159,27.192,27.376,27.593,27.84,28.06,28.552,28.581,28.633,28.795,29.07,29.138,29.283,29.526,29.868,29.914,30.188,30.325,30.554,30.77,30.82,30.933,31.053,31.544,31.651,31.85,31.993,32.069,32.491,32.578,32.631,32.868,32.976,33.359,33.642,34.664,34.754,34.839,34.917,34.95,35.029,35.157,35.264,35.308,35.337,35.387,35.603,35.654,35.794,35.843,35.913,35.968,36.036,36.067,36.577,36.741,36.947,37.06,37.165,37.259,37.33,37.769,37.911,38.021,38.489,38.785,39.002,39.388,39.808,39.961,nan,nan,nan,nan,nan,nan,nan,nan,nan,nan,nan,nan,nan,nan,nan,nan,nan,nan,nan,nan,nan,nan
0.089,0.166,0.613,0.726,0.839,0.927,1.199,2.183,2.215,2.372,2.669,2.778,2.962,3.344,3.48,3.558,4.027,4.079,4.166,4.575,4.607,4.8,4.963,5.128,5.152,5.37,5.396,5.578,5.683,5.766,6.238,6.403,6.769,6.972,7.466,7.75,7.883,8.703,8.74,9.059,9.226,9.248,9.275,9.354,9.439,9.735,9.842,10.127,10.864,11.107,11.198,11.576,11.774,11.821,12.071,12.133,12.528,13.041,13.251,13.369,13.584,14.229,14.281,14.439,14.511,15.076,15.168,15.359,15.418,15.501,15.517,15.594,15.787,15.822,16.04,16.105,16.139,16.189,16.268,16.512,16.82,17.276,17.405,17.46,17.611,17.948,18.129,18.196,18.579,18.701,18.776,18.809,19.215,19.304,19.514,19.644,19.776,19.893,19.96,20.175,20.261,20.28,20.381,20.449,20.538,20.728,20.759,20.898,20.96,21.01,21.065,21.105,21.422,21.544,21.705,21.731,21.815,22.072,22.341,22.507,22.684,22.738,23.155,23.263,23.426,23.676,23.821,23.847,24.149,24.195,24.425,24.623,24.684,24.876,24.962,25.017,25.055,25.11,25.321,25.423,25.829,25.866,26.17,26.196,26.229,26.28,26.773,27.008,27.135,27.734,27.97,28.231,28.375,28.418,28.896,28.98,29.158,29.409,29.564,29.741,29.866,30.102,30.158,30.393,30.959,31.077,31.371,31.41,31.742,31.945,32.266,32.305,32.552,32.646,33.025,33.239,33.951,34.237,34.503,34.676,34.779,34.826,35.04,35.338,35.395,35.515,35.704,35.875,36.024,36.603,36.856,36.923,37.257,37.512,37.625,37.674,37.792,38.003,38.042,38.103,38.587,38.621,38.775,38.86,39.055,39.155,39.672,39.716,39.767,39.811,39.838,39.91,nan,nan,nan,nan,nan,nan,nan,nan,nan,nan,nan,nan,nan,nan,nan,nan,nan,nan,nan,nan,nan,nan,nan,nan,nan,nan,nan,nan,nan,nan
0.114,0.191,0.638,0.751,0.864,0.952,1.224,2.208,2.24,2.397,2.694,2.803,2.987,3.369,3.505,3.583,4.052,4.104,4.191,4.6,4.632,4.825,4.988,5.153,5.177,5.395,5.421,5.603,5.708,5.791,6.263,6.428,6.794,6.997,7.491,7.775,7.908,8.728,8.765,9.084,9.251,9.273,9.3,9.379,9.464,9.76,9.867,10.152,10.889,11.132,11.223,11.601,11.799,11.846,12.096,12.158,12.553,13.066,13.276,13.394,13.609,14.254,14.306,14.464,14.536,15.101,15.193,15.384,15.443,15.526,15.542,15.619,15.812,15.847,16.065,16.13,16.164,16.214,16.293,16.537,16.845,17.301,17.43,17.485,17.636,17.973,18.154,18.221,18.604,18.726,18.801,18.834,19.24,19.329,19.539,19.669,19.801,19.918,19.985,20.2,20.286,20.305,20.406,20.474,20.563,20.753,20.784,20.923,20.985,21.035,21.09,21.13,21.447,21.569,21.73,21.756,21.84,22.097,22.366,22.532,22.709,22.763,23.18,23.288,23.451,23.701,23.846,23.872,24.174,24.22,24.45,24.648,24.709,24.901,24.987,25.042,25.08,25.135,25.346,25.448,25.854,25.891,26.195,26.221,26.254,26.305,26.798,27.033,27.16,27.759,27.995,28.256,28.4,28.443,28.921,29.005,29.183,29.434,29.589,29.766,29.891,30.127,30.183,30.418,30.984,31.102,31.396,31.435,31.767,31.97,32.291,32.33,32.577,32.671,33.05,33.264,33.976,34.262,34.528,34.701,34.804,34.851,35.065,35.363,35.42,35.54,35.729,35.9,36.049,36.628,36.881,36.948,37.282,37.537,37.65,37.699,37.817,38.028,38.067,38.128,38.612,38.646,38.8,38.885,39.08,39.18,39.697,39.741,39.792,39.836,39.863,39.935,nan,nan,nan,nan,nan,nan,nan,nan,nan,nan,nan,nan,nan,nan,nan,nan,nan,nan,nan,nan,nan,nan,nan,nan,nan,nan,nan,nan,nan,nan
0.139,0.216,0.663,0.776,0.889,0.977,1.249,2.233,2.265,2.422,2.719,2.828,3.012,3.394,3.53,3.608,4.077,4.129,4.216,4.625,4.657,4.85,5.013,5.178,5.202,5.42,5.446,5.628,5.733,5.816,6.288,6.453,6.819,7.022,7.516,7.8,7.933,8.753,8.79,9.109,9.276,9.298,9.325,9.404,9.489,9.785,9.892,10.177,10.914,11.157,11.248,11.626,11.824,11.871,12.121,12.183,12.578,13.091,13.301,13.419,13.634,14.279,14.331,14.489,14.561,15.126,15.218,15.409,15.468,15.551,15.567,15.644,15.837,15.872,16.09,16.155,16.189,16.239,16.318,16.562,16.87,17.326,17.455,17.51,17.661,17.998,18.179,18.246,18.629,18.751,18.826,18.859,19.265,19.354,19.564,19.694,19.826,19.943,20.01,20.225,20.311,20.33,20.431,20.499,20.588,20.778,20.809,20.948,21.01,21.06,21.115,21.155,21.472,21.594,21.755,21.781,21.865,22.122,22.391,22.557,22.734,22.788,23.205,23.313,23.476,23.726,23.871,23.897,24.199,24.245,24.475,24.673,24.734,24.926,25.012,25.067,25.105,25.16,25.371,25.473,25.879,25.916,26.22,26.246,26.279,26.33,26.823,27.058,27.185,27.784,28.02,28.281,28.425,28.468,28.946,29.03,29.208,29.459,29.614,29.791,29.916,30.152,30.208,30.443,31.009,31.127,31.421,31.46,31.792,31.995,32.316,32.355,32.602,32.696,33.075,33.289,34.001,34.287,34.553,34.726,34.829,34.876,35.09,35.388,35.445,35.565,35.754,35.925,36.074,36.653,36.906,36.973,37.307,37.562,37.675,37.724,37.842,38.053,38.092,38.153,38.637,38.671,38.825,38.91,39.105,39.205,39.722,39.766,39.817,39.861,39.888,39.96,nan,nan,nan,nan,nan,nan,nan,nan,nan,nan,nan,nan,nan,nan,nan,nan,nan,nan,nan,nan,nan,nan,nan,nan,nan,nan,nan,nan,nan,nan
0.164,0.241,0.688,0.801,0.914,1.002,1.274,2.258,2.29,2.447,2.744,2.853,3.037,3.419,3.555,3.633,4.102,4.154,4.241,4.65,4.682,4.875,5.038,5.203,5.227,5.445,5.471,5.653,5.758,5.841,6.313,6.478,6.844,7.047,7.541,7.825,7.958,8.778,8.815,9.134,9.301,9.323,9.35,9.429,9.514,9.81,9.917,10.202,10.939,11.182,11.273,11.651,11.849,11.896,12.146,12.208,12.603,13.116,13.326,13.444,13.659,14.304,14.356,14.514,14.586,15.151,15.243,15.434,15.493,15.576,15.592,15.669,15.862,15.897,16.115,16.18,16.214,16.264,16.343,16.587,16.895,17.351,17.48,17.535,17.686,18.023,18.204,18.271,18.654,18.776,18.851,18.884,19.29,19.379,19.589,19.719,19.851,19.968,20.035,20.25,20.336,20.355,20.456,20.524,20.613,20.803,20.834,20.973,21.035,21.085,21.14,21.18,21.497,21.619,21.78,21.806,21.89,22.147,22.416,22.582,22.759,22.813,23.23,23.338,23.501,23.751,23.896,23.922,24.224,24.27,24.5,24.698,24.759,24.951,25.037,25.092,25.13,25.185,25.396,25.498,25.904,25.941,26.245,26.271,26.304,26.355,26.848,27.083,27.21,27.809,28.045,28.306,28.45,28.493,28.971,29.055,29.233,29.484,29.639,29.816,29.941,30.177,30.233,30.468,31.034,31.152,31.446,31.485,31.817,32.02,32.341,32.38,32.627,32.721,33.1,33.314,34.026,34.312,34.578,34.751,34.854,34.901,35.115,35.413,35.47,35.59,35.779,35.95,36.099,36.678,36.931,36.998,37.332,37.587,37.7,37.749,37.867,38.078,38.117,38.178,38.662,38.696,38.85,38.935,39.13,39.23,39.747,39.791,39.842,39.886,39.913,39.985,nan,nan,nan,nan,nan,nan,nan,nan,nan,nan,nan,nan,nan,nan,nan,nan,nan,nan,nan,nan,nan,nan,nan,nan,nan,nan,nan,nan,nan,nan
