0.106,0.363,0.542,0.642,0.757,0.796,0.875,0.927,1.034,1.129,1.225,1.408,1.464,1.535,1.58,1.602,1.624,1.666,1.72,1.823,1.889,2.005,2.04,2.21,2.336,2.452,2.653,2.805,2.863,3.092,3.218,3.236,3.262,3.335,3.407,3.467,3.556,3.647,3.664,3.725,3.771,3.913,3.959,3.985,4.042,4.148,4.179,4.202,4.266,4.322,4.373,4.408,4.444,4.552,4.582,4.663,4.757,4.968,5.08,5.304,5.395,5.447,5.472,5.526,5.582,5.687,5.709,5.729,5.741,5.844,5.986,6.017,6.078,6.166,6.266,6.298,6.347,6.421,6.473,6.556,6.625,6.703,6.914,6.924,7.03,7.057,7.076,7.109,7.152,7.298,7.319,7.339,7.38,7.406,7.422,7.494,7.546,7.594,7.634,7.683,7.854,7.933,7.981,8.017,8.135,8.281,8.314,8.591,8.657,8.743,8.775,8.851,8.911,8.997,9.111,9.202,9.235,9.29,9.337,9.412,9.465,9.49,9.531,9.569,9.783,9.853,9.875,9.901,nan,nan,nan,nan,nan,nan,nan,nan,nan,nan,nan,nan,nan,nan,nan,nan,nan,nan,nan,nan,nan,nan,nan,nan,nan,nan,nan,nan,nan,nan
0.196,0.243,0.254,0.283,0.351,0.497,0.529,0.601,0.661,0.696,0.739,0.769,0.815,1.076,1.123,1.172,1.286,1.316,1.388,1.432,1.47,1.494,1.658,1.692,1.84,1.9,1.971,2.06,2.095,2.135,2.16,2.295,2.321,2.343,2.437,2.518,2.554,2.571,2.604,2.634,2.755,2.798,2.895,2.923,3.04,3.119,3.167,3.19,3.285,3.32,3.474,3.505,3.605,3.702,3.772,3.84,3.892,3.952,4.047,4.22,4.299,4.53,4.589,4.679,4.726,4.792,4.905,4.93,4.949,4.959,4.982,5.088,5.132,5.177,5.213,5.261,5.421,5.458,5.531,5.667,5.931,5.981,6.012,6.119,6.15,6.174,6.235,6.348,6.489,6.593,6.652,6.733,6.767,6.786,6.856,6.913,6.959,7.006,7.073,7.101,7.221,7.512,7.618,7.678,7.79,7.927,8.048,8.101,8.221,8.349,8.404,8.462,8.603,8.704,8.788,9.006,9.076,9.262,9.291,9.386,9.428,9.559,9.656,9.916,9.948,9.984,nan,nan,nan,nan,nan,nan,nan,nan,nan,nan,nan,nan,nan,nan,nan,nan,nan,nan,nan,nan,nan,nan,nan,nan,nan,nan,nan,nan,nan,nan,nan,nan
0.038,0.079,0.167,0.25,0.311,0.326,0.384,0.425,0.61,0.625,0.749,0.775,0.91,0.932,1.019,1.189,1.213,1.346,1.401,1.603,1.73,1.828,1.85,1.971,2.022,2.082,2.11,2.204,2.247,2.46,2.495,2.561,2.581,2.803,2.864,2.912,2.941,2.998,3.019,3.037,3.104,3.165,3.344,3.37,3.505,3.542,3.562,3.59,3.625,3.768,3.814,3.843,3.861,3.896,3.993,4.065,4.124,4.18,4.249,4.276,4.354,4.44,4.468,4.499,4.565,4.611,4.659,4.7,4.733,4.755,4.784,4.809,4.856,4.987,5.02,5.067,5.362,5.384,5.45,5.481,5.527,5.586,5.655,5.722,5.838,5.888,5.996,6.14,6.156,6.19,6.393,6.443,6.603,6.668,6.701,6.779,6.881,6.96,7.048,7.164,7.242,7.281,7.33,7.489,7.592,7.826,7.872,7.96,8.022,8.052,8.105,8.184,8.31,8.359,8.467,8.57,8.652,8.719,8.819,8.87,8.898,9.039,9.107,9.143,9.167,9.213,9.473,9.506,9.622,9.715,9.793,9.957,nan,nan,nan,nan,nan,nan,nan,nan,nan,nan,nan,nan,nan,nan,nan,nan,nan,nan,nan,nan,nan,nan,nan,nan,nan,nan
0.102,0.174,0.247,0.308,0.335,0.357,0.384,0.513,0.558,0.609,0.762,0.806,0.831,0.942,1.049,1.174,1.206,1.264,1.297,1.362,1.517,1.563,1.579,1.628,1.708,1.73,1.751,1.817,1.837,1.937,1.964,2.108,2.168,2.205,2.376,2.526,2.603,2.63,2.793,2.835,2.908,2.971,3.019,3.041,3.057,3.196,3.317,3.361,3.4,3.552,3.667,3.692,3.744,3.789,4.032,4.064,4.093,4.139,4.222,4.298,4.349,4.405,4.424,4.514,4.575,4.607,4.705,4.722,4.771,4.862,4.887,4.916,4.941,5.04,5.104,5.179,5.274,5.365,5.432,5.448,5.465,5.624,5.645,5.671,5.746,5.802,5.875,5.901,5.932,6.034,6.136,6.192,6.235,6.257,6.293,6.326,6.471,6.486,6.513,6.566,6.703,6.875,6.933,6.95,6.991,7.061,7.259,7.29,7.318,7.345,7.437,7.484,7.563,7.647,7.754,7.784,7.844,7.898,7.96,7.986,8.046,8.23,8.274,8.307,8.384,8.525,8.566,8.593,8.712,8.854,8.991,9.029,9.079,9.204,9.231,9.359,9.426,9.531,9.579,9.65,9.72,9.897,9.921,nan,nan,nan,nan,nan,nan,nan,nan,nan,nan,nan,nan,nan,nan,nan
0.032,0.119,0.175,0.33,0.368,0.608,0.648,0.678,0.708,0.735,0.798,0.84,0.889,1.097,1.162,1.193,1.23,1.423,1.549,1.621,1.719,1.888,1.916,1.982,2.012,2.046,2.091,2.121,2.158,2.335,2.371,2.433,2.454,2.516,2.543,2.57,2.621,2.92,2.968,2.996,3.064,3.122,3.186,3.213,3.368,3.501,3.608,3.644,3.864,3.947,3.976,3.997,4.034,4.06,4.227,4.291,4.333,4.454,4.51,4.705,4.733,4.764,4.802,4.823,4.917,4.976,5.088,5.107,5.17,5.225,5.263,5.307,5.338,5.377,5.422,5.438,5.456,5.48,5.53,5.647,5.685,5.774,5.798,5.877,5.906,5.945,6.122,6.227,6.315,6.352,6.408,6.451,6.621,6.754,6.82,6.85,6.892,7.01,7.161,7.194,7.221,7.419,7.551,7.617,7.65,7.718,7.753,7.85,7.879,7.914,7.974,8.02,8.063,8.083,8.193,8.279,8.336,8.403,8.512,8.528,8.613,8.675,8.723,8.801,8.851,8.946,9.039,9.12,9.296,9.353,9.636,9.658,9.757,9.786,9.938,9.998,nan,nan,nan,nan,nan,nan,nan,nan,nan,nan,nan,nan,nan,nan,nan,nan,nan,nan,nan,nan,nan,nan
0.02,0.103,0.183,0.226,0.268,0.368,0.397,0.45,0.728,0.77,0.785,0.927,1.12,1.252,1.3,1.371,1.387,1.42,1.471,1.513,1.531,1.633,1.66,1.724,1.771,1.882,1.928,2.001,2.104,2.151,2.483,2.511,2.569,2.699,2.733,2.794,3.068,3.121,3.149,3.238,3.261,3.285,3.399,3.585,3.61,3.678,3.746,3.807,3.929,3.951,3.971,4.004,4.063,4.153,4.244,4.263,4.314,4.461,4.492,4.579,4.615,4.644,4.666,4.695,4.751,4.774,4.882,5.012,5.14,5.172,5.217,5.411,5.455,5.532,5.583,5.639,5.768,5.849,6.031,6.247,6.318,6.354,6.61,6.643,6.66,6.718,6.761,6.79,6.902,7.018,7.114,7.171,7.198,7.238,7.484,7.555,7.592,7.744,7.836,7.872,7.986,8.05,8.122,8.233,8.287,8.381,8.409,8.463,8.492,8.546,8.585,8.88,9.006,9.194,9.232,9.266,9.503,9.604,9.65,9.705,9.749,9.83,9.86,9.889,nan,nan,nan,nan,nan,nan,nan,nan,nan,nan,nan,nan,nan,nan,nan,nan,nan,nan,nan,nan,nan,nan,nan,nan,nan,nan,nan,nan,nan,nan,nan,nan,nan,nan
0.03,0.074,0.178,0.288,0.476,0.5,0.571,0.696,0.808,0.879,0.924,1.081,1.15,1.2,1.31,1.335,1.363,1.393,1.48,1.522,1.548,1.6,1.657,1.684,1.777,1.813,1.963,2.068,2.264,2.298,2.328,2.38,2.414,2.499,2.553,2.583,2.86,2.948,3.012,3.041,3.093,3.152,3.2,3.317,3.365,3.397,3.415,3.452,3.547,3.626,3.691,3.72,3.889,4.007,4.029,4.104,4.221,4.257,4.29,4.379,4.462,4.501,4.525,4.589,4.625,4.67,4.706,4.751,4.801,4.833,4.989,5.002,5.039,5.437,5.529,5.574,5.684,5.745,5.844,6.165,6.22,6.238,6.419,6.461,6.518,6.565,6.66,6.704,6.88,7.01,7.028,7.065,7.119,7.216,7.253,7.288,7.338,7.414,7.541,7.624,7.688,7.768,7.793,7.815,7.872,7.915,8.081,8.102,8.143,8.209,8.353,8.503,8.543,8.583,8.625,8.798,8.83,8.966,9.081,9.11,9.134,9.155,9.209,9.242,9.313,9.376,9.435,9.508,9.636,9.659,9.821,9.908,9.957,nan,nan,nan,nan,nan,nan,nan,nan,nan,nan,nan,nan,nan,nan,nan,nan,nan,nan,nan,nan,nan,nan,nan,nan,nan
0.087,0.118,0.157,0.341,0.402,0.445,0.531,0.561,0.588,0.675,0.704,0.786,0.828,0.873,0.948,0.971,0.998,1.031,1.094,1.197,1.332,1.416,1.45,1.523,1.567,1.607,1.641,1.704,1.738,1.824,1.932,1.973,2.029,2.121,2.14,2.186,2.213,2.261,2.382,2.465,2.493,2.519,2.564,2.585,2.612,2.732,2.765,2.79,2.835,2.875,3.029,3.056,3.112,3.131,3.166,3.278,3.313,3.378,3.43,3.46,3.609,3.636,3.817,3.972,4.02,4.148,4.176,4.277,4.292,4.359,4.412,4.474,4.541,4.628,4.662,4.7,4.756,4.868,4.955,4.995,5.05,5.098,5.231,5.337,5.467,5.491,5.525,5.568,5.596,5.644,5.697,5.803,5.89,6.016,6.035,6.163,6.206,6.349,6.404,6.463,6.549,6.574,6.609,6.642,6.719,6.807,6.846,6.953,6.989,7.141,7.263,7.303,7.411,7.446,7.544,7.666,7.695,7.74,7.763,7.795,7.813,7.994,8.082,8.102,8.139,8.419,8.449,8.487,8.528,8.595,8.713,8.758,9.071,9.16,9.224,9.273,9.307,9.327,9.412,9.48,9.498,9.523,9.61,9.659,9.74,9.92,nan,nan,nan,nan,nan,nan,nan,nan,nan,nan,nan,nan
0.07,0.142,0.18,0.393,0.441,0.475,0.51,0.558,0.595,0.653,0.786,0.901,0.933,0.989,1.09,1.114,1.134,1.155,1.185,1.298,1.339,1.37,1.444,1.472,1.593,1.636,1.695,1.745,1.976,1.997,2.097,2.187,2.203,2.257,2.316,2.507,2.566,2.621,2.792,2.832,2.874,3.032,3.127,3.31,3.375,3.481,3.502,3.583,3.639,3.684,3.743,3.861,3.942,3.99,4.13,4.429,4.472,4.649,4.683,4.744,4.841,4.893,5.016,5.111,5.17,5.222,5.269,5.345,5.499,5.556,5.649,5.665,5.713,5.824,5.866,5.893,5.909,5.937,5.966,6.117,6.199,6.23,6.261,6.498,6.567,6.728,6.755,6.801,6.822,6.873,6.888,7.006,7.181,7.213,7.251,7.29,7.32,7.331,7.418,7.448,7.48,7.597,7.632,7.79,7.99,8.06,8.115,8.141,8.184,8.21,8.233,8.264,8.286,8.349,8.509,8.53,8.55,8.834,8.871,8.966,9.068,9.099,9.146,9.205,9.405,9.575,9.613,9.769,9.922,nan,nan,nan,nan,nan,nan,nan,nan,nan,nan,nan,nan,nan,nan,nan,nan,nan,nan,nan,nan,nan,nan,nan,nan,nan,nan,nan,nan,nan
0.084,0.122,0.171,0.255,0.286,0.41,0.576,0.628,0.678,0.711,0.779,0.867,0.886,0.943,1.065,1.182,1.219,1.317,1.459,1.544,1.633,1.76,1.801,1.909,2.021,2.046,2.231,2.327,2.387,2.479,2.596,2.655,2.691,2.734,2.85,2.891,2.937,2.997,3.038,3.066,3.12,3.227,3.267,3.311,3.531,3.663,3.709,3.743,3.837,3.894,3.972,4.061,4.197,4.344,4.36,4.375,4.516,4.611,4.747,4.787,4.85,4.934,4.975,5.051,5.156,5.174,5.232,5.341,5.376,5.445,5.557,5.708,5.734,5.77,5.808,5.969,6.076,6.115,6.146,6.224,6.451,6.518,6.574,6.592,6.637,6.685,6.762,6.798,6.876,6.96,7.111,7.226,7.278,7.336,7.402,7.461,7.545,7.593,7.664,7.686,7.762,7.821,7.856,7.915,7.936,7.994,8.079,8.106,8.148,8.233,8.282,8.434,8.46,8.477,8.536,8.561,8.606,8.641,8.766,8.804,8.84,8.863,8.904,8.995,9.077,9.191,9.229,9.349,9.375,9.422,9.542,9.695,9.744,9.906,9.936,9.967,nan,nan,nan,nan,nan,nan,nan,nan,nan,nan,nan,nan,nan,nan,nan,nan,nan,nan,nan,nan,nan,nan
0.085,0.132,0.265,0.312,0.392,0.439,0.559,0.653,0.717,0.741,0.768,0.832,0.849,0.902,0.991,1.039,1.156,1.369,1.426,1.481,1.509,1.6,1.672,1.723,1.767,1.804,1.86,1.968,1.99,2.06,2.095,2.124,2.153,2.177,2.215,2.251,2.277,2.398,2.427,2.47,2.547,2.687,2.723,2.814,2.835,2.89,2.923,2.954,2.993,3.066,3.102,3.199,3.319,3.411,3.498,3.55,3.653,3.815,3.846,4.012,4.113,4.141,4.308,4.344,4.412,4.582,4.684,4.708,4.723,4.771,4.835,4.899,5.032,5.053,5.103,5.151,5.202,5.224,5.315,5.379,5.414,5.522,5.567,5.64,5.69,5.765,5.791,5.858,5.877,5.92,6.004,6.126,6.288,6.451,6.475,6.792,6.847,6.986,7.039,7.217,7.252,7.282,7.329,7.375,7.498,7.544,7.644,7.686,7.713,7.729,7.827,8.058,8.073,8.096,8.13,8.169,8.322,8.349,8.406,8.556,8.725,8.888,8.976,9.165,9.25,9.353,9.375,9.429,9.465,9.494,9.637,9.72,9.749,9.869,9.962,nan,nan,nan,nan,nan,nan,nan,nan,nan,nan,nan,nan,nan,nan,nan,nan,nan,nan,nan,nan,nan,nan,nan
0.028,0.255,0.407,0.458,0.609,0.63,0.66,0.794,0.851,0.945,1.001,1.088,1.124,1.237,1.268,1.371,1.4,1.507,1.531,1.557,1.602,1.624,1.693,1.752,1.813,1.849,1.908,1.996,2.052,2.108,2.25,2.307,2.327,2.381,2.413,2.458,2.504,2.522,2.547,2.567,2.641,2.669,2.695,2.741,2.849,2.949,3.047,3.154,3.219,3.241,3.267,3.367,3.403,3.423,3.45,3.494,3.552,3.584,3.722,3.828,3.927,4.034,4.068,4.122,4.221,4.255,4.337,4.4,4.481,4.526,4.561,4.583,4.648,4.689,4.766,4.815,4.863,4.897,4.952,4.982,5.013,5.076,5.15,5.275,5.355,5.465,5.476,5.619,5.652,5.805,5.82,5.877,5.896,5.944,6.041,6.071,6.093,6.315,6.383,6.438,6.473,6.5,6.582,6.62,6.681,6.728,6.878,6.918,6.952,6.995,7.052,7.096,7.135,7.156,7.299,7.328,7.455,7.471,7.611,7.709,7.78,7.906,7.966,8.033,8.094,8.152,8.185,8.315,8.356,8.392,8.416,8.455,8.6,8.641,8.723,8.768,8.789,8.804,8.835,8.858,8.878,8.94,8.979,9.034,9.071,9.235,9.338,9.42,9.435,9.582,9.656,9.69,9.731,9.837,9.876,9.92,9.943,9.959
0.065,0.103,0.122,0.169,0.276,0.328,0.401,0.5,0.572,0.642,0.709,0.736,0.773,0.818,0.871,0.968,1.054,1.243,1.391,1.633,1.675,1.719,1.915,1.955,2.042,2.269,2.357,2.414,2.428,2.503,2.573,2.66,2.706,2.812,2.885,2.948,2.99,3.02,3.034,3.086,3.129,3.231,3.273,3.309,3.329,3.362,3.463,3.552,3.751,3.79,3.819,3.897,3.952,3.995,4.024,4.116,4.14,4.227,4.273,4.315,4.414,4.557,4.581,4.659,4.681,4.845,4.923,5.03,5.172,5.189,5.321,5.342,5.585,5.656,5.711,5.754,5.908,5.937,6.081,6.127,6.146,6.231,6.345,6.433,6.575,6.608,6.658,6.732,6.811,6.862,6.888,6.995,7.056,7.254,7.28,7.305,7.34,7.378,7.409,7.467,7.549,7.566,7.619,7.686,7.706,7.768,7.797,7.866,8.014,8.165,8.206,8.242,8.348,8.467,8.525,8.622,8.672,8.761,8.791,9.1,9.122,9.224,9.279,9.317,9.359,9.493,9.65,9.704,9.75,9.823,9.975,nan,nan,nan,nan,nan,nan,nan,nan,nan,nan,nan,nan,nan,nan,nan,nan,nan,nan,nan,nan,nan,nan,nan,nan,nan,nan,nan
0.063,0.178,0.211,0.255,0.325,0.387,0.409,0.443,0.516,0.581,0.638,0.689,0.825,0.92,0.939,0.975,1.122,1.204,1.273,1.43,1.459,1.508,1.549,1.704,1.721,1.744,1.785,1.903,2.066,2.138,2.222,2.39,2.448,2.472,2.58,2.649,2.758,2.824,2.993,3.034,3.175,3.205,3.243,3.256,3.353,3.4,3.446,3.6,3.7,3.888,3.954,3.995,4.059,4.135,4.16,4.294,4.386,4.565,4.585,4.719,4.792,4.844,4.96,4.996,5.016,5.079,5.137,5.184,5.234,5.276,5.415,5.442,5.468,5.489,5.546,5.569,5.647,5.678,5.706,5.759,5.799,5.816,5.897,5.971,6.041,6.067,6.117,6.153,6.348,6.501,6.547,6.57,6.597,6.708,6.829,7.005,7.073,7.108,7.351,7.462,7.483,7.569,7.591,7.656,7.695,7.865,7.967,8.107,8.213,8.348,8.41,8.561,8.648,8.688,8.742,8.763,8.838,8.917,9.016,9.045,9.07,9.093,9.132,9.16,9.206,9.224,9.283,9.337,9.489,9.551,9.591,9.765,9.794,9.853,9.907,9.937,9.997,nan,nan,nan,nan,nan,nan,nan,nan,nan,nan,nan,nan,nan,nan,nan,nan,nan,nan,nan,nan,nan
0.075,0.143,0.228,0.281,0.327,0.405,0.431,0.485,0.522,0.563,0.619,0.657,0.693,0.765,0.819,0.891,0.939,0.95,1.04,1.073,1.15,1.265,1.313,1.346,1.378,1.472,1.56,1.77,1.804,1.836,1.863,1.907,1.948,1.99,2.059,2.128,2.348,2.397,2.48,2.518,2.701,2.732,2.823,2.853,2.89,3.082,3.255,3.303,3.329,3.448,3.522,3.555,3.592,3.643,3.778,3.822,3.89,3.924,3.958,3.99,4.213,4.228,4.28,4.313,4.337,4.392,4.432,4.462,4.485,4.576,4.728,4.929,5.084,5.192,5.232,5.318,5.435,5.507,5.692,5.737,5.763,5.814,5.957,6.057,6.117,6.274,6.348,6.435,6.482,6.543,6.594,6.615,6.714,6.836,6.859,6.983,7.037,7.192,7.273,7.351,7.373,7.528,7.589,7.654,7.743,7.791,7.822,7.915,8.054,8.147,8.326,8.455,8.506,8.564,8.615,8.846,8.911,8.945,9.001,9.082,9.112,9.267,9.325,9.338,9.393,9.47,9.501,9.532,9.674,9.803,9.884,9.915,9.93,nan,nan,nan,nan,nan,nan,nan,nan,nan,nan,nan,nan,nan,nan,nan,nan,nan,nan,nan,nan,nan,nan,nan,nan,nan
0.078,0.26,0.314,0.498,0.552,0.664,0.76,0.883,0.972,1.054,1.292,1.351,1.549,1.623,1.658,1.854,1.934,2.059,2.112,2.214,2.367,2.424,2.502,2.552,2.615,2.706,2.846,2.89,2.919,2.94,2.996,3.069,3.198,3.362,3.466,3.512,3.582,3.66,3.701,3.761,3.874,3.913,4.069,4.113,4.199,4.254,4.354,4.452,4.551,4.569,4.631,4.668,4.808,4.887,4.961,5.052,5.072,5.239,5.261,5.317,5.376,5.411,5.481,5.538,5.654,5.72,5.786,5.82,5.847,6.088,6.161,6.226,6.262,6.311,6.402,6.467,6.508,6.527,6.572,6.614,6.667,6.7,6.798,6.836,6.87,6.914,6.932,6.972,7.086,7.171,7.209,7.335,7.364,7.387,7.45,7.522,7.634,7.72,7.888,7.916,7.949,8.019,8.119,8.231,8.274,8.335,8.366,8.389,8.492,8.678,8.75,8.795,8.832,8.907,9.041,9.116,9.173,9.219,9.264,9.436,9.486,9.545,9.593,9.616,9.692,9.876,9.93,9.96,9.976,nan,nan,nan,nan,nan,nan,nan,nan,nan,nan,nan,nan,nan,nan,nan,nan,nan,nan,nan,nan,nan,nan,nan,nan,nan,nan,nan,nan,nan
0.056,0.111,0.14,0.302,0.329,0.349,0.448,0.548,0.6,0.69,0.746,0.848,0.899,0.951,0.97,0.999,1.082,1.156,1.226,1.26,1.319,1.339,1.385,1.408,1.466,1.592,1.657,1.825,1.986,2.082,2.124,2.173,2.233,2.254,2.305,2.326,2.388,2.577,2.619,2.653,2.691,2.752,2.793,2.899,2.974,3.032,3.096,3.212,3.25,3.292,3.588,3.65,3.683,3.778,3.835,3.88,3.906,3.952,4.031,4.136,4.318,4.449,4.474,4.524,4.55,4.604,4.637,4.683,4.969,5.045,5.1,5.181,5.249,5.271,5.319,5.451,5.49,5.61,5.667,5.688,5.778,5.84,5.891,6.073,6.122,6.185,6.223,6.34,6.59,6.662,6.713,6.884,6.946,6.99,7.009,7.052,7.141,7.191,7.214,7.274,7.637,7.714,7.77,7.877,8.045,8.081,8.171,8.295,8.331,8.574,8.728,8.79,8.833,8.87,8.952,9.026,9.062,9.152,9.199,9.241,9.295,9.322,9.347,9.424,9.478,9.501,9.577,9.741,9.775,9.856,9.989,nan,nan,nan,nan,nan,nan,nan,nan,nan,nan,nan,nan,nan,nan,nan,nan,nan,nan,nan,nan,nan,nan,nan,nan,nan,nan,nan
0.041,0.077,0.115,0.161,0.216,0.288,0.413,0.493,0.539,0.587,0.662,0.69,0.734,0.773,0.858,0.877,0.928,1.02,1.045,1.093,1.318,1.384,1.473,1.55,1.597,1.615,1.907,1.94,2.093,2.123,2.149,2.203,2.228,2.243,2.331,2.433,2.465,2.508,2.65,2.689,2.745,2.8,2.825,2.941,3.041,3.102,3.252,3.281,3.359,3.381,3.463,3.627,3.708,3.724,3.764,3.892,3.941,3.983,4.02,4.069,4.145,4.25,4.275,4.439,4.517,4.579,4.596,4.713,4.772,4.808,4.869,4.913,5.011,5.054,5.083,5.107,5.178,5.285,5.348,5.398,5.57,5.618,5.656,5.699,5.946,5.963,6.008,6.033,6.051,6.121,6.147,6.257,6.28,6.482,6.562,6.639,6.671,6.759,6.819,6.96,7.022,7.079,7.115,7.232,7.331,7.425,7.511,7.637,7.675,7.711,7.75,7.816,7.829,7.999,8.036,8.095,8.143,8.206,8.259,8.358,8.398,8.477,8.536,8.611,8.656,8.706,8.788,8.823,8.868,8.898,8.927,8.953,9.172,9.304,9.317,9.345,9.497,9.536,9.568,9.664,9.738,9.881,9.926,9.962,nan,nan,nan,nan,nan,nan,nan,nan,nan,nan,nan,nan,nan,nan
0.027,0.147,0.217,0.494,0.574,0.647,0.686,0.781,0.957,0.995,1.021,1.137,1.187,1.256,1.288,1.308,1.341,1.415,1.458,1.48,1.498,1.591,1.649,1.722,1.755,1.802,1.835,1.924,1.967,2.002,2.028,2.088,2.197,2.231,2.387,2.533,2.595,2.644,2.879,2.907,2.982,3.021,3.093,3.159,3.308,3.381,3.474,3.508,3.577,3.678,3.739,3.787,3.846,3.891,3.954,4.142,4.195,4.214,4.275,4.322,4.339,4.45,4.543,4.614,4.632,4.689,4.747,4.803,4.824,4.85,4.894,5.04,5.164,5.19,5.367,5.453,5.472,5.491,5.656,5.737,5.765,5.886,5.953,6.03,6.064,6.097,6.225,6.27,6.322,6.543,6.654,6.84,6.873,6.938,6.999,7.044,7.123,7.26,7.285,7.351,7.383,7.447,7.501,7.533,7.589,7.655,7.688,7.79,7.824,7.853,7.893,7.947,8.015,8.056,8.278,8.366,8.397,8.45,8.501,8.596,8.642,8.728,8.862,8.879,8.903,8.968,9.038,9.072,9.094,9.132,9.164,9.225,9.325,9.513,9.65,9.747,9.808,9.878,9.968,nan,nan,nan,nan,nan,nan,nan,nan,nan,nan,nan,nan,nan,nan,nan,nan,nan,nan,nan
0.513,0.566,0.6,0.631,0.652,0.696,0.725,0.769,0.832,0.893,0.914,1.214,1.27,1.344,1.388,1.517,1.53,1.601,1.723,1.786,1.925,1.97,2.061,2.116,2.227,2.307,2.408,2.531,2.56,2.676,2.748,2.881,3.062,3.096,3.188,3.239,3.261,3.289,3.37,3.434,3.469,3.523,3.539,3.592,3.634,3.774,3.82,3.964,3.982,4.034,4.188,4.26,4.289,4.352,4.368,4.392,4.494,4.519,4.547,4.593,4.684,4.743,4.811,4.831,4.891,4.928,5.004,5.029,5.101,5.167,5.31,5.34,5.571,5.628,5.658,5.715,5.77,5.966,6.006,6.123,6.215,6.246,6.29,6.486,6.533,6.58,6.616,6.648,6.752,6.895,7.067,7.084,7.12,7.193,7.28,7.31,7.331,7.367,7.454,7.518,7.566,7.605,7.668,7.709,7.743,7.757,7.79,7.944,8.021,8.075,8.115,8.276,8.294,8.371,8.411,8.446,8.47,8.504,8.544,8.608,8.624,8.852,8.871,8.98,9.021,9.147,9.181,9.222,9.343,9.512,9.536,9.556,9.681,9.722,9.768,9.875,nan,nan,nan,nan,nan,nan,nan,nan,nan,nan,nan,nan,nan,nan,nan,nan,nan,nan,nan,nan,nan,nan
0.194,0.295,0.334,0.435,0.563,0.619,0.669,0.706,0.751,0.811,0.916,0.965,1.084,1.304,1.338,1.387,1.437,1.472,1.486,1.522,1.56,1.616,1.716,1.83,1.911,1.982,2.061,2.089,2.107,2.203,2.258,2.332,2.388,2.405,2.436,2.516,2.564,2.612,2.691,2.729,2.787,2.848,2.911,3.113,3.17,3.295,3.472,3.533,3.598,3.803,3.907,4.011,4.039,4.071,4.108,4.134,4.166,4.233,4.429,4.467,4.531,4.648,4.692,4.763,4.781,4.993,5.081,5.096,5.136,5.181,5.293,5.321,5.376,5.499,5.584,5.634,5.742,5.782,5.812,5.934,5.979,6.095,6.297,6.327,6.742,6.771,6.826,6.89,6.913,6.977,6.99,7.056,7.095,7.169,7.343,7.615,7.644,7.674,7.779,7.817,7.889,7.939,8.052,8.079,8.112,8.159,8.184,8.198,8.255,8.43,8.489,8.531,8.609,8.657,8.685,8.713,8.778,8.811,8.92,9.219,9.277,9.417,9.476,9.541,9.667,9.706,9.737,9.833,9.859,9.932,9.979,nan,nan,nan,nan,nan,nan,nan,nan,nan,nan,nan,nan,nan,nan,nan,nan,nan,nan,nan,nan,nan,nan,nan,nan,nan,nan,nan
0.059,0.181,0.199,0.245,0.278,0.322,0.35,0.386,0.47,0.54,0.613,0.694,0.833,0.876,0.896,0.982,1.154,1.213,1.243,1.286,1.322,1.37,1.445,1.493,1.512,1.656,1.689,1.72,1.827,1.866,1.936,1.987,2.086,2.109,2.153,2.188,2.298,2.353,2.513,2.617,2.643,2.684,2.742,2.793,2.82,2.906,3.078,3.184,3.225,3.407,3.451,3.472,3.599,3.671,3.697,3.729,3.864,3.957,4.002,4.144,4.195,4.312,4.399,4.461,4.643,4.738,4.831,4.931,4.986,5.077,5.289,5.328,5.416,5.432,5.523,5.546,5.593,5.625,5.662,5.734,5.821,5.862,5.973,6.055,6.083,6.107,6.17,6.209,6.269,6.37,6.647,6.665,6.738,6.773,6.869,6.909,6.94,6.958,7.071,7.176,7.207,7.267,7.349,7.417,7.528,7.55,7.59,7.624,7.647,7.75,7.932,7.979,8.039,8.068,8.205,8.265,8.444,8.724,8.746,8.785,8.854,8.905,8.984,9.016,9.101,9.152,9.203,9.228,9.279,9.307,9.5,9.523,9.541,9.657,9.684,9.7,9.734,9.803,9.924,nan,nan,nan,nan,nan,nan,nan,nan,nan,nan,nan,nan,nan,nan,nan,nan,nan,nan,nan
0.051,0.07,0.142,0.195,0.239,0.373,0.493,0.688,0.724,0.782,0.857,0.875,0.889,0.93,1.019,1.074,1.131,1.209,1.258,1.418,1.464,1.511,1.575,1.678,1.698,1.774,1.802,1.912,1.933,1.962,1.985,2.026,2.094,2.126,2.191,2.23,2.284,2.324,2.441,2.458,2.501,2.514,2.559,2.606,2.637,2.666,2.778,2.823,2.867,2.921,2.957,3.084,3.14,3.244,3.316,3.362,3.472,3.59,3.63,3.919,4.019,4.401,4.433,4.755,4.832,4.972,5.027,5.067,5.126,5.144,5.217,5.251,5.44,5.475,5.496,5.515,5.578,5.612,5.669,5.729,5.845,5.881,5.925,6.046,6.08,6.129,6.275,6.371,6.515,6.549,6.678,6.838,6.876,6.935,6.969,7.025,7.054,7.157,7.201,7.218,7.243,7.257,7.371,7.457,7.543,7.572,7.593,7.695,7.714,7.782,7.797,7.823,7.89,7.934,8.021,8.112,8.282,8.588,8.681,8.715,8.83,8.897,8.928,8.943,9.04,9.106,9.182,9.213,9.298,9.475,9.496,9.54,9.596,9.623,9.659,9.697,9.78,9.949,nan,nan,nan,nan,nan,nan,nan,nan,nan,nan,nan,nan,nan,nan,nan,nan,nan,nan,nan,nan
0.061,0.136,0.175,0.24,0.347,0.403,0.478,0.531,0.62,0.68,0.794,0.823,0.951,0.987,1.058,1.104,1.304,1.346,1.425,1.453,1.5,1.527,1.563,1.588,1.608,1.664,1.766,1.844,1.885,1.932,2.001,2.045,2.113,2.14,2.289,2.337,2.354,2.389,2.461,2.483,2.586,2.627,2.667,2.704,2.892,2.915,2.959,3.041,3.067,3.095,3.118,3.282,3.341,3.389,3.46,3.697,3.846,3.9,3.939,4.14,4.167,4.297,4.345,4.469,4.512,4.547,4.73,4.983,5.029,5.079,5.173,5.231,5.402,5.433,5.468,5.505,5.529,5.585,5.672,5.724,5.789,5.941,6.036,6.089,6.207,6.235,6.279,6.319,6.344,6.369,6.417,6.527,6.577,6.655,6.673,6.728,6.797,6.842,6.864,6.908,6.925,6.953,7.057,7.092,7.114,7.167,7.21,7.264,7.32,7.35,7.462,7.541,7.561,7.603,7.64,7.675,7.727,7.768,7.789,7.84,7.884,8.013,8.045,8.114,8.16,8.186,8.245,8.318,8.397,8.478,8.495,8.513,8.611,8.672,8.689,8.86,8.996,9.053,9.159,9.211,9.25,9.379,9.408,9.437,9.465,9.559,9.653,9.684,9.817,9.913,9.937,nan,nan,nan,nan,nan,nan,nan
0.034,0.144,0.304,0.32,0.364,0.396,0.602,0.709,0.744,0.809,0.932,0.96,1.042,1.064,1.115,1.243,1.266,1.299,1.311,1.349,1.385,1.431,1.455,1.504,1.534,1.622,1.656,1.742,1.772,1.858,1.915,1.958,2.061,2.128,2.405,2.446,2.473,2.581,2.75,2.836,2.851,2.896,2.919,2.943,3.025,3.22,3.342,3.375,3.507,3.574,3.63,3.668,3.75,3.803,3.914,4.079,4.1,4.354,4.42,4.473,4.603,4.689,4.811,4.948,5.027,5.087,5.186,5.232,5.288,5.405,5.464,5.493,5.515,5.54,5.738,5.823,5.86,5.91,5.924,6.002,6.059,6.094,6.18,6.205,6.265,6.368,6.625,6.706,6.745,6.793,6.819,6.868,6.901,6.947,7.031,7.059,7.11,7.136,7.168,7.205,7.384,7.453,7.565,7.628,7.708,7.83,7.977,8.016,8.052,8.085,8.118,8.142,8.209,8.23,8.35,8.371,8.41,8.509,8.529,8.73,8.883,8.922,8.936,8.965,9.005,9.122,9.171,9.219,9.288,9.316,9.424,9.545,9.629,9.692,9.738,9.767,9.786,9.885,9.959,nan,nan,nan,nan,nan,nan,nan,nan,nan,nan,nan,nan,nan,nan,nan,nan,nan,nan,nan
0.084,0.108,0.211,0.362,0.411,0.734,0.807,0.823,0.873,0.986,1.051,1.105,1.127,1.173,1.213,1.263,1.329,1.369,1.516,1.545,1.709,1.745,1.886,1.987,2.058,2.078,2.191,2.238,2.274,2.346,2.509,2.53,2.678,2.733,2.793,2.98,3.016,3.081,3.117,3.161,3.194,3.338,3.411,3.427,3.514,3.593,3.679,3.71,3.805,3.88,3.907,3.92,3.99,4.119,4.189,4.252,4.359,4.434,4.553,4.609,4.697,4.869,4.905,4.956,4.998,5.052,5.231,5.275,5.343,5.432,5.478,5.631,5.659,5.803,5.828,5.888,5.97,5.994,6.042,6.233,6.272,6.322,6.394,6.429,6.463,6.671,6.717,6.916,7.014,7.065,7.075,7.193,7.222,7.272,7.356,7.475,7.532,7.619,7.746,7.838,7.86,7.902,7.987,8.008,8.032,8.105,8.254,8.294,8.371,8.397,8.445,8.477,8.723,8.855,8.962,9.022,9.156,9.186,9.292,9.368,9.412,9.435,9.514,9.548,9.575,9.663,9.716,9.779,nan,nan,nan,nan,nan,nan,nan,nan,nan,nan,nan,nan,nan,nan,nan,nan,nan,nan,nan,nan,nan,nan,nan,nan,nan,nan,nan,nan,nan,nan
0.049,0.101,0.169,0.196,0.277,0.356,0.445,0.465,0.564,0.652,0.838,0.854,0.877,0.919,0.945,1.122,1.196,1.236,1.304,1.326,1.373,1.42,1.456,1.475,1.648,1.721,1.828,1.994,2.052,2.081,2.233,2.263,2.356,2.413,2.435,2.508,2.569,2.589,2.771,2.862,2.971,3.016,3.077,3.104,3.176,3.234,3.32,3.416,3.442,3.606,3.631,3.708,3.88,3.91,3.955,3.976,3.99,4.056,4.075,4.166,4.2,4.441,4.68,4.732,4.842,4.873,4.913,5.108,5.207,5.223,5.26,5.273,5.312,5.384,5.425,5.549,5.591,5.63,5.779,5.884,5.923,5.975,6.003,6.032,6.133,6.19,6.24,6.275,6.336,6.527,6.581,6.629,6.67,6.692,6.711,6.765,6.825,6.877,6.984,7.257,7.298,7.365,7.397,7.441,7.484,7.679,7.754,7.779,7.837,7.875,7.947,8.051,8.081,8.104,8.165,8.225,8.266,8.312,8.363,8.474,8.593,8.679,8.801,8.812,8.834,8.849,8.877,9.096,9.127,9.159,9.233,9.353,9.435,9.636,9.719,9.754,9.909,9.924,nan,nan,nan,nan,nan,nan,nan,nan,nan,nan,nan,nan,nan,nan,nan,nan,nan,nan,nan,nan
0.166,0.214,0.335,0.374,0.41,0.565,0.602,0.711,0.731,0.771,0.854,1.001,1.03,1.074,1.128,1.219,1.258,1.302,1.48,1.509,1.548,1.575,1.637,1.694,1.804,2.041,2.078,2.12,2.139,2.294,2.346,2.378,2.469,2.541,2.707,2.76,2.817,2.861,2.965,2.997,3.064,3.177,3.209,3.252,3.27,3.29,3.343,3.422,3.469,3.548,3.684,3.711,3.788,3.832,3.851,3.93,3.955,3.998,4.056,4.087,4.124,4.154,4.18,4.279,4.318,4.339,4.466,4.529,4.587,4.618,4.726,4.747,4.774,4.867,4.965,5.032,5.072,5.205,5.243,5.257,5.28,5.315,5.406,5.459,5.523,5.567,5.675,5.781,5.8,5.823,5.897,5.977,6.016,6.053,6.077,6.16,6.175,6.286,6.319,6.362,6.535,6.608,6.652,6.715,6.766,6.84,6.871,6.971,7.109,7.142,7.374,7.497,7.626,7.646,7.682,7.761,7.778,7.831,7.876,7.903,8.04,8.092,8.129,8.179,8.209,8.258,8.331,8.363,8.396,8.477,8.576,8.598,8.657,8.682,8.702,8.74,8.766,8.799,8.847,8.96,9.033,9.086,9.129,9.259,9.281,9.469,9.523,9.587,9.619,9.878,9.904,nan,nan,nan,nan,nan,nan,nan
0.062,0.098,0.178,0.208,0.268,0.291,0.404,0.424,0.466,0.496,0.566,0.727,0.785,0.868,1.107,1.141,1.352,1.385,1.466,1.522,1.551,1.642,1.713,1.848,1.892,1.932,1.989,2.236,2.377,2.408,2.489,2.602,2.661,2.708,2.732,2.823,2.864,2.912,2.959,2.991,3.079,3.197,3.289,3.312,3.371,3.494,3.523,3.599,3.615,3.671,3.791,3.891,3.948,4.048,4.083,4.117,4.16,4.236,4.335,4.393,4.517,4.56,4.67,4.746,4.795,4.838,4.925,4.95,5.146,5.183,5.7,5.804,5.845,5.924,5.962,5.994,6.083,6.115,6.194,6.217,6.236,6.32,6.359,6.392,6.437,6.568,6.608,6.674,6.74,6.817,6.987,7.029,7.157,7.301,7.434,7.744,7.903,7.93,7.98,8.028,8.117,8.177,8.214,8.356,8.403,8.498,8.523,8.595,8.664,8.699,8.834,9.024,9.057,9.144,9.457,9.475,9.556,9.62,9.784,9.921,nan,nan,nan,nan,nan,nan,nan,nan,nan,nan,nan,nan,nan,nan,nan,nan,nan,nan,nan,nan,nan,nan,nan,nan,nan,nan,nan,nan,nan,nan,nan,nan,nan,nan,nan,nan,nan,nan
0.023,0.097,0.128,0.197,0.23,0.415,0.488,0.56,0.586,0.665,0.712,0.755,0.911,0.957,1.031,1.106,1.146,1.177,1.416,1.445,1.465,1.499,1.573,1.606,1.644,1.719,1.748,1.792,2.102,2.344,2.367,2.499,2.526,2.622,2.672,2.785,2.865,2.92,2.935,2.963,3.107,3.24,3.257,3.319,3.457,3.658,4.028,4.182,4.245,4.272,4.402,4.472,4.578,4.666,4.728,4.777,4.809,4.831,4.942,5.024,5.049,5.111,5.159,5.192,5.251,5.342,5.396,5.427,5.464,5.477,5.595,5.893,5.93,6.024,6.044,6.075,6.179,6.208,6.367,6.469,6.518,6.596,6.648,6.716,6.727,6.756,6.837,6.877,6.897,6.973,7.038,7.1,7.126,7.155,7.176,7.3,7.381,7.505,7.663,7.758,7.805,7.895,7.912,7.932,7.95,7.986,8.027,8.049,8.079,8.107,8.165,8.205,8.221,8.253,8.29,8.353,8.426,8.5,8.579,8.613,8.653,8.716,8.741,8.781,8.924,8.943,9.059,9.117,9.168,9.224,9.313,9.363,9.465,9.505,9.536,9.656,9.688,9.918,nan,nan,nan,nan,nan,nan,nan,nan,nan,nan,nan,nan,nan,nan,nan,nan,nan,nan,nan,nan
0.031,0.066,0.083,0.288,0.333,0.359,0.458,0.511,0.619,0.723,0.773,0.851,0.865,1.007,1.154,1.255,1.304,1.367,1.451,1.531,1.612,1.783,1.896,1.918,1.947,1.993,2.132,2.247,2.274,2.292,2.374,2.469,2.509,2.597,2.707,2.805,2.837,2.863,2.926,2.966,2.995,3.05,3.088,3.231,3.31,3.326,3.345,3.424,3.536,3.57,3.718,3.733,3.778,3.827,3.883,3.935,3.999,4.036,4.064,4.092,4.205,4.229,4.281,4.313,4.357,4.407,4.521,4.606,4.645,4.69,4.791,4.874,4.902,4.942,5.035,5.117,5.255,5.276,5.32,5.338,5.438,5.499,5.517,5.674,5.711,5.732,5.758,5.789,5.826,5.859,5.879,5.899,5.996,6.044,6.17,6.252,6.381,6.435,6.473,6.534,6.582,6.627,6.724,6.77,6.815,6.912,6.944,7.021,7.241,7.292,7.421,7.447,7.516,7.595,7.646,7.7,7.783,7.811,7.861,7.986,8.101,8.165,8.231,8.255,8.347,8.421,8.493,8.543,8.693,8.73,8.773,8.803,8.888,8.987,9.103,9.264,9.324,9.354,9.472,9.491,9.542,9.648,9.681,9.708,9.739,9.798,9.838,9.883,9.956,nan,nan,nan,nan,nan,nan,nan,nan,nan
0.042,0.129,0.158,0.315,0.343,0.368,0.401,0.481,0.623,0.651,0.721,0.755,0.863,0.954,1.032,1.08,1.158,1.205,1.254,1.342,1.546,1.577,1.704,1.74,1.77,1.857,1.878,2.053,2.092,2.115,2.193,2.238,2.311,2.424,2.477,2.52,2.623,2.644,2.794,2.875,3.024,3.078,3.118,3.169,3.246,3.26,3.32,3.418,3.445,3.475,3.527,3.558,3.657,3.705,3.739,3.757,3.885,3.908,4.036,4.077,4.118,4.174,4.216,4.268,4.339,4.38,4.567,4.66,4.8,4.87,4.916,4.947,5.0,5.022,5.057,5.158,5.189,5.338,5.409,5.457,5.518,5.543,5.593,5.635,5.657,5.735,5.787,5.824,5.869,5.915,5.941,6.173,6.294,6.331,6.395,6.636,6.669,6.781,6.827,6.843,6.882,6.958,7.04,7.129,7.434,7.484,7.557,7.615,7.665,7.683,7.809,7.846,7.895,8.002,8.064,8.107,8.158,8.305,8.347,8.385,8.418,8.463,8.541,8.614,8.67,8.733,8.756,8.846,9.016,9.041,9.078,9.097,9.244,9.309,9.341,9.366,9.403,9.447,9.587,9.617,9.651,9.809,9.847,9.894,nan,nan,nan,nan,nan,nan,nan,nan,nan,nan,nan,nan,nan,nan
0.052,0.085,0.136,0.194,0.235,0.276,0.367,0.426,0.458,0.596,0.656,0.688,0.769,0.905,0.946,0.964,1.195,1.257,1.284,1.726,1.795,1.891,1.97,2.068,2.195,2.268,2.41,2.565,2.597,2.667,2.955,3.07,3.11,3.16,3.186,3.31,3.353,3.424,3.466,3.602,3.656,3.716,3.764,3.861,3.889,3.929,4.019,4.141,4.195,4.254,4.339,4.404,4.463,4.581,4.604,4.648,4.725,4.806,4.841,4.991,5.012,5.033,5.092,5.11,5.261,5.325,5.355,5.397,5.475,5.595,5.638,5.664,5.697,5.723,5.78,5.813,5.887,6.004,6.041,6.135,6.156,6.191,6.288,6.445,6.529,6.585,6.659,6.704,6.765,6.837,6.879,6.927,6.976,7.031,7.099,7.188,7.228,7.311,7.389,7.593,7.661,7.685,7.844,7.943,8.083,8.134,8.196,8.234,8.294,8.329,8.372,8.44,8.483,8.526,8.579,8.597,8.628,8.644,8.69,8.752,8.789,8.904,9.016,9.043,9.195,9.301,9.346,9.453,9.474,9.499,9.54,9.585,9.636,9.68,9.908,9.96,9.994,nan,nan,nan,nan,nan,nan,nan,nan,nan,nan,nan,nan,nan,nan,nan,nan,nan,nan,nan,nan,nan
0.023,0.043,0.104,0.157,0.327,0.378,0.415,0.451,0.48,0.556,0.656,0.691,0.73,0.755,0.774,0.828,0.871,0.907,0.924,1.115,1.193,1.228,1.339,1.406,1.452,1.519,1.644,1.693,1.767,1.889,1.959,2.061,2.178,2.212,2.278,2.339,2.395,2.546,2.589,2.662,2.706,2.809,2.894,2.942,2.968,3.019,3.054,3.09,3.116,3.188,3.228,3.325,3.364,3.509,3.63,3.732,3.79,3.905,3.955,3.994,4.07,4.107,4.14,4.165,4.215,4.238,4.287,4.48,4.519,4.584,4.65,4.71,4.795,4.839,4.885,4.915,4.943,4.977,5.01,5.093,5.183,5.226,5.268,5.284,5.349,5.545,5.582,5.75,5.866,5.939,6.031,6.06,6.095,6.139,6.182,6.328,6.387,6.41,6.445,6.495,6.553,6.609,6.647,6.892,6.956,7.034,7.09,7.168,7.245,7.261,7.3,7.327,7.363,7.403,7.444,7.649,7.75,7.856,8.065,8.206,8.294,8.409,8.453,8.542,8.614,8.75,8.831,9.037,9.115,9.192,9.233,9.335,9.405,9.77,9.916,nan,nan,nan,nan,nan,nan,nan,nan,nan,nan,nan,nan,nan,nan,nan,nan,nan,nan,nan,nan,nan,nan,nan
0.091,0.13,0.198,0.265,0.305,0.333,0.381,0.41,0.551,0.604,0.709,0.79,0.916,0.984,1.081,1.203,1.313,1.396,1.446,1.488,1.505,1.621,1.65,1.806,1.83,1.936,2.049,2.175,2.225,2.303,2.331,2.379,2.436,2.457,2.539,2.559,2.613,2.699,2.751,2.857,2.954,3.011,3.066,3.097,3.265,3.286,3.382,3.465,3.514,3.584,3.616,3.667,3.834,3.927,3.976,4.008,4.038,4.172,4.347,4.388,4.418,4.528,4.549,4.603,4.644,4.731,4.914,4.993,5.097,5.129,5.185,5.392,5.478,5.527,5.579,5.646,5.676,5.738,5.775,5.83,5.862,5.951,6.257,6.387,6.515,6.6,6.692,6.736,6.919,7.005,7.053,7.111,7.129,7.196,7.225,7.273,7.364,7.431,7.597,7.608,7.746,7.763,7.861,7.961,8.107,8.172,8.247,8.318,8.393,8.426,8.529,8.564,8.676,8.722,8.745,8.84,9.001,9.08,9.129,9.186,9.23,9.275,9.336,9.366,9.391,9.423,9.557,9.594,9.726,9.759,9.784,9.861,9.887,9.914,nan,nan,nan,nan,nan,nan,nan,nan,nan,nan,nan,nan,nan,nan,nan,nan,nan,nan,nan,nan,nan,nan,nan,nan
0.039,0.096,0.232,0.288,0.372,0.4,0.445,0.487,0.613,0.637,0.738,0.777,0.871,0.946,1.003,1.043,1.104,1.146,1.296,1.337,1.366,1.434,1.464,1.495,1.544,1.594,1.629,1.778,1.82,1.864,1.937,2.031,2.17,2.259,2.316,2.34,2.507,2.556,2.685,2.825,2.879,2.961,3.028,3.049,3.158,3.221,3.259,3.276,3.298,3.415,3.486,3.549,3.57,3.617,3.784,3.859,3.896,3.935,3.986,4.05,4.077,4.13,4.144,4.164,4.179,4.219,4.261,4.316,4.495,4.529,4.573,4.598,4.699,4.861,4.924,5.044,5.148,5.181,5.249,5.324,5.355,5.404,5.543,5.776,5.807,5.871,5.925,6.013,6.029,6.271,6.34,6.381,6.41,6.435,6.477,6.498,6.529,6.609,6.629,6.7,6.762,6.861,6.995,7.034,7.308,7.359,7.462,7.552,7.582,7.597,7.666,7.714,8.02,8.058,8.11,8.176,8.288,8.344,8.372,8.421,8.465,8.515,8.527,8.568,8.598,8.672,8.73,8.755,8.819,8.927,9.056,9.171,9.286,9.378,9.415,9.454,9.661,9.7,9.79,9.811,9.876,nan,nan,nan,nan,nan,nan,nan,nan,nan,nan,nan,nan,nan,nan,nan,nan,nan
0.042,0.073,0.098,0.151,0.186,0.271,0.316,0.402,0.522,0.846,0.949,0.972,1.003,1.132,1.161,1.246,1.276,1.353,1.438,1.529,1.625,1.706,1.725,1.762,1.853,1.931,2.115,2.325,2.402,2.485,2.632,2.737,2.773,2.795,2.884,2.958,2.987,3.172,3.26,3.398,3.437,3.501,3.575,3.612,3.647,3.7,3.745,3.886,4.044,4.076,4.134,4.167,4.309,4.508,4.549,4.613,4.738,4.778,4.821,4.846,4.924,4.991,5.072,5.097,5.155,5.254,5.32,5.355,5.406,5.44,5.488,5.526,5.56,5.577,5.622,5.689,5.713,5.762,5.801,5.843,5.865,5.944,6.027,6.085,6.155,6.211,6.252,6.307,6.455,6.502,6.574,6.589,6.659,6.77,6.858,7.076,7.359,7.425,7.447,7.517,7.558,7.636,7.717,7.785,7.813,7.889,7.934,7.979,8.002,8.04,8.116,8.195,8.282,8.334,8.364,8.524,8.594,8.631,8.73,8.766,8.85,8.917,8.995,9.132,9.227,9.249,9.391,9.428,9.526,9.601,9.711,9.818,9.867,nan,nan,nan,nan,nan,nan,nan,nan,nan,nan,nan,nan,nan,nan,nan,nan,nan,nan,nan,nan,nan,nan,nan,nan,nan
0.062,0.111,0.2,0.297,0.411,0.437,0.506,0.608,0.65,0.779,0.802,0.841,0.879,0.993,1.082,1.144,1.16,1.225,1.335,1.48,1.53,1.55,1.594,1.662,1.699,1.74,1.77,1.84,1.921,2.033,2.075,2.098,2.133,2.182,2.333,2.362,2.4,2.46,2.703,2.92,3.015,3.153,3.18,3.228,3.242,3.329,3.459,3.526,3.637,3.665,3.727,3.756,3.865,3.969,4.006,4.071,4.131,4.15,4.176,4.293,4.357,4.398,4.535,4.571,4.618,4.65,4.681,4.749,4.783,4.811,4.912,5.141,5.163,5.191,5.263,5.316,5.343,5.39,5.551,5.623,5.66,5.769,5.881,5.91,6.009,6.032,6.077,6.277,6.317,6.395,6.434,6.464,6.559,6.579,6.652,6.804,6.869,6.927,6.944,6.965,7.035,7.067,7.089,7.119,7.153,7.265,7.316,7.416,7.515,7.587,7.706,7.737,7.754,7.783,7.854,7.895,7.919,7.973,8.004,8.084,8.116,8.181,8.269,8.329,8.457,8.522,8.551,8.6,8.63,8.652,8.829,8.964,8.997,9.019,9.038,9.083,9.173,9.205,9.236,9.407,9.526,9.663,9.713,9.734,9.768,9.87,nan,nan,nan,nan,nan,nan,nan,nan,nan,nan,nan,nan
0.043,0.081,0.167,0.282,0.299,0.329,0.354,0.393,0.42,0.652,0.75,0.772,0.812,0.848,0.923,1.136,1.214,1.437,1.536,1.648,1.701,1.922,2.002,2.078,2.191,2.214,2.249,2.276,2.435,2.476,2.531,2.621,2.678,2.732,2.825,2.859,2.932,2.961,3.036,3.064,3.12,3.267,3.356,3.445,3.47,3.506,3.616,3.728,3.79,3.834,3.868,3.968,3.996,4.17,4.252,4.313,4.373,4.405,4.429,4.533,4.572,4.703,4.783,4.828,4.881,4.922,4.959,5.018,5.177,5.221,5.342,5.44,5.491,5.537,5.7,5.722,5.76,5.809,5.859,5.882,5.93,6.096,6.121,6.287,6.312,6.459,6.483,6.632,6.738,6.772,6.829,7.02,7.141,7.197,7.221,7.245,7.283,7.351,7.427,7.452,7.612,7.651,7.903,7.95,7.995,8.073,8.097,8.171,8.191,8.293,8.316,8.331,8.366,8.508,8.541,8.572,8.629,8.708,8.737,8.787,8.88,8.919,8.981,9.028,9.063,9.131,9.182,9.23,9.257,9.313,9.338,9.371,9.475,9.532,9.627,9.652,9.694,9.842,9.89,9.921,9.969,nan,nan,nan,nan,nan,nan,nan,nan,nan,nan,nan,nan,nan,nan,nan,nan,nan
0.05,0.117,0.229,0.266,0.295,0.372,0.411,0.558,0.67,0.688,0.765,0.841,0.872,1.045,1.093,1.174,1.199,1.278,1.316,1.401,1.421,1.474,1.521,1.568,1.582,1.607,1.633,1.678,1.764,1.821,1.9,1.939,2.013,2.058,2.11,2.253,2.418,2.629,2.664,2.693,2.782,2.989,3.012,3.079,3.109,3.249,3.286,3.324,3.348,3.433,3.495,3.546,3.615,3.633,3.849,3.909,3.958,4.004,4.038,4.136,4.423,4.505,4.573,4.709,4.753,4.771,4.825,4.92,5.072,5.105,5.227,5.249,5.295,5.335,5.403,5.456,5.487,5.543,5.707,5.737,5.796,5.829,5.91,5.948,5.995,6.053,6.146,6.202,6.231,6.281,6.313,6.388,6.505,6.564,6.673,6.77,6.843,6.867,6.921,7.057,7.106,7.157,7.32,7.337,7.384,7.438,7.473,7.555,7.599,7.638,7.695,7.848,7.909,7.955,8.001,8.044,8.069,8.135,8.171,8.207,8.265,8.324,8.344,8.403,8.532,8.679,9.001,9.127,9.163,9.214,9.575,9.665,9.728,9.759,9.925,nan,nan,nan,nan,nan,nan,nan,nan,nan,nan,nan,nan,nan,nan,nan,nan,nan,nan,nan,nan,nan,nan,nan
0.03,0.162,0.261,0.368,0.403,0.456,0.49,0.617,0.691,0.727,0.744,0.858,0.991,1.091,1.172,1.244,1.275,1.337,1.438,1.501,1.522,1.572,1.733,1.799,1.818,1.872,1.913,1.988,2.019,2.069,2.231,2.262,2.368,2.451,2.476,2.56,2.62,2.659,2.773,2.797,2.846,3.066,3.286,3.319,3.371,3.566,3.62,3.794,3.814,3.874,3.933,4.203,4.339,4.386,4.419,4.45,4.497,4.682,4.719,4.769,4.825,4.962,5.019,5.067,5.128,5.207,5.401,5.425,5.468,5.486,5.507,5.559,5.634,5.696,5.823,5.917,5.935,5.983,6.003,6.063,6.089,6.148,6.452,6.481,6.604,6.705,6.752,6.782,6.818,6.851,6.882,6.943,6.966,7.119,7.155,7.209,7.385,7.423,7.591,7.615,7.652,7.688,7.855,7.888,7.914,7.937,8.045,8.124,8.296,8.341,8.417,8.576,8.622,8.664,8.74,8.838,8.866,8.97,9.03,9.056,9.086,9.125,9.211,9.357,9.391,9.474,9.597,9.958,9.974,nan,nan,nan,nan,nan,nan,nan,nan,nan,nan,nan,nan,nan,nan,nan,nan,nan,nan,nan,nan,nan,nan,nan,nan,nan,nan,nan,nan,nan
0.064,0.088,0.132,0.201,0.332,0.452,0.476,0.591,0.614,0.64,0.666,0.732,0.952,1.015,1.07,1.121,1.141,1.17,1.238,1.317,1.358,1.407,1.449,1.531,1.55,1.663,1.704,1.779,1.96,1.998,2.054,2.075,2.164,2.278,2.543,2.571,2.652,2.791,2.932,3.002,3.029,3.045,3.085,3.15,3.205,3.229,3.261,3.326,3.357,3.495,3.621,3.657,3.686,3.757,3.818,3.943,3.974,4.077,4.34,4.428,4.482,4.531,4.669,4.693,4.887,4.978,5.024,5.067,5.099,5.132,5.283,5.303,5.32,5.343,5.415,5.45,5.48,5.706,5.799,5.836,5.85,5.884,5.949,6.131,6.24,6.263,6.36,6.415,6.543,6.591,6.653,6.695,6.768,6.799,7.102,7.151,7.178,7.216,7.264,7.325,7.505,7.533,7.563,7.586,7.632,7.659,7.717,7.752,7.783,7.865,8.019,8.144,8.235,8.328,8.372,8.42,8.445,8.48,8.581,8.673,8.696,8.851,8.938,9.074,9.104,9.148,9.237,9.34,9.387,9.424,9.489,9.591,9.634,9.705,9.728,9.783,9.952,nan,nan,nan,nan,nan,nan,nan,nan,nan,nan,nan,nan,nan,nan,nan,nan,nan,nan,nan,nan,nan
0.042,0.155,0.326,0.391,0.448,0.52,0.58,0.617,0.659,0.931,0.998,1.039,1.058,1.117,1.258,1.277,1.365,1.379,1.449,1.545,1.754,1.77,1.817,1.901,1.979,2.106,2.148,2.212,2.348,2.367,2.388,2.48,2.509,2.549,2.587,2.698,2.74,2.811,2.876,2.991,3.039,3.157,3.19,3.256,3.303,3.473,3.531,3.582,3.627,3.637,3.745,3.838,3.879,3.926,4.087,4.275,4.423,4.479,4.56,4.623,4.907,4.984,5.115,5.312,5.354,5.38,5.409,5.574,5.682,5.711,5.822,5.856,5.869,5.935,5.959,5.982,6.017,6.055,6.112,6.169,6.343,6.665,6.77,6.826,6.842,6.919,6.959,7.143,7.175,7.234,7.284,7.361,7.403,7.527,7.587,7.603,7.65,7.719,7.863,7.911,8.001,8.048,8.16,8.186,8.303,8.383,8.413,8.434,8.501,8.54,8.584,8.641,8.71,8.737,8.786,8.848,8.882,9.004,9.11,9.149,9.176,9.196,9.288,9.345,9.439,9.537,9.679,9.755,9.972,9.997,nan,nan,nan,nan,nan,nan,nan,nan,nan,nan,nan,nan,nan,nan,nan,nan,nan,nan,nan,nan,nan,nan,nan,nan,nan,nan,nan,nan
0.053,0.094,0.178,0.202,0.239,0.398,0.461,0.497,0.523,0.592,0.645,0.716,0.82,0.885,0.996,1.029,1.097,1.131,1.177,1.207,1.238,1.265,1.358,1.412,1.543,1.606,1.636,1.669,1.805,1.848,1.92,1.978,2.014,2.093,2.142,2.19,2.23,2.357,2.404,2.547,2.615,2.682,2.815,2.903,3.002,3.034,3.066,3.096,3.201,3.243,3.327,3.371,3.467,3.483,3.611,3.643,3.744,3.794,4.05,4.077,4.106,4.26,4.293,4.312,4.361,4.385,4.42,4.452,4.509,4.566,4.604,4.706,4.772,4.844,4.923,5.059,5.183,5.213,5.313,5.346,5.401,5.462,5.542,5.64,5.706,5.865,5.912,6.014,6.077,6.174,6.185,6.242,6.298,6.388,6.47,6.5,6.559,6.59,6.711,6.818,6.852,6.97,6.989,7.049,7.277,7.292,7.315,7.364,7.402,7.558,7.674,7.803,7.828,7.882,7.942,7.997,8.068,8.109,8.244,8.303,8.378,8.499,8.53,8.576,8.605,8.617,8.662,8.691,8.731,8.774,8.866,8.893,8.918,8.998,9.037,9.079,9.134,9.167,9.218,9.311,9.33,9.571,9.793,9.845,9.892,nan,nan,nan,nan,nan,nan,nan,nan,nan,nan,nan,nan,nan
0.112,0.202,0.335,0.436,0.552,0.632,0.679,0.806,0.921,1.013,1.051,1.244,1.286,1.472,1.577,1.609,1.658,1.718,1.772,1.788,1.818,1.838,1.863,1.963,2.008,2.084,2.186,2.246,2.279,2.308,2.344,2.387,2.416,2.509,2.548,2.591,2.653,2.726,2.758,2.801,2.959,3.097,3.167,3.292,3.363,3.415,3.471,3.493,3.534,3.588,3.614,3.665,3.758,3.821,3.863,3.954,4.033,4.148,4.252,4.302,4.344,4.401,4.441,4.482,4.514,4.695,4.819,4.892,5.007,5.177,5.291,5.311,5.331,5.383,5.507,5.592,5.679,5.725,5.951,6.008,6.046,6.101,6.141,6.186,6.248,6.288,6.437,6.462,6.564,6.584,6.626,6.691,6.775,7.007,7.149,7.372,7.421,7.448,7.58,7.669,7.699,7.726,7.773,7.874,7.97,8.054,8.155,8.208,8.239,8.281,8.31,8.355,8.474,8.532,8.645,8.681,8.723,8.854,8.87,8.908,8.949,9.014,9.036,9.052,9.104,9.14,9.198,9.264,9.29,9.35,9.441,9.492,9.583,9.64,9.845,9.878,9.898,nan,nan,nan,nan,nan,nan,nan,nan,nan,nan,nan,nan,nan,nan,nan,nan,nan,nan,nan,nan,nan
0.042,0.1,0.172,0.195,0.224,0.318,0.397,0.502,0.588,0.653,0.748,0.837,0.965,0.991,1.035,1.168,1.287,1.401,1.535,1.597,1.644,1.682,1.77,1.79,1.826,1.849,1.931,1.995,2.056,2.121,2.147,2.174,2.292,2.314,2.389,2.421,2.514,2.708,2.745,2.794,2.832,2.998,3.04,3.09,3.177,3.242,3.273,3.309,3.342,3.408,3.494,3.53,3.603,3.647,3.683,3.842,3.882,3.905,3.96,4.025,4.054,4.077,4.145,4.208,4.236,4.396,4.462,4.531,4.628,4.699,4.762,4.819,4.869,4.911,5.004,5.261,5.3,5.423,5.437,5.51,5.65,5.736,5.766,5.81,5.885,5.911,5.946,5.989,6.045,6.087,6.332,6.452,6.513,6.563,6.657,6.684,6.832,6.88,6.928,6.95,7.014,7.049,7.153,7.204,7.224,7.328,7.422,7.464,7.488,7.515,7.533,7.557,7.636,7.719,7.753,7.803,7.824,7.985,8.018,8.087,8.117,8.139,8.197,8.216,8.432,8.509,8.534,8.579,8.651,8.678,8.701,8.798,8.817,8.893,8.956,8.973,9.069,9.096,9.162,9.193,9.275,9.31,9.38,9.429,9.477,9.542,9.557,9.586,9.621,9.634,9.703,9.746,9.77,9.793,9.841,9.936,9.987,nan
0.141,0.161,0.3,0.323,0.456,0.537,0.575,0.652,0.804,0.858,0.882,1.048,1.066,1.19,1.359,1.764,1.859,1.942,1.996,2.178,2.277,2.466,2.517,2.564,2.598,2.703,2.766,2.786,2.806,2.898,2.931,2.998,3.033,3.106,3.141,3.253,3.297,3.316,3.426,3.49,3.536,3.577,3.632,3.655,3.808,3.94,3.962,4.065,4.123,4.183,4.257,4.28,4.364,4.403,4.445,4.532,4.592,4.697,4.77,4.812,4.835,4.942,4.977,4.999,5.063,5.093,5.29,5.307,5.391,5.413,5.497,5.554,5.772,5.803,5.978,6.11,6.149,6.17,6.38,6.444,6.57,6.604,6.64,6.684,6.859,6.913,6.947,7.097,7.308,7.364,7.404,7.563,7.579,7.647,7.69,7.711,7.821,7.91,7.988,8.109,8.233,8.267,8.377,8.415,8.483,8.533,8.586,8.681,8.8,8.889,8.924,8.964,9.002,9.032,9.112,9.23,9.291,9.41,9.594,9.632,9.657,9.728,9.804,9.881,9.95,nan,nan,nan,nan,nan,nan,nan,nan,nan,nan,nan,nan,nan,nan,nan,nan,nan,nan,nan,nan,nan,nan,nan,nan,nan,nan,nan,nan,nan,nan,nan,nan,nan
0.04,0.149,0.366,0.397,0.427,0.454,0.504,0.541,0.784,0.843,0.876,0.927,0.96,1.004,1.148,1.175,1.316,1.403,1.421,1.452,1.51,1.535,1.651,1.737,1.755,1.782,1.935,2.003,2.176,2.235,2.256,2.29,2.557,2.621,2.669,2.744,2.775,2.872,2.917,3.016,3.093,3.155,3.358,3.377,3.423,3.491,3.522,3.554,3.633,3.819,3.865,3.892,3.936,4.074,4.123,4.146,4.361,4.43,4.493,4.629,4.782,4.845,4.882,4.903,4.965,5.044,5.108,5.223,5.353,5.393,5.476,5.613,5.634,5.757,5.816,5.878,5.937,5.988,6.021,6.038,6.093,6.187,6.224,6.469,6.544,6.634,6.718,6.734,6.756,6.878,6.941,7.102,7.255,7.352,7.396,7.497,7.58,7.634,7.681,7.72,7.844,7.9,7.937,7.969,7.989,8.132,8.236,8.336,8.347,8.487,8.52,8.565,8.661,9.085,9.154,9.241,9.352,9.404,9.455,9.575,9.603,9.635,9.943,nan,nan,nan,nan,nan,nan,nan,nan,nan,nan,nan,nan,nan,nan,nan,nan,nan,nan,nan,nan,nan,nan,nan,nan,nan,nan,nan,nan,nan,nan,nan,nan,nan,nan,nan
0.064,0.091,0.123,0.286,0.323,0.415,0.481,0.513,0.615,0.662,0.829,1.086,1.127,1.149,1.182,1.21,1.27,1.295,1.547,1.655,1.732,1.871,1.93,1.953,1.97,2.023,2.078,2.098,2.128,2.18,2.325,2.375,2.411,2.438,2.473,2.619,2.654,2.697,2.79,2.857,2.884,2.952,2.977,2.996,3.039,3.09,3.177,3.23,3.357,3.371,3.516,3.535,3.612,3.752,3.928,3.953,4.018,4.12,4.146,4.217,4.265,4.41,4.462,4.484,4.513,4.62,4.655,4.686,4.766,4.803,4.832,4.95,5.033,5.155,5.213,5.244,5.449,5.591,5.627,5.652,5.697,5.82,5.889,5.934,6.08,6.126,6.214,6.234,6.265,6.384,6.444,6.615,6.676,6.703,6.78,6.861,6.971,7.031,7.15,7.182,7.22,7.348,7.367,7.504,7.557,7.662,7.737,7.784,7.931,8.163,8.254,8.393,8.429,8.464,8.522,8.71,8.734,8.766,8.816,8.878,9.127,9.402,9.454,9.479,9.523,9.592,9.696,9.745,9.768,9.807,9.893,9.914,nan,nan,nan,nan,nan,nan,nan,nan,nan,nan,nan,nan,nan,nan,nan,nan,nan,nan,nan,nan,nan,nan,nan,nan,nan,nan
0.074,0.101,0.547,0.596,0.696,0.727,0.81,0.874,0.933,0.972,1.043,1.142,1.173,1.249,1.28,1.329,1.438,1.456,1.647,1.695,1.817,1.916,1.937,1.99,2.033,2.209,2.31,2.374,2.412,2.453,2.505,2.544,2.608,2.651,2.739,2.77,2.821,2.861,2.972,3.032,3.051,3.078,3.096,3.136,3.19,3.445,3.528,3.551,3.705,3.814,3.841,3.858,4.116,4.17,4.215,4.25,4.31,4.455,4.526,4.569,4.609,4.802,4.846,5.074,5.102,5.133,5.171,5.252,5.345,5.367,5.431,5.465,5.5,5.538,5.616,5.686,5.736,5.876,6.027,6.096,6.178,6.232,6.28,6.368,6.43,6.461,6.583,6.732,6.76,6.789,6.939,6.98,7.0,7.157,7.224,7.28,7.347,7.374,7.395,7.418,7.441,7.517,7.534,7.568,7.631,7.826,7.847,7.861,7.936,8.057,8.271,8.41,8.514,8.635,8.676,8.754,8.954,9.208,9.275,9.311,9.362,9.587,9.665,9.762,9.84,9.885,9.945,nan,nan,nan,nan,nan,nan,nan,nan,nan,nan,nan,nan,nan,nan,nan,nan,nan,nan,nan,nan,nan,nan,nan,nan,nan,nan,nan,nan,nan,nan,nan
0.099,0.126,0.572,0.621,0.721,0.752,0.835,0.899,0.958,0.997,1.068,1.167,1.198,1.274,1.305,1.354,1.463,1.481,1.672,1.72,1.842,1.941,1.962,2.015,2.058,2.234,2.335,2.399,2.437,2.478,2.53,2.569,2.633,2.676,2.764,2.795,2.846,2.886,2.997,3.057,3.076,3.103,3.121,3.161,3.215,3.47,3.553,3.576,3.73,3.839,3.866,3.883,4.141,4.195,4.24,4.275,4.335,4.48,4.551,4.594,4.634,4.827,4.871,5.099,5.127,5.158,5.196,5.277,5.37,5.392,5.456,5.49,5.525,5.563,5.641,5.711,5.761,5.901,6.052,6.121,6.203,6.257,6.305,6.393,6.455,6.486,6.608,6.757,6.785,6.814,6.964,7.005,7.025,7.182,7.249,7.305,7.372,7.399,7.42,7.443,7.466,7.542,7.559,7.593,7.656,7.851,7.872,7.886,7.961,8.082,8.296,8.435,8.539,8.66,8.701,8.779,8.979,9.233,9.3,9.336,9.387,9.612,9.69,9.787,9.865,9.91,9.97,nan,nan,nan,nan,nan,nan,nan,nan,nan,nan,nan,nan,nan,nan,nan,nan,nan,nan,nan,nan,nan,nan,nan,nan,nan,nan,nan,nan,nan,nan,nan
0.124,0.151,0.597,0.646,0.746,0.777,0.86,0.924,0.983,1.022,1.093,1.192,1.223,1.299,1.33,1.379,1.488,1.506,1.697,1.745,1.867,1.966,1.987,2.04,2.083,2.259,2.36,2.424,2.462,2.503,2.555,2.594,2.658,2.701,2.789,2.82,2.871,2.911,3.022,3.082,3.101,3.128,3.146,3.186,3.24,3.495,3.578,3.601,3.755,3.864,3.891,3.908,4.166,4.22,4.265,4.3,4.36,4.505,4.576,4.619,4.659,4.852,4.896,5.124,5.152,5.183,5.221,5.302,5.395,5.417,5.481,5.515,5.55,5.588,5.666,5.736,5.786,5.926,6.077,6.146,6.228,6.282,6.33,6.418,6.48,6.511,6.633,6.782,6.81,6.839,6.989,7.03,7.05,7.207,7.274,7.33,7.397,7.424,7.445,7.468,7.491,7.567,7.584,7.618,7.681,7.876,7.897,7.911,7.986,8.107,8.321,8.46,8.564,8.685,8.726,8.804,9.004,9.258,9.325,9.361,9.412,9.637,9.715,9.812,9.89,9.935,9.995,nan,nan,nan,nan,nan,nan,nan,nan,nan,nan,nan,nan,nan,nan,nan,nan,nan,nan,nan,nan,nan,nan,nan,nan,nan,nan,nan,nan,nan,nan,nan
0.149,0.176,0.622,0.671,0.771,0.802,0.885,0.949,1.008,1.047,1.118,1.217,1.248,1.324,1.355,1.404,1.513,1.531,1.722,1.77,1.892,1.991,2.012,2.065,2.108,2.284,2.385,2.449,2.487,2.528,2.58,2.619,2.683,2.726,2.814,2.845,2.896,2.936,3.047,3.107,3.126,3.153,3.171,3.211,3.265,3.52,3.603,3.626,3.78,3.889,3.916,3.933,4.191,4.245,4.29,4.325,4.385,4.53,4.601,4.644,4.684,4.877,4.921,5.149,5.177,5.208,5.246,5.327,5.42,5.442,5.506,5.54,5.575,5.613,5.691,5.761,5.811,5.951,6.102,6.171,6.253,6.307,6.355,6.443,6.505,6.536,6.658,6.807,6.835,6.864,7.014,7.055,7.075,7.232,7.299,7.355,7.422,7.449,7.47,7.493,7.516,7.592,7.609,7.643,7.706,7.901,7.922,7.936,8.011,8.132,8.346,8.485,8.589,8.71,8.751,8.829,9.029,9.283,9.35,9.386,9.437,9.662,9.74,9.837,9.915,9.96,10.02,nan,nan,nan,nan,nan,nan,nan,nan,nan,nan,nan,nan,nan,nan,nan,nan,nan,nan,nan,nan,nan,nan,nan,nan,nan,nan,nan,nan,nan,nan,nan
