0.271,0.865,0.922,1.044,1.248,1.338,1.413,1.643,1.683,1.941,2.108,2.189,2.589,2.793,3.011,3.378,3.439,3.501,3.601,3.868,4.013,4.139,4.377,4.865,4.875,4.94,5.034,5.165,5.57,5.783,6.026,6.223,6.435,6.717,7.214,7.463,7.674,8.053,8.355,8.459,8.592,8.668,8.873,9.193,9.255,9.34,9.512,9.821,9.872,10.097,10.292,10.662,10.948,11.313,11.636,11.716,11.77,11.964,12.007,12.102,12.295,12.584,12.778,12.894,12.942,13.005,13.06,13.334,13.385,13.475,13.59,13.641,13.727,13.84,14.273,14.355,14.486,15.212,15.357,15.419,15.444,15.491,15.56,15.789,15.939,16.11,16.451,16.495,16.62,16.699,16.896,17.105,17.131,17.316,17.561,17.764,18.166,18.299,19.252,19.345,19.471,19.537,19.936,20.471,20.543,20.584,20.671,20.892,21.094,21.264,21.376,21.448,21.745,21.868,22.081,22.21,22.429,23.415,23.501,23.526,23.746,23.782,23.961,24.012,24.231,24.412,24.624,24.997,25.106,25.134,25.211,25.433,25.499,25.704,25.758,26.071,26.232,26.592,27.349,27.754,27.966,28.097,28.51,28.731,28.79,29.094,29.117,29.178,29.264,29.37,29.398,29.592,29.984,30.44,30.596,31.255,31.374,31.505,31.596,31.653,31.933,31.983,32.226,32.409,32.487,32.701,32.844,32.923,33.01,33.148,33.16,33.478,33.585,33.632,33.686,33.773,33.865,34.04,34.238,34.342,34.782,34.883,34.934,35.169,35.533,35.901,35.94,35.997,36.121,36.287,36.62,36.775,37.009,37.259,37.389,37.463,37.548,37.801,38.214,38.337,38.456,38.554,38.934,39.076,39.21,39.23,39.749,nan,nan,nan,nan,nan,nan,nan,nan,nan,nan,nan,nan,nan,nan,nan,nan,nan,nan,nan,nan,nan,nan,nan,nan
0.095,0.251,0.354,0.706,0.784,0.934,1.038,1.082,1.73,2.043,2.093,2.31,2.426,2.467,3.254,3.406,3.562,3.782,3.807,3.833,3.965,4.201,4.571,4.778,4.806,4.992,5.036,5.064,5.752,5.827,5.945,6.299,6.356,6.578,6.842,7.033,7.3,7.861,8.053,8.185,8.219,8.435,8.954,9.066,9.125,9.183,9.309,9.347,9.369,9.4,9.592,9.743,9.81,9.92,10.226,10.278,10.622,10.902,11.071,11.408,12.161,12.287,12.566,12.643,12.723,12.837,13.08,13.13,13.358,13.929,14.199,15.184,15.257,15.863,16.233,16.365,16.396,16.508,16.656,16.963,16.99,17.072,17.356,17.421,17.48,17.616,17.824,17.857,18.079,19.293,19.457,19.847,20.549,20.638,20.821,20.902,21.084,21.201,21.285,21.369,21.69,21.741,22.193,22.321,22.504,23.001,23.539,23.753,23.799,23.923,24.078,24.376,24.585,24.649,24.795,24.847,24.959,25.068,25.163,25.283,25.385,25.652,25.805,25.924,26.097,26.784,26.938,27.215,27.387,27.442,28.029,28.135,28.388,28.419,28.5,28.637,28.701,29.027,29.382,29.645,29.965,30.449,30.573,30.757,30.8,30.871,31.401,31.418,31.475,31.517,31.782,31.853,31.901,31.993,32.061,32.332,32.558,32.822,32.995,33.109,33.347,33.858,33.894,34.164,34.689,34.82,35.248,35.379,35.509,35.63,35.946,36.016,36.331,36.424,36.52,36.641,36.699,36.764,36.912,36.951,37.083,37.179,37.506,37.889,37.919,38.14,38.182,38.302,38.387,38.514,39.181,39.465,39.599,39.758,39.871,nan,nan,nan,nan,nan,nan,nan,nan,nan,nan,nan,nan,nan,nan,nan,nan,nan,nan,nan,nan,nan,nan,nan,nan,nan,nan,nan,nan,nan,nan,nan,nan,nan,nan,nan,nan
0.359,0.462,0.519,0.634,0.715,0.785,1.211,1.225,1.252,1.35,1.439,1.48,1.643,1.691,1.734,1.752,2.064,2.157,2.205,2.477,2.511,2.61,2.886,2.925,3.285,3.399,3.546,3.967,4.045,4.104,4.25,4.36,4.566,4.584,4.791,4.895,5.114,5.316,5.452,5.949,6.148,6.267,6.749,7.726,7.799,7.962,7.981,8.189,8.247,8.338,8.531,8.634,8.803,8.927,8.973,9.044,9.104,9.231,9.39,9.659,9.7,9.801,10.043,10.073,10.167,10.392,11.319,12.103,12.321,12.53,12.604,12.834,12.926,12.959,13.077,13.258,13.527,13.616,13.709,13.937,14.143,15.758,15.982,16.083,16.275,16.59,16.711,16.805,17.064,17.172,17.27,17.349,17.554,17.576,17.822,18.107,18.385,18.572,18.808,19.499,19.868,19.956,20.224,20.405,20.431,20.479,20.664,20.704,20.781,20.886,21.05,21.283,21.343,21.613,21.804,21.942,22.186,22.339,22.391,23.601,23.711,23.828,23.924,24.246,24.474,24.514,24.646,24.713,24.886,25.09,25.199,25.305,25.348,25.517,26.362,26.378,26.451,26.494,26.542,26.763,26.911,27.031,27.341,27.56,27.612,27.686,27.736,27.755,27.784,28.103,28.182,28.258,28.411,28.571,28.683,28.829,28.87,28.914,28.998,29.268,29.549,29.613,29.695,29.839,29.926,30.059,30.119,30.161,30.3,30.668,30.883,30.916,31.128,31.253,31.387,31.542,31.615,31.641,31.814,31.839,31.881,32.23,32.416,32.943,33.242,33.332,33.762,33.941,34.358,34.522,34.659,34.951,35.649,36.113,36.141,36.445,36.613,36.817,36.846,36.868,37.454,37.584,37.76,37.937,38.064,38.341,38.669,39.223,39.288,39.603,nan,nan,nan,nan,nan,nan,nan,nan,nan,nan,nan,nan,nan,nan,nan,nan,nan,nan,nan,nan,nan
0.468,0.808,0.921,1.0,1.174,1.243,1.399,1.881,1.914,2.094,2.418,2.667,2.711,2.828,2.941,3.682,3.849,3.935,4.073,4.184,4.423,4.508,4.999,5.134,5.247,5.312,5.577,5.745,5.956,6.056,6.124,6.192,6.662,6.895,7.361,7.426,7.447,7.503,7.758,7.81,7.855,7.919,8.132,8.425,8.888,8.939,9.278,9.43,9.501,9.674,9.784,9.932,10.465,11.529,11.761,11.918,11.94,12.366,12.663,12.714,12.75,12.985,13.151,13.243,13.353,13.479,13.674,13.803,13.891,13.986,14.033,14.12,14.568,14.832,15.564,15.682,16.307,16.394,16.541,16.572,16.65,16.76,16.912,17.025,17.499,17.761,17.794,17.837,18.025,18.142,18.175,18.396,18.852,18.911,19.037,19.328,19.538,19.728,19.759,19.785,19.886,19.98,20.14,20.231,20.336,20.386,20.624,20.667,20.684,20.799,20.896,21.144,21.438,21.654,21.959,22.466,22.799,22.882,23.457,23.773,24.268,24.301,24.405,24.485,24.499,24.518,24.575,24.612,24.884,24.929,25.134,25.373,25.413,25.693,25.951,25.991,26.202,26.327,26.462,26.539,26.609,26.908,27.145,27.184,27.708,27.747,27.912,27.954,28.45,28.56,28.687,28.727,28.76,28.899,29.069,29.182,29.384,30.08,30.319,30.416,30.565,30.815,30.913,31.253,31.357,31.425,31.73,32.258,32.65,33.007,33.283,33.442,33.61,33.741,33.957,34.063,34.177,34.416,34.743,34.896,35.14,35.308,35.885,36.041,36.163,36.342,36.539,36.666,36.767,37.006,37.149,37.373,37.452,37.512,37.641,37.723,38.194,38.394,38.772,39.404,39.477,39.635,39.88,nan,nan,nan,nan,nan,nan,nan,nan,nan,nan,nan,nan,nan,nan,nan,nan,nan,nan,nan,nan,nan,nan,nan,nan,nan,nan,nan,nan
0.309,0.469,0.642,0.679,0.767,0.967,0.999,1.3,1.332,1.522,1.636,1.686,1.89,1.956,2.005,2.091,2.237,2.463,2.494,2.851,3.199,3.246,3.41,3.803,4.052,4.406,4.434,4.576,4.648,4.705,4.763,4.858,5.161,5.255,5.288,5.467,5.584,5.628,5.687,6.008,6.125,6.191,6.383,7.883,7.984,8.164,8.383,8.487,8.521,8.558,9.065,9.097,9.133,9.562,9.606,9.766,9.868,10.188,11.62,12.333,12.473,12.507,12.57,12.854,12.906,12.943,13.022,13.106,13.739,13.772,13.823,13.918,14.258,14.508,15.246,15.437,15.602,15.855,15.919,16.556,16.608,16.658,16.753,16.833,16.949,17.078,17.148,17.19,17.45,17.483,19.302,19.449,19.505,19.998,20.124,20.233,20.247,20.292,20.645,20.683,20.837,20.927,21.169,21.273,21.459,21.715,21.937,21.959,22.035,22.116,22.25,22.337,22.588,22.872,22.894,23.098,23.197,23.472,23.578,23.892,23.938,24.042,24.111,24.142,24.285,24.506,24.577,24.793,24.936,25.029,25.062,25.146,25.339,25.379,25.776,25.811,26.017,26.483,26.563,26.601,26.692,26.736,26.834,27.591,27.734,27.837,28.177,28.294,28.562,28.742,29.02,29.164,29.261,29.481,29.554,29.629,30.281,30.7,30.956,31.221,31.406,31.926,31.972,32.109,32.19,32.49,32.539,32.593,32.662,32.758,32.896,33.031,33.076,33.152,33.259,33.514,33.68,33.727,33.766,33.851,33.893,33.927,34.046,34.081,34.535,34.612,34.782,35.184,35.458,35.509,35.93,36.041,36.341,36.424,36.499,36.599,36.629,36.919,37.02,37.309,37.37,37.845,37.905,38.703,38.777,39.029,39.424,39.474,39.692,39.744,39.822,nan,nan,nan,nan,nan,nan,nan,nan,nan,nan,nan,nan,nan,nan,nan,nan,nan,nan,nan,nan
0.059,0.119,0.226,0.414,0.493,0.544,0.616,0.657,0.765,0.798,1.037,1.829,1.898,2.285,2.586,2.668,2.95,2.982,3.076,3.52,3.873,3.998,4.071,4.13,4.241,4.343,4.401,4.495,4.671,4.701,4.776,5.18,5.775,5.838,6.044,6.165,6.481,6.56,6.942,7.164,7.344,7.472,7.543,7.61,7.729,7.936,8.06,8.272,8.398,8.467,8.504,8.579,8.633,8.734,8.758,8.819,8.857,8.986,9.178,9.202,9.251,9.372,9.525,9.599,9.648,9.709,9.916,10.373,10.968,11.981,12.143,12.287,12.343,12.478,12.568,12.618,12.887,12.995,13.11,13.459,13.72,13.736,13.821,14.113,14.166,14.382,15.185,15.639,15.849,16.147,16.276,16.323,16.459,16.841,17.039,17.144,17.458,17.519,17.57,17.676,17.712,18.028,18.1,18.699,18.911,19.381,19.579,19.626,19.953,20.083,20.248,20.401,20.433,20.724,20.799,21.015,21.059,21.354,21.435,21.506,21.714,21.756,21.874,22.093,22.509,22.622,22.672,23.324,23.941,23.983,24.144,24.451,24.639,25.115,25.484,25.58,25.768,25.925,26.149,26.765,26.808,27.043,27.105,27.192,27.25,27.41,27.592,27.903,28.084,28.351,28.837,29.522,29.603,29.875,29.983,30.029,30.148,30.265,30.815,31.087,31.726,31.933,31.975,32.104,32.605,32.696,32.915,32.988,33.025,33.077,33.178,33.257,33.299,33.425,33.479,33.699,33.761,33.964,34.173,34.519,34.803,35.109,35.321,35.835,35.968,36.166,36.384,36.455,36.619,36.67,36.86,36.993,37.039,37.144,37.413,37.461,37.514,37.65,37.689,38.116,38.272,39.19,39.306,39.44,39.644,nan,nan,nan,nan,nan,nan,nan,nan,nan,nan,nan,nan,nan,nan,nan,nan,nan,nan,nan,nan,nan,nan,nan,nan,nan,nan
0.046,0.316,0.567,0.769,0.918,1.244,1.309,1.531,1.796,1.877,1.924,2.008,2.148,2.312,2.459,2.544,3.025,3.34,3.697,3.97,4.257,4.58,4.751,4.825,4.874,4.952,5.166,5.188,5.216,5.416,5.464,5.698,5.822,5.873,5.949,6.406,6.45,6.698,6.833,7.43,8.059,8.159,8.339,8.419,8.474,8.535,8.592,8.679,9.506,9.768,9.874,10.06,10.338,10.447,10.709,11.365,11.51,11.692,11.829,11.912,12.218,12.357,12.509,12.667,12.743,12.823,12.873,13.005,13.089,13.316,13.436,13.474,13.738,14.182,14.229,14.314,14.426,14.462,14.576,14.956,15.963,16.176,16.788,16.945,17.002,17.066,17.276,17.358,17.421,17.514,17.689,17.715,17.762,17.908,18.082,18.126,18.151,18.366,18.5,18.539,18.563,18.597,18.654,18.718,19.348,19.371,19.564,19.676,19.733,19.846,20.051,20.386,20.434,20.659,20.692,20.872,20.976,21.045,21.132,21.303,21.317,21.681,21.701,21.722,21.796,22.1,22.914,23.521,24.196,24.309,24.64,24.711,24.984,26.293,26.972,27.042,27.308,27.399,28.197,28.226,28.351,28.502,28.615,28.899,28.979,29.418,29.524,29.736,29.905,29.966,30.307,30.847,31.392,31.423,31.627,31.806,31.967,32.119,32.23,32.271,32.317,32.609,32.659,32.845,32.926,32.972,33.007,33.053,33.127,33.15,33.318,33.452,33.838,33.944,34.053,34.182,34.378,34.653,35.177,35.351,35.738,36.405,36.542,36.57,36.757,36.912,36.953,37.224,37.255,37.308,37.409,37.492,37.522,37.69,37.9,38.014,38.295,38.516,38.718,39.257,39.328,39.461,39.787,nan,nan,nan,nan,nan,nan,nan,nan,nan,nan,nan,nan,nan,nan,nan,nan,nan,nan,nan,nan,nan,nan,nan,nan,nan,nan,nan,nan
0.071,0.307,0.38,0.414,0.548,0.655,0.752,1.286,1.399,1.777,1.977,2.121,2.163,2.184,3.494,3.544,3.675,3.798,3.993,4.063,4.127,4.169,4.227,4.638,4.704,4.831,5.037,5.106,5.146,5.238,5.388,5.541,5.685,6.317,6.448,6.577,6.622,6.651,6.758,6.903,6.936,7.337,7.866,8.254,8.309,8.346,8.425,8.497,8.624,8.732,8.947,9.079,9.232,9.309,9.604,9.661,9.743,9.847,9.995,10.439,10.572,10.875,11.014,11.07,11.174,11.263,12.185,12.227,12.532,13.014,13.17,13.438,13.535,13.64,14.079,14.122,14.223,14.712,14.929,15.407,15.671,16.041,16.228,16.389,16.464,16.649,16.81,17.487,17.662,17.917,18.431,18.592,19.127,19.501,20.288,20.617,20.672,20.714,20.914,21.14,21.478,21.587,21.735,21.882,22.155,22.607,22.787,22.877,22.92,23.155,23.368,23.502,23.855,24.14,24.368,24.662,24.733,25.068,25.103,25.125,25.317,25.377,25.574,25.62,25.679,25.741,26.174,26.244,26.396,26.578,26.866,27.15,27.245,27.782,27.859,27.924,27.991,28.235,28.575,28.69,28.718,28.84,28.957,29.038,29.293,29.354,29.512,29.555,29.588,29.614,29.837,29.975,30.352,30.417,30.664,30.76,31.025,31.33,31.614,31.86,32.3,32.361,32.751,32.792,32.845,32.979,33.127,33.163,33.3,33.481,33.497,33.878,33.958,34.013,34.358,34.432,34.673,34.838,34.855,35.039,35.119,35.184,35.368,35.604,35.646,35.773,35.821,35.933,36.123,36.405,36.56,36.665,37.108,37.16,37.201,37.221,37.262,37.321,37.575,37.614,37.908,37.963,38.088,38.187,38.605,39.162,39.453,nan,nan,nan,nan,nan,nan,nan,nan,nan,nan,nan,nan,nan,nan,nan,nan,nan,nan,nan,nan,nan,nan,nan,nan
0.405,0.449,0.493,0.918,0.963,1.096,1.168,1.254,1.798,1.872,2.115,2.245,3.195,3.982,4.392,4.417,4.493,4.587,4.664,4.815,4.932,5.027,5.053,5.097,5.337,5.376,5.55,5.606,5.656,5.893,6.002,6.056,6.106,6.253,6.326,6.387,6.501,7.005,7.588,7.676,7.841,7.878,8.114,8.426,8.696,8.848,8.894,9.002,9.071,9.208,9.338,9.52,9.579,9.791,10.505,10.826,11.103,11.347,11.473,11.722,11.897,12.169,12.334,12.675,12.84,12.886,12.968,13.114,13.139,13.263,13.343,13.386,13.689,13.831,14.395,14.698,14.783,14.879,15.156,15.455,15.602,15.825,16.077,16.473,16.515,16.768,16.789,16.904,17.006,17.043,17.288,17.427,17.726,17.793,17.988,18.056,18.088,18.164,18.224,18.694,18.736,18.83,19.18,19.271,19.502,19.721,19.77,19.813,19.892,20.379,20.608,20.943,20.983,21.173,21.39,21.519,21.606,21.715,21.878,22.118,22.251,23.255,23.341,23.589,23.909,23.959,24.441,24.569,24.756,24.786,24.808,24.864,24.965,25.119,25.348,25.41,25.811,26.258,26.707,26.985,27.004,27.401,27.631,27.795,27.884,28.055,28.455,28.72,28.801,28.941,29.144,29.316,29.697,29.805,30.047,30.531,30.961,31.466,31.522,31.69,32.0,32.102,32.133,32.181,32.316,32.458,33.092,33.268,34.657,34.913,35.006,35.301,36.187,36.215,36.274,36.302,36.471,36.598,36.683,36.758,36.903,37.105,37.229,37.351,37.38,37.443,37.495,37.641,37.762,37.91,38.151,38.206,38.245,39.302,39.327,39.835,39.903,nan,nan,nan,nan,nan,nan,nan,nan,nan,nan,nan,nan,nan,nan,nan,nan,nan,nan,nan,nan,nan,nan,nan,nan,nan,nan,nan,nan,nan,nan,nan,nan,nan,nan
0.089,0.156,0.238,0.384,0.484,0.553,0.732,0.935,0.96,1.294,1.395,1.569,1.984,2.803,2.985,3.14,3.432,3.592,3.65,3.78,3.905,3.942,4.005,4.059,4.173,4.226,4.256,4.339,4.72,4.945,5.016,5.045,5.088,5.218,5.401,5.768,5.985,6.42,6.556,6.877,7.127,7.204,7.306,7.542,7.657,7.891,7.909,7.943,8.021,8.216,8.452,8.493,8.945,9.031,9.211,9.553,9.723,9.926,9.973,10.169,10.639,11.032,11.204,11.907,12.053,12.228,12.566,12.581,12.791,12.916,12.954,13.012,13.257,13.559,13.917,14.086,14.123,14.274,14.679,14.897,15.615,15.943,16.045,16.275,16.487,16.539,16.823,16.87,17.182,17.359,17.514,17.981,18.074,18.259,18.361,18.633,19.273,19.31,19.633,19.722,19.796,19.979,20.318,20.46,20.606,20.847,20.893,20.93,21.085,21.289,21.755,21.889,22.207,23.33,23.379,23.556,23.808,23.897,23.961,24.101,24.283,24.48,24.583,24.613,24.635,25.076,25.185,25.362,25.408,25.676,25.712,25.804,25.846,25.955,26.76,26.881,26.917,27.067,27.253,27.431,27.498,27.658,28.02,28.39,28.614,28.673,28.844,28.96,29.367,29.43,29.477,29.523,29.631,29.908,30.187,30.219,30.268,30.783,30.906,31.889,31.906,32.079,32.368,32.407,32.512,32.581,32.652,32.711,32.865,33.053,33.079,33.232,33.275,33.338,33.431,33.635,33.685,33.924,33.97,34.02,34.164,34.281,34.502,34.569,34.972,35.27,35.392,35.432,35.734,35.834,36.127,36.397,36.467,36.566,36.695,36.988,37.037,37.126,37.222,37.245,37.377,37.671,37.978,38.034,38.049,38.454,38.709,38.88,38.989,39.255,39.417,39.438,nan,nan,nan,nan,nan,nan,nan,nan,nan,nan,nan,nan,nan,nan,nan,nan,nan,nan,nan
0.15,0.259,0.392,0.422,0.804,1.021,1.213,1.281,1.319,1.347,1.437,1.69,1.729,1.858,1.9,2.049,2.377,2.837,3.032,3.285,3.557,3.739,3.837,4.029,4.192,4.47,4.543,5.213,5.255,5.721,5.972,6.016,6.065,6.24,6.484,6.748,6.812,7.853,8.29,8.456,8.768,8.806,8.84,9.112,9.327,9.472,9.69,9.764,10.356,11.076,11.225,11.262,11.359,11.476,11.605,11.979,12.098,12.209,12.371,12.544,12.604,12.655,12.692,12.742,12.891,13.184,13.306,13.449,13.518,13.702,13.761,13.936,14.264,14.487,14.627,14.796,14.904,15.643,15.685,15.847,16.234,16.302,16.43,16.742,16.971,17.017,17.05,17.13,17.181,17.249,17.333,18.393,18.491,18.654,18.972,19.121,19.348,19.668,19.89,19.931,20.231,20.786,20.809,20.846,21.27,21.492,21.529,21.676,21.8,21.885,22.029,22.071,22.165,22.402,22.57,23.002,23.277,23.486,23.764,24.182,24.389,24.683,24.722,25.253,25.335,25.39,25.476,25.5,25.646,25.683,25.713,25.761,26.022,26.344,26.567,26.704,26.829,26.859,26.888,27.113,27.391,27.431,27.75,27.895,27.984,28.066,28.128,28.235,28.479,28.636,28.803,28.919,29.107,29.131,29.166,29.203,29.239,29.327,29.377,29.404,29.428,29.545,29.572,29.82,29.86,30.112,30.202,30.344,30.441,30.643,31.107,31.157,31.77,31.892,31.956,32.228,32.322,32.43,32.595,32.866,33.011,33.052,33.311,33.355,33.39,33.517,33.561,33.764,34.425,34.672,34.829,35.162,35.471,35.805,36.013,36.259,36.359,36.477,36.744,36.856,36.874,37.006,37.117,37.193,37.422,37.704,37.753,38.234,38.633,39.345,39.51,39.763,39.784,39.948,nan,nan,nan,nan,nan,nan,nan,nan,nan,nan,nan,nan,nan,nan,nan,nan,nan
0.162,0.387,0.503,0.561,0.752,0.897,1.15,1.24,1.36,1.659,1.756,1.949,2.104,2.186,2.223,2.349,2.454,2.62,2.945,3.055,3.127,3.662,3.942,3.999,4.119,4.22,4.289,4.373,4.497,4.651,4.772,5.049,5.113,5.318,5.417,5.553,5.636,5.777,6.227,6.303,6.583,6.791,7.164,7.371,7.424,7.536,7.805,7.887,8.026,8.058,8.254,8.293,8.36,8.435,8.587,8.648,8.669,8.975,9.009,9.026,9.06,9.112,9.301,9.427,9.505,9.678,9.747,10.125,10.365,11.03,11.262,11.616,12.14,12.534,12.553,12.669,12.705,13.045,13.213,13.347,13.461,13.589,13.851,13.92,14.054,14.136,14.484,14.767,15.237,15.556,15.664,16.48,16.713,16.772,16.848,16.88,16.933,17.132,17.631,17.777,17.828,17.901,18.144,19.705,20.03,20.17,20.642,20.688,20.973,21.118,21.144,21.193,21.362,21.463,21.534,21.576,21.65,21.674,21.728,21.855,22.003,22.029,22.777,23.037,23.317,23.369,23.476,23.601,24.18,24.295,24.352,24.439,24.546,24.572,24.695,24.794,24.956,25.127,25.284,25.375,25.424,25.642,25.823,26.168,26.987,27.09,27.477,27.587,27.662,27.729,27.951,27.994,28.081,28.109,28.148,28.187,28.26,28.515,28.741,29.107,29.204,29.399,29.495,29.584,29.674,29.718,29.781,30.158,30.3,30.326,30.441,31.002,31.191,31.33,31.727,31.971,32.073,32.147,32.237,32.414,32.472,32.674,32.717,33.31,33.486,33.774,35.338,35.476,35.821,35.855,35.946,36.142,36.178,36.26,36.34,36.425,36.612,36.674,36.701,37.016,37.156,37.459,37.52,37.57,38.096,38.191,38.682,39.56,39.698,39.824,39.939,nan,nan,nan,nan,nan,nan,nan,nan,nan,nan,nan,nan,nan,nan,nan,nan,nan,nan,nan,nan
0.055,0.2,0.31,0.356,0.573,0.616,0.745,0.78,0.917,1.007,1.365,1.409,1.713,1.788,1.975,2.111,2.285,2.592,2.895,3.243,3.468,3.771,3.921,4.191,4.551,4.697,4.882,4.966,5.215,5.3,5.98,6.06,6.146,6.306,6.628,6.704,6.79,6.843,6.918,6.991,7.166,7.339,7.75,8.028,8.205,8.258,8.477,8.545,8.642,8.705,8.741,8.867,9.067,9.194,9.261,9.336,9.453,9.549,9.713,9.867,10.38,10.463,10.571,11.79,12.12,12.212,12.292,12.776,12.832,13.014,13.083,13.208,13.293,13.586,13.926,13.985,14.072,14.292,14.438,14.464,14.85,14.894,14.998,15.503,16.151,16.196,16.276,16.577,16.685,16.816,16.913,17.241,17.662,17.827,17.865,18.046,18.752,18.771,18.859,18.979,19.23,19.422,19.594,19.826,19.952,20.4,20.594,20.684,20.747,21.009,21.156,21.21,21.529,21.586,21.639,21.728,21.754,22.06,22.909,23.025,23.843,24.351,24.539,24.574,24.607,24.662,24.868,24.971,25.006,25.043,25.249,25.421,25.485,25.955,26.027,26.465,27.095,27.921,28.162,28.291,28.323,28.651,28.673,28.862,28.889,29.01,29.276,29.466,29.611,29.644,29.698,29.932,30.057,30.223,30.652,30.844,31.377,31.867,31.946,31.994,32.08,32.133,32.53,32.632,32.712,32.798,32.821,32.952,33.011,33.327,33.412,33.949,33.993,34.161,34.352,34.459,34.56,35.036,35.183,35.467,35.635,35.705,36.021,36.294,36.448,36.689,36.927,37.046,37.232,37.285,37.327,37.756,37.88,37.911,37.983,39.179,39.262,39.329,39.876,nan,nan,nan,nan,nan,nan,nan,nan,nan,nan,nan,nan,nan,nan,nan,nan,nan,nan,nan,nan,nan,nan,nan,nan,nan,nan,nan,nan,nan,nan,nan,nan
0.057,0.296,0.321,0.68,0.933,1.081,1.12,1.166,1.434,1.525,1.624,1.709,1.794,1.836,1.95,1.992,2.292,2.43,2.598,2.962,2.986,3.033,3.482,3.596,3.621,3.834,3.886,3.987,4.351,4.375,4.416,4.577,4.71,4.766,4.855,5.041,5.159,5.252,5.504,5.58,5.63,5.81,5.891,5.972,6.088,6.156,6.223,6.243,6.757,7.019,7.142,7.263,7.311,7.442,7.608,7.667,7.854,8.02,8.06,8.268,8.594,8.62,8.673,8.752,9.043,9.161,9.219,9.286,9.322,9.456,9.729,9.922,10.899,11.382,11.494,11.723,12.052,12.37,12.427,12.644,12.689,12.723,12.788,13.196,13.278,13.342,13.458,13.489,13.662,13.849,14.052,14.274,14.311,14.363,14.531,14.777,15.445,15.513,15.826,15.873,16.032,16.221,16.828,16.879,17.002,17.063,17.092,17.703,17.747,17.908,18.175,18.361,18.4,18.546,18.589,18.887,19.329,19.476,19.655,20.18,20.425,20.844,20.924,20.974,21.062,21.093,21.191,21.762,21.864,21.967,22.283,23.107,23.4,23.486,24.048,24.08,24.401,24.475,24.576,24.781,24.818,24.847,24.882,25.114,25.209,25.276,25.516,25.563,25.611,25.671,25.702,25.733,25.8,26.084,26.117,26.196,26.356,26.425,26.555,26.689,26.771,27.197,27.469,27.733,27.753,28.614,28.656,28.746,28.787,29.091,29.15,29.24,29.323,30.272,30.627,30.746,30.954,31.029,31.187,31.283,31.34,31.533,31.889,32.207,32.235,32.284,32.441,32.637,32.768,32.83,32.898,32.991,33.014,33.326,33.375,33.412,33.506,33.579,33.621,33.861,33.885,34.101,34.139,34.338,34.472,35.402,35.484,35.77,35.814,35.864,36.041,36.252,36.361,36.545,36.712,36.933,37.069,37.52,37.891,37.989,38.182,38.212,38.388,38.791,39.068,39.146,39.262,39.403,39.594,39.677,39.7
0.298,0.619,0.801,0.889,1.197,1.84,1.917,2.024,2.121,2.604,2.812,3.505,3.647,3.915,4.015,4.1,4.229,4.243,4.373,4.398,4.78,4.861,4.887,5.036,5.128,5.143,5.439,5.606,5.657,5.871,6.142,7.759,7.815,7.867,8.133,8.392,8.538,8.83,8.914,9.079,9.143,9.174,9.348,9.499,9.541,9.839,9.889,10.031,10.376,11.69,11.853,11.939,12.052,12.142,12.208,12.301,12.397,12.444,12.471,12.626,12.687,12.758,12.794,12.869,12.984,13.073,13.126,13.409,13.915,13.95,14.093,14.768,14.819,14.979,15.256,15.289,15.385,15.433,15.552,15.662,15.867,16.05,16.157,16.184,16.278,16.324,16.37,16.581,16.62,16.673,16.789,16.823,17.043,17.143,17.312,17.623,17.681,17.733,18.173,18.431,19.241,19.531,19.602,19.749,19.846,19.949,20.078,20.104,20.359,20.471,20.538,20.719,20.753,20.785,20.974,21.438,21.539,21.859,22.003,22.187,22.23,22.667,23.624,23.941,24.022,24.059,24.095,24.339,24.379,24.794,24.912,25.072,25.258,25.313,25.357,25.654,25.739,25.796,26.174,26.217,26.707,27.025,27.942,28.263,28.402,28.471,28.523,28.628,28.804,29.293,29.364,29.491,29.575,29.759,29.803,30.072,30.283,30.431,30.506,30.559,30.759,30.86,31.077,31.249,31.67,32.354,32.446,32.522,32.619,33.04,33.116,33.244,33.306,33.369,33.639,33.713,33.82,34.054,34.115,34.276,34.542,34.586,34.813,35.177,35.29,35.384,35.817,36.356,36.372,36.468,36.499,36.583,36.702,36.935,37.046,37.207,37.599,37.864,38.049,38.155,38.19,38.282,38.31,38.531,38.932,39.124,39.698,39.942,nan,nan,nan,nan,nan,nan,nan,nan,nan,nan,nan,nan,nan,nan,nan,nan,nan,nan,nan,nan,nan,nan,nan
0.134,0.206,0.496,0.624,0.66,0.867,0.893,0.968,1.087,1.146,1.337,1.385,1.855,3.06,3.725,3.799,3.855,4.044,4.293,4.577,4.82,5.007,5.307,5.586,5.738,5.773,5.908,6.523,6.616,7.477,7.864,7.961,8.247,8.522,8.581,8.86,8.97,9.146,9.186,9.223,9.437,9.595,9.653,9.8,10.01,10.085,10.311,10.51,10.589,10.731,11.005,11.384,11.414,11.489,11.54,11.567,11.773,11.842,12.033,12.322,12.347,12.583,12.681,12.741,12.858,12.994,13.037,13.119,13.149,13.19,13.456,13.487,13.722,13.798,13.96,14.102,14.281,14.302,14.592,14.718,14.754,14.8,14.882,15.145,15.239,15.35,15.787,15.89,16.157,16.346,16.489,16.621,16.865,16.964,16.989,17.133,17.244,17.404,17.592,17.647,17.845,18.046,18.119,18.209,18.248,18.499,18.807,19.159,19.197,19.323,20.211,20.317,20.402,20.729,20.823,20.891,20.998,21.023,21.077,21.232,21.435,21.46,21.637,21.733,21.903,22.134,22.508,22.613,22.844,23.416,23.493,23.894,24.101,24.277,24.311,24.354,24.498,24.65,24.82,24.986,25.081,25.104,25.35,25.386,25.524,25.671,25.757,25.837,26.059,26.083,26.268,26.345,26.409,26.58,27.015,27.079,27.494,27.597,27.694,27.828,27.867,27.963,28.613,28.65,28.82,29.069,29.109,29.82,30.026,30.174,30.542,30.809,31.338,31.438,31.566,31.834,31.896,32.157,32.203,32.485,32.575,32.653,32.852,32.934,33.377,33.477,33.504,33.613,33.75,33.921,34.023,34.105,34.3,34.416,34.476,34.52,34.539,34.617,35.027,35.117,35.19,35.464,35.647,35.744,35.971,36.008,36.073,36.563,36.75,36.973,37.3,37.426,37.592,37.692,37.752,37.793,37.963,38.491,39.5,39.604,39.767,nan,nan,nan,nan,nan,nan,nan,nan,nan,nan
0.236,0.486,0.513,0.665,0.768,0.812,1.48,1.613,1.892,2.122,2.681,2.963,3.301,3.543,3.73,3.923,4.163,4.304,4.382,4.439,4.538,4.591,4.704,4.94,4.973,5.026,5.252,5.278,5.552,5.604,6.413,6.569,6.748,7.229,7.41,7.504,7.727,8.176,8.272,8.321,8.407,8.458,8.51,8.595,8.687,8.725,8.925,9.288,9.312,9.347,9.449,9.48,9.582,9.77,10.349,10.481,10.852,11.703,11.728,11.835,11.984,12.096,12.307,12.453,12.482,12.705,12.797,12.825,12.902,12.946,13.057,13.086,13.232,13.316,13.586,13.629,13.697,13.768,14.055,14.902,15.464,16.015,16.218,16.431,16.461,16.837,17.029,17.104,17.165,17.25,17.482,17.713,17.816,18.053,19.002,19.117,19.236,19.694,20.325,20.396,20.482,20.527,20.748,20.836,21.021,21.086,21.152,21.199,21.371,21.478,21.537,21.724,22.361,22.494,23.216,23.765,24.142,24.172,24.221,24.496,24.529,24.64,24.898,24.969,25.127,25.511,25.569,25.603,25.704,25.863,25.883,26.02,26.347,26.503,26.86,26.953,27.048,27.217,27.289,27.342,27.492,27.684,27.857,28.061,28.288,28.329,28.503,28.536,28.736,28.775,28.883,28.957,28.988,29.115,29.458,29.773,29.889,30.27,30.622,30.735,31.147,31.223,31.316,31.355,31.749,31.934,32.186,32.252,32.365,32.393,32.587,32.67,32.739,32.83,32.974,33.04,33.199,33.224,33.254,33.335,33.388,33.711,33.814,33.902,33.938,33.972,34.093,34.143,34.268,34.327,34.993,35.226,35.457,35.616,35.719,36.016,36.097,36.849,36.877,37.039,37.125,37.233,37.261,37.519,37.551,37.634,37.879,38.216,38.338,38.579,38.904,39.07,39.252,39.603,39.718,nan,nan,nan,nan,nan,nan,nan,nan,nan,nan,nan,nan,nan,nan,nan,nan
0.234,0.376,0.465,0.536,0.571,0.618,0.702,0.771,0.798,1.07,1.162,1.312,1.348,1.592,1.649,2.283,2.408,2.477,2.61,2.977,3.218,3.499,3.724,4.246,4.277,4.394,4.629,4.649,4.715,4.976,5.017,5.16,6.119,6.336,6.388,7.062,7.155,7.388,7.442,7.675,8.077,8.13,8.284,8.371,8.778,8.902,9.64,9.833,9.896,9.939,10.189,10.559,11.023,11.33,11.946,12.306,12.39,12.756,12.995,13.163,13.267,13.387,13.826,14.124,14.198,14.388,14.866,15.338,15.452,15.894,16.052,16.279,16.433,16.629,16.853,17.176,17.204,17.413,17.474,17.511,17.563,17.913,18.045,18.103,18.172,18.35,19.538,20.216,20.292,20.516,20.614,21.052,21.084,21.339,21.355,21.399,21.487,21.538,21.58,21.855,21.953,22.036,22.089,22.269,22.342,22.411,23.233,23.372,23.624,23.681,23.797,24.281,24.634,24.976,25.009,25.061,25.155,25.263,25.616,25.813,25.939,26.055,26.231,26.432,26.461,26.708,27.184,27.256,27.49,27.539,27.698,27.755,27.782,27.866,27.947,28.029,28.192,28.292,28.388,28.427,28.515,28.759,28.911,29.071,29.111,29.388,29.665,29.729,29.939,30.151,30.379,30.543,30.883,31.869,32.204,32.702,32.741,32.777,33.103,33.255,33.29,33.374,33.449,33.793,34.093,34.141,34.169,34.442,35.124,35.472,35.631,35.95,36.045,36.126,36.25,36.407,36.44,36.468,36.988,37.014,37.057,37.082,37.152,37.273,37.569,37.754,37.951,38.027,38.065,38.078,38.146,38.551,38.747,39.8,39.941,nan,nan,nan,nan,nan,nan,nan,nan,nan,nan,nan,nan,nan,nan,nan,nan,nan,nan,nan,nan,nan,nan,nan,nan,nan,nan,nan,nan,nan,nan,nan,nan,nan,nan,nan,nan
0.57,0.637,0.683,0.97,1.062,1.112,1.32,1.4,1.614,1.986,2.107,2.204,2.279,2.316,3.258,4.045,4.106,4.159,4.293,4.36,4.543,4.972,5.174,5.447,5.491,5.755,6.729,6.765,7.341,7.377,7.654,7.828,7.87,7.923,8.149,8.208,8.285,8.334,8.413,8.503,8.529,8.649,8.84,8.941,9.045,9.123,9.19,9.553,9.602,9.641,9.966,10.763,10.9,11.111,11.142,11.293,11.554,11.624,12.221,12.55,13.1,13.17,13.235,13.37,13.438,13.601,14.249,14.396,14.504,15.596,15.748,16.122,16.161,16.218,16.263,16.437,16.523,16.618,16.893,17.087,17.354,17.448,17.685,17.782,18.019,18.056,18.489,18.735,18.897,18.964,19.217,19.357,19.841,19.893,20.138,20.328,20.351,20.454,20.73,20.823,20.872,21.108,21.275,21.342,21.37,21.401,21.813,21.969,22.107,22.188,22.436,22.691,23.089,23.189,23.52,23.58,23.694,23.757,24.031,24.067,24.121,24.239,24.53,24.804,24.883,25.077,25.306,25.535,25.823,25.881,25.975,26.083,26.41,26.671,26.915,27.061,27.758,27.934,28.325,28.445,28.543,28.839,29.161,29.195,29.45,29.652,30.029,30.132,30.199,31.007,31.139,31.622,32.087,32.126,32.238,32.273,32.524,32.582,32.639,33.126,33.211,33.264,33.333,33.515,33.56,34.031,34.082,34.647,35.179,35.295,35.979,36.179,36.209,36.598,36.66,36.774,36.822,36.842,36.953,37.047,37.203,37.633,38.365,39.346,39.57,39.656,nan,nan,nan,nan,nan,nan,nan,nan,nan,nan,nan,nan,nan,nan,nan,nan,nan,nan,nan,nan,nan,nan,nan,nan,nan,nan,nan,nan,nan,nan,nan,nan,nan,nan,nan,nan,nan,nan,nan,nan,nan,nan,nan,nan,nan
0.046,0.318,0.391,0.453,0.646,0.752,0.803,0.86,0.931,0.967,1.04,1.371,1.409,1.428,1.51,1.565,1.606,2.0,2.338,2.891,3.104,3.236,3.495,3.538,3.611,3.818,4.294,4.349,4.389,4.524,4.711,4.894,5.029,5.073,5.121,5.173,5.51,5.565,5.777,5.95,5.994,6.441,6.756,6.934,7.141,7.677,8.094,8.349,8.415,9.211,9.384,10.029,10.121,10.226,10.28,10.378,10.467,10.581,10.618,11.314,11.715,11.804,11.869,12.099,12.134,12.18,12.679,12.795,13.156,13.294,13.412,13.458,13.514,13.621,13.691,13.902,13.963,13.986,14.332,14.861,14.929,15.12,15.618,15.843,15.932,16.009,16.178,16.25,16.404,16.919,17.032,17.17,17.295,17.343,17.843,18.057,18.991,19.186,19.797,20.133,20.161,20.278,20.422,20.746,20.89,20.938,20.99,21.055,21.143,21.223,21.465,21.586,21.689,21.767,21.828,21.966,22.036,22.427,22.636,22.732,22.791,23.163,23.229,23.656,23.76,23.833,24.011,24.163,24.222,24.558,24.585,24.632,24.777,24.906,24.948,25.27,25.439,25.516,25.666,25.821,25.887,26.392,26.696,26.89,26.93,27.395,27.733,27.96,28.138,28.264,28.351,28.387,28.507,28.647,28.706,29.03,29.081,29.137,29.453,29.48,29.793,30.163,30.255,30.459,30.572,31.114,31.143,31.578,32.636,32.731,32.881,32.933,33.153,33.346,33.387,33.408,33.636,33.733,33.856,34.072,34.202,34.648,34.847,35.405,35.459,35.657,35.847,35.993,36.243,36.555,36.598,36.677,36.792,37.133,37.395,37.535,37.607,37.664,37.81,38.014,38.16,38.287,38.381,38.534,38.62,39.335,39.385,39.502,39.688,39.955,nan,nan,nan,nan,nan,nan,nan,nan,nan,nan,nan,nan,nan,nan,nan,nan,nan,nan,nan,nan,nan
0.085,0.2,0.353,0.799,0.832,0.906,0.998,1.15,1.179,1.481,1.572,1.753,2.288,2.581,3.274,3.378,3.453,3.637,3.693,3.806,3.895,3.929,4.104,4.503,4.846,4.873,4.909,4.934,5.165,5.279,5.349,5.365,5.425,5.45,5.572,5.684,5.856,5.992,6.165,6.21,6.272,6.359,6.581,6.834,6.976,7.632,7.746,7.914,8.022,8.058,8.116,8.272,8.352,8.378,8.429,8.559,8.669,8.915,9.024,9.269,9.297,9.443,9.509,9.842,9.928,9.988,10.035,10.219,10.328,10.352,10.759,11.022,11.17,11.257,11.314,11.388,11.438,11.53,11.648,11.898,12.009,12.167,12.676,12.951,13.0,13.263,13.306,13.614,13.669,13.747,13.87,13.937,14.18,14.487,14.605,14.844,15.041,15.299,15.333,15.71,16.201,16.292,16.481,16.696,16.771,16.826,16.937,17.114,17.395,17.439,17.49,17.857,17.929,18.391,18.879,18.998,19.363,19.499,19.847,20.527,20.599,20.89,20.927,20.958,21.099,21.205,21.597,21.657,21.744,21.897,22.049,22.525,22.558,22.715,22.786,23.097,23.208,23.712,24.183,24.39,24.435,24.628,24.763,24.869,25.145,25.248,25.303,25.356,25.451,26.371,26.85,28.408,28.482,28.66,28.981,29.0,29.108,29.21,29.254,29.29,29.34,29.445,29.633,30.158,30.304,30.875,31.035,31.105,31.184,31.679,32.058,32.11,32.676,32.723,32.942,33.009,33.038,33.269,33.513,33.58,33.657,33.926,33.996,34.221,34.471,34.58,34.997,35.403,35.644,36.033,36.172,36.226,36.658,36.713,36.852,36.916,37.213,37.536,37.6,37.757,37.899,38.055,38.391,38.788,39.178,39.281,39.453,39.575,39.719,39.983,nan,nan,nan,nan,nan,nan,nan,nan,nan,nan,nan,nan,nan,nan,nan,nan,nan,nan,nan,nan,nan
0.13,0.236,0.873,1.011,1.283,1.447,1.86,2.358,3.545,3.593,3.784,3.854,3.996,4.026,4.075,4.515,4.843,4.898,4.997,5.213,5.275,5.366,5.428,5.469,5.789,5.886,5.942,6.012,6.532,7.189,7.421,7.914,7.999,8.168,8.533,8.956,9.086,9.221,9.261,9.44,9.484,9.784,9.893,10.089,10.253,10.495,10.924,11.037,11.675,11.755,11.905,12.022,12.631,13.032,13.245,13.521,13.65,13.828,13.944,14.157,14.258,14.849,15.49,15.536,15.59,15.806,15.961,16.044,16.139,16.344,16.381,16.479,16.543,16.642,16.784,16.852,16.884,17.116,17.221,17.657,18.069,18.343,18.59,18.712,18.991,19.061,19.115,19.664,19.69,19.964,20.214,20.406,20.677,20.904,21.119,21.275,21.518,21.557,21.649,21.735,21.897,22.049,22.196,22.388,22.61,22.662,22.723,23.108,23.343,23.482,23.622,23.78,23.913,24.151,24.193,24.268,24.451,24.694,24.79,24.821,24.901,25.06,25.246,25.331,25.385,25.525,25.662,25.699,25.906,26.158,26.211,26.333,26.48,26.593,26.649,27.023,27.095,27.133,27.524,27.684,27.855,27.922,28.507,28.545,28.76,28.791,28.899,28.978,29.019,29.165,29.299,29.372,29.435,29.486,29.765,29.789,29.987,30.056,31.119,31.147,31.601,31.897,31.955,32.15,32.325,32.362,32.413,33.004,33.048,33.086,33.129,33.498,33.546,33.677,33.758,33.817,33.879,33.937,34.206,34.398,34.435,34.477,34.812,34.963,35.27,35.532,35.575,35.708,35.96,36.118,36.39,36.534,36.742,36.878,36.915,37.072,37.128,37.212,37.297,37.394,37.619,37.979,38.412,38.51,38.608,38.81,39.221,39.37,39.418,39.638,39.836,39.897,nan,nan,nan,nan,nan,nan,nan,nan,nan,nan,nan,nan,nan,nan,nan,nan,nan,nan,nan
0.178,0.448,0.489,0.824,0.92,1.022,1.232,1.266,1.516,1.757,2.229,2.343,2.544,2.873,3.029,3.446,3.812,3.824,4.034,4.208,4.243,4.281,4.322,4.638,4.675,4.739,5.657,5.73,6.02,6.195,6.387,6.416,6.686,6.769,6.904,7.338,7.984,8.238,8.293,8.394,8.718,8.838,8.89,9.051,9.083,9.134,9.617,9.766,9.923,10.462,10.524,10.693,10.933,11.053,11.181,11.277,11.406,11.701,12.02,12.252,12.425,12.518,12.604,12.854,12.899,13.556,13.643,13.934,14.021,14.099,14.798,14.838,15.285,15.33,15.989,16.28,16.399,16.457,16.568,16.645,16.702,16.867,16.916,16.968,17.084,17.117,17.665,17.698,17.721,17.86,18.002,18.047,18.249,18.313,18.374,18.507,18.621,18.657,18.928,19.192,19.701,19.856,19.933,20.263,20.453,20.507,20.561,20.696,20.836,20.95,21.003,21.186,21.272,21.48,21.561,22.014,22.197,22.301,22.524,23.033,23.735,23.791,23.853,24.039,24.455,24.653,24.728,24.985,25.107,25.159,25.247,25.513,25.809,25.871,26.307,26.91,26.924,27.146,27.286,27.451,27.88,28.079,28.503,28.825,28.877,28.904,28.953,28.993,29.134,29.373,29.711,29.875,30.005,30.041,30.204,30.296,30.478,30.667,31.029,31.143,31.277,31.77,32.025,32.095,32.149,32.2,32.425,32.786,32.84,32.964,33.127,33.261,33.324,33.746,33.935,34.088,34.169,34.354,34.39,34.609,34.662,34.818,35.318,35.526,35.797,36.0,36.158,36.29,36.656,36.7,36.728,36.81,36.881,36.941,36.961,37.018,37.072,37.177,37.414,37.449,37.717,37.812,37.848,38.019,38.221,38.575,39.407,39.674,39.69,39.968,nan,nan,nan,nan,nan,nan,nan,nan,nan,nan,nan,nan,nan,nan,nan,nan,nan,nan,nan,nan,nan
0.128,0.335,0.391,0.554,0.721,0.818,0.853,0.91,0.966,1.167,1.329,1.597,1.764,1.825,2.165,3.514,3.912,3.966,4.125,4.346,4.455,4.508,4.982,5.082,5.129,5.159,5.27,5.386,5.596,5.661,5.944,5.989,6.371,6.422,6.793,7.142,7.28,7.415,7.564,7.733,7.883,8.163,8.457,8.85,8.959,9.041,9.42,9.633,9.691,10.105,10.761,11.063,11.59,11.775,12.0,12.394,12.547,12.59,12.734,12.824,12.892,13.098,13.312,13.744,13.802,13.973,14.238,14.383,14.696,14.72,14.764,14.941,15.261,15.436,15.872,16.176,16.227,16.626,17.207,17.285,17.477,17.513,17.582,17.631,17.69,17.725,17.932,18.052,18.159,18.401,18.685,18.714,18.879,18.936,18.964,19.148,19.746,20.165,20.31,20.506,20.611,20.666,21.128,21.463,21.593,21.868,22.232,22.418,22.497,22.805,22.925,22.99,23.712,24.247,24.376,24.431,24.75,24.893,25.146,25.369,25.427,25.577,25.713,25.926,26.2,26.418,26.736,26.781,27.022,27.355,27.71,27.84,27.969,28.108,28.158,28.269,28.391,28.49,28.576,28.607,28.694,28.899,29.079,29.153,29.234,29.252,29.328,29.429,29.49,29.72,29.916,30.018,30.141,30.203,30.344,30.588,30.675,31.203,31.347,31.487,31.783,31.876,31.942,32.117,32.144,32.305,32.369,32.473,32.587,32.666,32.818,32.879,33.207,33.269,33.459,33.486,33.535,33.744,33.971,34.07,34.207,34.485,34.508,34.564,34.583,35.183,35.395,35.739,36.121,36.16,36.288,36.402,36.691,36.735,36.767,37.065,37.178,37.406,37.454,37.666,37.867,37.946,38.03,38.086,38.115,38.299,38.364,38.501,38.725,39.003,39.566,39.992,nan,nan,nan,nan,nan,nan,nan,nan,nan,nan,nan,nan,nan,nan,nan,nan,nan,nan,nan
0.877,1.052,1.145,1.263,1.495,1.606,2.329,3.078,3.321,3.516,3.944,4.221,4.264,4.295,4.402,4.657,4.71,4.879,5.042,5.07,5.181,5.323,5.55,5.58,5.617,5.86,5.972,6.132,6.495,6.714,6.975,7.307,7.754,7.821,7.87,7.996,8.425,8.579,8.725,8.743,9.338,9.442,9.814,10.386,10.478,10.882,10.912,11.112,11.203,11.34,11.444,11.589,12.096,12.159,12.4,12.604,12.665,12.941,12.965,13.006,13.042,13.288,13.511,13.77,13.86,13.928,14.073,14.269,14.294,14.328,14.37,14.437,14.541,14.72,14.774,15.091,15.538,15.858,16.178,16.391,16.542,16.577,16.603,16.897,16.977,17.016,17.194,17.391,17.466,17.696,17.892,18.025,18.485,18.686,19.48,20.118,20.543,20.617,20.721,20.816,21.055,21.171,21.233,21.265,21.361,21.733,21.894,22.174,22.297,22.354,22.539,23.202,24.375,24.767,24.822,24.918,25.109,25.207,25.239,25.34,25.389,25.582,25.758,25.872,26.01,26.173,26.246,26.282,26.442,26.548,27.22,27.351,27.646,27.779,27.9,28.232,28.533,28.658,28.734,28.821,29.015,29.169,29.196,29.236,29.479,29.519,29.602,29.992,30.099,30.227,30.283,30.464,30.836,31.278,31.426,31.945,32.239,32.348,32.463,32.772,32.817,33.104,33.766,33.805,33.988,34.017,34.258,34.539,34.658,34.947,35.317,35.64,35.699,35.956,36.314,36.5,36.547,36.612,36.688,36.712,36.729,36.802,36.879,37.025,37.071,37.109,37.579,37.756,37.935,39.115,39.191,39.923,nan,nan,nan,nan,nan,nan,nan,nan,nan,nan,nan,nan,nan,nan,nan,nan,nan,nan,nan,nan,nan,nan,nan,nan,nan,nan,nan,nan,nan,nan,nan,nan,nan,nan,nan,nan,nan,nan,nan
0.035,0.135,0.286,0.342,0.524,0.616,0.781,0.976,1.273,1.326,1.358,1.428,1.566,1.61,2.122,2.163,2.205,2.34,2.52,2.954,3.059,3.882,4.354,4.387,4.908,5.222,5.277,5.325,5.543,5.57,5.729,5.802,5.955,6.175,6.253,6.472,6.889,6.959,7.111,7.456,7.501,7.818,7.88,7.963,8.337,8.461,8.612,8.745,9.047,9.388,9.433,9.464,9.501,9.555,9.742,9.833,10.188,11.413,12.08,12.217,12.346,12.478,12.581,12.799,12.952,12.981,13.064,13.245,13.3,13.322,13.355,13.818,14.18,14.345,14.487,15.178,15.408,15.51,15.623,15.651,15.715,15.942,16.172,16.422,16.555,16.579,17.349,17.982,18.003,18.419,19.316,19.412,19.524,19.602,19.694,20.5,20.596,20.644,20.845,20.936,21.18,21.505,21.553,21.774,21.843,21.864,22.366,22.585,23.028,24.312,24.408,24.519,24.614,24.796,24.83,24.865,24.989,25.024,25.064,25.205,25.366,25.428,25.57,25.834,25.856,25.976,26.127,26.191,26.696,26.743,27.142,27.3,27.586,27.75,27.795,27.886,28.083,28.383,28.785,28.924,29.128,29.167,29.197,29.241,29.274,29.326,29.578,29.598,29.7,29.906,29.968,30.572,31.418,31.555,31.629,31.792,31.967,32.051,32.134,32.786,32.999,33.117,33.224,33.349,33.407,33.53,33.648,33.693,33.884,34.173,34.568,34.721,35.378,35.794,35.956,36.004,36.217,36.271,36.377,36.466,36.571,37.414,37.577,37.611,37.71,38.508,38.701,38.93,39.12,39.177,39.358,39.471,39.504,nan,nan,nan,nan,nan,nan,nan,nan,nan,nan,nan,nan,nan,nan,nan,nan,nan,nan,nan,nan,nan,nan,nan,nan,nan,nan,nan,nan,nan,nan,nan,nan,nan,nan,nan,nan,nan,nan
0.084,0.152,0.172,0.5,0.631,0.75,0.788,1.081,1.135,1.532,1.62,1.724,1.772,1.983,2.402,4.152,4.279,4.981,5.202,5.258,5.368,5.687,6.075,6.193,7.068,7.215,7.276,7.634,7.851,7.896,8.143,8.19,8.519,8.697,8.748,8.854,8.941,9.119,9.277,9.325,9.379,9.407,9.507,9.546,10.279,10.51,10.95,11.282,11.66,11.853,11.964,12.23,12.368,12.463,12.525,12.837,12.894,13.217,13.356,13.421,13.761,14.104,14.18,14.314,14.824,15.268,15.317,15.474,16.187,16.369,16.59,16.639,16.706,16.873,16.951,17.061,17.233,17.428,17.468,17.527,17.593,17.693,17.795,17.98,18.005,18.59,18.922,19.451,19.527,20.0,20.045,20.649,20.678,20.785,20.831,20.981,21.086,21.303,21.405,21.438,21.481,21.906,22.153,22.33,22.694,22.948,23.372,23.524,23.686,23.827,23.972,24.682,25.009,25.301,25.485,25.668,25.715,26.218,26.378,27.034,27.079,27.773,28.036,28.174,28.252,28.288,28.331,28.557,28.618,28.658,28.704,28.915,29.186,29.408,29.453,29.485,29.518,29.893,30.0,30.052,30.099,30.182,30.216,30.268,30.718,30.998,31.064,31.19,31.309,31.961,32.215,32.279,32.552,32.663,32.832,32.925,32.958,33.292,33.337,33.448,33.543,33.796,34.278,34.439,35.135,35.19,35.353,35.434,35.489,35.561,35.731,35.969,36.009,36.04,36.278,36.878,36.919,37.568,37.68,37.826,37.926,37.957,38.139,38.348,38.61,39.407,39.891,39.921,39.975,nan,nan,nan,nan,nan,nan,nan,nan,nan,nan,nan,nan,nan,nan,nan,nan,nan,nan,nan,nan,nan,nan,nan,nan,nan,nan,nan,nan,nan,nan,nan,nan,nan,nan,nan,nan,nan,nan,nan,nan,nan,nan
0.341,0.701,0.898,0.97,0.995,1.037,1.114,1.171,1.332,1.384,1.545,1.723,1.877,1.922,2.427,2.689,3.555,3.783,3.858,4.21,4.338,4.415,4.65,4.683,4.73,4.959,5.044,5.099,5.437,5.507,5.547,5.852,5.984,6.095,6.243,6.534,6.594,7.248,7.28,7.405,7.734,7.939,7.984,8.036,8.157,8.22,8.32,8.374,8.384,8.469,8.801,8.999,9.328,9.367,9.416,9.461,9.546,9.672,9.708,9.74,9.921,10.04,10.123,10.225,10.451,11.197,11.389,11.556,11.594,11.924,12.236,12.28,12.578,12.621,12.88,13.22,13.322,13.357,13.473,13.711,13.857,13.921,13.981,14.182,14.512,14.638,14.752,14.976,15.009,15.272,15.366,15.67,15.764,15.885,16.024,16.066,16.186,16.219,16.298,16.377,16.429,16.74,17.022,17.135,17.457,17.53,17.953,18.022,18.417,19.241,19.506,19.628,19.678,19.856,19.997,20.118,20.217,20.628,20.754,20.906,20.997,21.652,21.812,21.909,21.931,21.99,22.418,22.468,22.881,23.164,23.213,24.149,24.271,24.342,24.498,24.574,24.617,24.905,25.13,25.216,25.259,25.321,25.653,25.689,25.757,26.001,26.183,26.341,26.654,26.688,26.755,26.814,26.885,28.351,28.55,28.576,28.616,28.728,28.809,28.876,28.967,29.127,29.317,29.461,29.553,29.726,29.957,30.01,30.096,30.308,30.369,30.504,30.646,30.959,31.576,31.661,31.763,31.841,32.022,32.258,32.44,32.692,32.824,32.931,33.037,33.09,33.283,33.327,33.442,34.257,34.366,34.457,34.601,34.653,34.802,35.058,35.339,35.452,35.522,35.642,35.924,36.083,36.228,36.32,36.374,36.474,36.807,36.983,37.253,37.343,37.563,37.635,37.719,38.707,39.52,39.867,39.94,nan,nan,nan,nan,nan,nan,nan,nan,nan,nan,nan,nan,nan,nan
0.327,0.384,0.468,0.509,0.793,0.955,1.025,1.048,1.122,1.299,1.671,1.827,2.115,2.466,3.702,4.063,4.119,4.256,4.343,4.506,4.557,4.709,4.781,4.802,4.883,5.003,5.411,5.492,5.536,5.881,6.009,6.068,6.121,6.276,6.307,6.548,6.847,7.005,7.369,7.816,7.951,8.032,8.268,8.609,8.662,8.721,8.788,8.835,8.877,8.975,9.03,9.197,9.513,9.633,9.745,9.815,9.984,10.288,10.407,10.482,10.6,11.493,11.688,12.215,12.268,12.494,12.575,12.636,12.802,12.839,12.961,13.277,13.345,13.433,13.472,13.588,13.644,14.026,14.225,14.286,14.541,14.579,14.615,15.454,15.498,15.658,15.955,16.114,16.702,16.881,16.998,17.189,17.425,17.458,17.608,17.825,17.888,19.052,19.167,19.357,19.407,19.541,19.603,19.793,20.149,20.185,20.357,20.582,20.618,20.692,20.753,20.789,20.969,21.076,21.182,21.397,21.446,21.484,21.524,21.588,21.629,21.775,21.836,21.912,22.164,22.548,23.164,23.371,23.432,23.665,24.173,24.285,24.39,24.585,24.678,24.843,25.049,25.392,25.465,25.582,25.646,25.668,25.738,25.772,25.806,26.181,26.418,26.571,26.633,26.777,26.915,27.163,27.493,27.713,28.16,28.185,28.274,28.32,28.347,28.468,28.572,28.928,28.997,29.245,29.744,29.866,29.987,30.058,30.109,30.218,30.464,30.631,30.805,31.408,31.522,31.78,31.897,32.127,32.707,33.087,33.13,33.188,33.222,33.401,33.457,34.125,34.558,35.029,35.108,35.298,35.323,35.405,35.696,36.221,36.331,36.688,36.863,37.035,37.27,37.475,37.528,37.58,37.801,37.909,38.009,38.046,38.072,38.249,38.362,38.547,38.666,38.708,39.202,39.381,39.728,nan,nan,nan,nan,nan,nan,nan,nan,nan,nan,nan,nan,nan,nan,nan,nan
0.225,0.666,0.762,0.881,1.054,1.761,1.884,2.356,2.435,2.662,2.824,2.903,3.458,3.573,3.875,3.929,4.403,4.7,4.763,4.789,4.969,5.407,5.52,5.593,5.859,5.993,6.49,6.671,7.404,7.765,7.953,8.181,8.41,8.451,8.75,8.861,8.905,9.163,9.297,9.695,9.986,10.001,10.084,10.182,10.334,10.439,10.536,10.595,10.878,11.067,11.109,11.152,11.298,11.578,12.045,12.216,12.227,12.332,12.516,12.573,12.597,12.66,12.7,12.836,12.886,13.045,13.11,13.165,13.236,13.315,13.443,13.549,13.595,13.786,13.805,13.913,14.112,14.533,14.619,14.778,15.069,15.18,15.337,15.463,16.048,16.604,16.805,16.901,17.088,17.287,17.419,17.496,17.802,18.559,19.003,19.327,19.492,19.774,19.846,20.033,20.908,21.074,21.222,21.333,21.6,21.808,21.854,23.324,23.57,23.717,23.759,23.839,24.042,24.219,24.608,24.729,25.063,25.398,25.855,25.958,25.988,26.216,26.414,26.77,26.879,27.248,27.35,27.38,27.991,28.156,28.457,28.641,28.906,29.261,29.319,29.64,29.669,29.851,30.001,30.149,30.369,30.821,30.894,30.979,31.027,31.721,31.765,31.882,31.938,32.001,32.25,32.452,32.694,32.722,32.754,32.808,32.876,32.901,33.041,33.369,33.48,33.723,33.862,34.153,34.447,34.469,34.683,35.132,35.245,35.685,35.794,36.132,36.34,36.405,36.528,36.577,36.637,36.765,36.819,37.025,37.065,37.18,37.265,37.546,37.696,37.73,37.799,37.847,37.909,38.108,38.157,38.325,38.552,38.799,39.174,39.561,39.585,39.811,nan,nan,nan,nan,nan,nan,nan,nan,nan,nan,nan,nan,nan,nan,nan,nan,nan,nan,nan,nan,nan,nan,nan,nan,nan,nan,nan,nan,nan,nan,nan,nan,nan
0.122,0.331,0.521,0.891,1.015,1.103,1.184,1.263,1.357,1.59,1.783,2.132,2.163,2.622,2.828,3.611,4.099,4.355,4.678,4.732,4.857,5.145,5.184,5.488,5.544,5.827,5.886,5.958,6.387,6.6,6.774,6.932,7.159,7.401,7.562,7.767,7.802,7.917,8.118,8.311,8.74,8.821,8.998,9.214,9.38,9.515,9.61,9.682,10.174,10.479,10.575,11.089,11.24,11.283,11.317,11.66,11.854,12.213,12.292,12.461,12.585,12.749,12.856,12.882,13.033,13.086,13.152,13.268,13.345,13.815,14.14,14.22,14.728,15.174,15.441,15.551,15.668,16.137,16.17,16.395,16.718,16.761,16.902,17.008,17.294,17.375,17.486,18.256,18.67,18.915,18.935,19.817,19.904,20.025,20.296,20.406,20.507,20.749,20.931,21.176,21.408,21.45,21.503,21.962,22.491,22.862,24.54,24.614,24.873,24.953,25.017,25.242,25.413,25.587,25.959,26.17,26.227,26.535,26.681,27.195,27.29,27.321,27.496,27.657,27.713,28.101,28.186,28.278,28.564,28.594,28.643,28.71,28.771,28.822,28.88,28.996,29.039,29.279,29.298,29.491,29.739,29.97,30.537,30.626,30.705,30.975,31.397,31.806,32.07,32.123,32.151,32.234,32.307,32.399,32.452,32.804,33.017,33.089,33.14,33.245,33.523,33.888,34.174,34.223,34.284,34.405,35.21,35.309,35.373,35.452,35.565,35.753,35.958,36.235,36.302,36.517,36.58,36.676,36.806,36.976,37.039,37.33,37.674,37.804,38.339,38.55,38.798,39.532,39.908,nan,nan,nan,nan,nan,nan,nan,nan,nan,nan,nan,nan,nan,nan,nan,nan,nan,nan,nan,nan,nan,nan,nan,nan,nan,nan,nan,nan,nan,nan,nan,nan,nan,nan,nan,nan,nan,nan,nan,nan,nan,nan
0.609,0.64,0.833,1.464,1.917,1.997,2.077,2.325,2.502,2.656,3.496,3.534,3.598,3.783,3.822,3.875,3.945,4.004,4.046,4.081,4.214,4.446,4.708,4.737,4.901,5.175,5.311,5.496,5.577,5.761,5.851,6.045,6.214,6.303,7.015,7.115,7.156,7.258,7.376,7.958,8.199,8.284,8.53,8.771,8.858,9.275,9.297,9.504,9.595,9.781,9.868,9.918,9.983,10.114,10.331,10.645,10.868,11.075,11.351,11.425,12.196,12.297,12.353,12.466,12.734,12.909,13.128,13.186,13.356,13.496,13.77,13.803,13.903,13.984,14.034,14.116,14.386,14.465,15.111,15.169,15.356,15.828,15.982,16.135,16.34,16.432,16.556,16.638,17.102,17.155,17.182,17.239,17.323,17.559,17.647,17.696,17.801,18.219,18.741,19.391,19.662,20.159,20.674,21.013,21.132,21.173,21.21,21.484,21.61,21.78,21.827,21.895,22.463,22.774,22.828,23.639,23.8,24.021,24.355,24.423,24.513,24.575,24.69,25.078,25.165,25.25,25.336,25.785,26.638,27.051,27.338,27.57,27.669,27.72,27.874,28.791,29.026,29.24,29.488,29.854,29.91,30.276,30.368,30.774,31.131,31.422,31.633,31.826,31.979,32.293,32.433,32.622,32.64,32.761,32.895,33.015,33.051,33.338,33.448,33.585,33.775,34.005,34.165,34.692,34.824,35.313,35.779,36.011,36.034,36.144,36.588,36.655,36.696,36.763,36.872,36.941,37.039,37.193,37.353,37.431,37.501,37.558,37.599,37.632,37.854,38.247,38.47,38.793,39.586,39.886,nan,nan,nan,nan,nan,nan,nan,nan,nan,nan,nan,nan,nan,nan,nan,nan,nan,nan,nan,nan,nan,nan,nan,nan,nan,nan,nan,nan,nan,nan,nan,nan,nan,nan,nan,nan,nan,nan,nan,nan,nan
0.282,0.342,0.559,0.632,0.772,0.879,0.984,1.045,1.21,1.417,1.578,1.66,1.808,2.223,2.287,2.766,3.275,3.464,3.605,3.678,3.749,3.886,4.209,4.561,4.71,4.736,4.953,5.08,5.181,5.349,5.479,5.651,6.254,6.671,6.691,6.9,6.955,6.98,7.575,7.656,7.955,8.201,8.24,8.407,8.466,8.62,8.776,8.932,8.989,9.012,9.088,9.235,9.318,9.407,9.456,9.568,9.67,9.735,9.786,9.88,10.37,10.511,10.69,10.736,10.788,11.373,11.833,12.242,12.321,12.489,12.631,12.803,13.012,13.084,13.214,13.317,13.458,13.712,13.985,14.375,14.494,15.026,15.495,16.12,16.271,16.386,16.726,16.873,17.036,17.06,17.151,17.346,17.422,17.463,17.531,17.647,17.675,18.022,18.132,18.395,18.715,18.885,19.004,19.035,19.454,20.006,20.148,20.236,20.476,20.525,20.708,20.865,20.912,20.968,21.121,21.149,21.253,21.39,21.598,21.942,21.98,22.077,22.614,22.64,22.715,23.308,23.399,23.55,23.686,23.993,24.075,24.295,24.492,24.529,24.58,24.632,24.665,25.381,25.412,25.507,25.611,25.727,25.82,26.021,26.528,26.779,26.841,27.002,27.811,28.164,28.183,28.227,28.382,28.423,28.444,28.471,28.787,28.843,28.933,29.061,29.213,29.286,29.499,29.686,29.761,30.027,30.22,30.367,30.678,30.884,31.207,31.742,31.892,32.168,32.41,32.437,32.596,32.776,33.012,33.141,33.384,33.411,33.533,33.985,34.078,34.223,34.765,35.039,35.898,36.182,36.265,36.474,36.617,36.667,37.274,37.303,37.359,37.465,37.569,37.71,37.836,38.027,38.241,38.283,38.835,38.856,39.477,39.673,39.756,39.844,39.87,nan,nan,nan,nan,nan,nan,nan,nan,nan,nan,nan,nan,nan,nan,nan,nan,nan,nan,nan,nan
0.026,0.36,0.567,0.948,1.104,1.137,1.157,1.381,1.932,2.036,2.211,2.475,3.198,3.483,3.57,3.66,3.941,4.094,4.309,4.368,4.453,4.585,4.81,4.861,4.941,5.125,5.204,5.302,5.416,5.895,5.934,6.0,6.638,7.563,7.789,7.827,7.911,7.97,8.052,8.118,8.244,8.432,8.457,8.523,8.667,8.767,8.792,8.833,8.954,9.015,9.095,9.196,9.346,9.967,10.135,10.195,10.636,10.792,11.006,11.618,12.044,12.255,12.33,12.387,12.874,12.955,13.081,13.275,13.385,13.437,13.629,13.744,13.797,14.289,14.722,15.307,15.643,15.874,15.933,16.007,16.139,16.329,16.399,16.456,16.543,16.588,16.623,16.679,16.704,16.726,17.204,17.327,17.406,17.585,17.71,17.833,18.086,18.167,18.27,19.017,19.344,19.678,19.857,19.914,20.244,20.459,20.575,20.721,20.919,21.094,21.157,21.193,21.273,21.305,21.338,21.54,21.759,21.872,21.913,22.125,22.368,22.422,22.506,22.692,23.282,23.445,23.843,23.997,24.072,24.282,24.31,24.77,24.817,25.015,25.087,25.258,25.389,25.916,26.347,26.596,26.655,27.23,27.764,28.067,28.299,28.537,28.58,29.071,29.136,29.287,29.444,29.486,29.888,29.97,30.238,30.548,30.645,30.688,30.748,30.829,31.469,32.275,32.394,32.474,32.615,32.687,32.774,33.158,33.231,33.345,33.704,34.22,34.398,35.292,35.872,35.95,36.323,36.481,36.798,36.932,36.976,37.013,37.038,37.197,37.264,37.473,37.684,37.813,38.278,38.553,38.605,38.744,38.804,39.331,39.581,39.625,39.843,nan,nan,nan,nan,nan,nan,nan,nan,nan,nan,nan,nan,nan,nan,nan,nan,nan,nan,nan,nan,nan,nan,nan,nan,nan,nan,nan,nan,nan,nan,nan,nan,nan,nan
0.372,0.546,0.676,0.706,0.765,1.063,1.109,1.377,1.686,1.76,2.095,2.3,3.348,3.558,3.984,4.02,4.345,4.447,4.506,4.585,4.8,4.867,4.915,4.938,5.009,5.067,5.249,5.323,5.364,5.717,5.946,6.242,6.6,6.655,7.009,7.272,7.372,7.572,8.273,8.508,8.721,8.741,8.917,8.994,9.229,9.266,9.351,9.411,9.869,9.962,10.035,10.088,10.285,10.447,10.928,10.987,11.534,12.032,12.198,12.436,12.579,12.614,12.662,14.03,14.473,14.889,15.782,15.854,15.913,16.062,16.413,16.504,16.606,16.68,16.734,16.945,16.961,17.078,17.151,17.197,18.129,18.242,18.288,18.36,18.389,19.213,19.282,19.429,19.684,19.902,19.974,20.073,20.156,20.31,20.634,20.788,20.902,20.97,21.558,21.638,21.916,21.986,22.058,22.111,22.23,22.545,22.562,22.763,23.008,23.14,23.355,23.485,23.607,24.125,24.29,24.436,24.505,24.598,24.696,24.865,24.91,24.988,25.097,25.347,25.64,25.732,25.832,25.929,25.997,26.11,26.202,26.96,27.045,27.121,27.416,27.813,27.923,27.962,28.38,28.418,28.604,28.697,28.826,28.947,28.979,29.049,29.336,29.422,29.59,29.819,29.864,29.895,30.025,30.193,30.226,30.275,30.816,30.995,31.126,31.779,32.012,32.239,32.463,32.736,32.958,32.99,33.056,33.144,33.209,33.246,33.358,33.549,33.908,33.959,34.098,34.172,34.366,34.636,34.783,35.007,35.053,35.123,35.229,35.329,35.69,35.72,36.1,36.347,36.538,36.725,36.784,37.005,37.097,37.183,37.414,37.498,37.733,37.788,37.843,37.982,38.447,38.655,38.921,39.413,nan,nan,nan,nan,nan,nan,nan,nan,nan,nan,nan,nan,nan,nan,nan,nan,nan,nan,nan,nan,nan,nan,nan,nan,nan,nan,nan
0.106,0.642,0.724,0.933,1.068,1.111,1.179,1.236,1.41,1.485,1.865,1.924,2.021,2.114,2.169,2.409,2.568,2.641,3.14,3.523,3.957,4.175,4.575,4.953,4.982,5.031,5.125,5.174,5.748,5.898,5.916,6.033,6.137,7.41,8.094,8.377,8.696,8.765,9.014,9.082,9.162,9.217,9.241,9.261,9.321,9.585,9.674,9.977,10.035,10.108,10.184,10.916,11.013,11.335,11.467,11.638,11.929,11.992,12.077,12.111,12.131,12.18,12.267,12.5,12.642,12.763,12.872,12.973,13.144,13.304,13.442,13.608,13.895,13.968,14.074,14.158,14.352,14.535,14.579,14.63,14.669,14.805,15.094,15.217,15.449,15.522,16.329,16.428,16.645,16.76,16.847,16.928,17.154,17.217,17.282,17.363,17.448,17.469,17.495,17.612,17.684,17.724,17.787,18.052,18.432,18.53,18.648,18.718,18.905,19.475,19.943,20.262,20.312,20.4,20.451,20.619,20.694,20.933,21.034,21.087,21.328,21.366,21.792,21.852,21.883,21.915,21.983,22.148,22.181,22.333,22.532,22.681,23.723,23.81,24.001,24.111,24.182,24.331,24.381,24.536,24.639,24.828,25.101,25.203,25.221,25.247,25.483,25.786,25.915,26.138,26.241,26.596,26.668,26.784,27.116,27.245,27.66,28.412,28.47,28.737,28.992,29.082,29.196,29.354,29.378,29.598,29.78,29.94,30.259,30.458,30.521,30.692,30.895,31.724,31.78,32.138,32.224,32.267,32.326,32.725,32.826,32.999,33.339,33.565,33.655,33.769,34.024,34.137,34.424,34.488,34.504,34.773,35.161,35.838,36.12,36.283,36.99,37.031,37.096,37.142,37.181,37.39,37.445,37.585,37.757,37.882,38.182,38.798,38.968,39.008,39.534,nan,nan,nan,nan,nan,nan,nan,nan,nan,nan,nan,nan,nan,nan,nan,nan,nan,nan,nan,nan
0.183,0.346,0.493,0.651,0.808,1.01,1.397,1.812,1.97,2.154,2.539,2.642,2.715,2.883,3.144,3.306,3.792,3.954,3.972,4.195,4.563,4.856,5.174,5.257,5.3,5.418,5.543,5.63,5.761,5.927,6.096,6.329,6.835,7.694,7.807,8.098,8.409,8.636,8.65,8.772,9.016,9.073,9.141,9.295,9.324,9.449,9.885,9.987,10.072,10.13,10.39,10.491,10.85,11.021,11.119,11.841,11.917,12.146,12.169,12.298,12.376,12.825,13.061,13.099,13.139,13.204,13.233,13.828,14.05,14.277,14.418,15.506,16.137,16.186,16.429,16.638,16.703,16.731,16.905,16.99,17.314,17.367,17.409,17.504,17.59,18.118,18.33,18.609,18.738,18.82,19.167,19.381,19.634,20.274,20.443,20.529,20.555,20.696,20.725,20.767,20.91,21.132,21.167,21.233,21.344,21.367,21.616,21.759,21.857,22.841,22.872,22.896,23.287,23.847,24.159,24.436,24.539,24.583,25.0,25.048,25.118,25.201,25.339,25.476,25.59,26.082,26.131,26.333,26.678,26.783,26.836,27.173,27.22,27.513,27.543,27.643,27.825,28.224,28.611,28.74,28.974,29.127,29.347,29.43,29.452,29.478,29.579,29.762,30.091,30.238,30.606,30.707,30.889,31.022,31.216,31.268,31.491,32.062,32.304,32.408,32.721,32.776,32.888,33.008,33.4,33.49,33.529,33.894,33.927,34.83,34.857,34.945,35.016,35.217,35.73,35.88,36.013,36.624,36.975,37.052,37.243,37.373,37.418,37.445,37.849,38.057,38.554,38.813,39.141,39.351,39.394,39.531,39.936,nan,nan,nan,nan,nan,nan,nan,nan,nan,nan,nan,nan,nan,nan,nan,nan,nan,nan,nan,nan,nan,nan,nan,nan,nan,nan,nan,nan,nan,nan,nan,nan,nan,nan,nan,nan,nan,nan
0.085,0.42,0.464,0.675,0.838,1.367,1.416,1.552,1.691,1.737,2.025,2.068,2.127,2.22,2.648,2.826,2.877,3.056,3.247,3.436,3.644,3.971,4.099,4.433,4.815,5.507,5.656,5.936,6.015,6.113,6.164,6.189,6.348,6.472,6.552,7.49,8.176,8.282,8.35,8.371,8.551,8.813,8.863,9.216,9.685,9.718,10.106,10.145,10.678,10.931,11.102,11.302,11.669,11.738,11.847,11.968,13.013,13.2,13.287,13.442,13.783,13.842,13.971,14.462,14.633,14.878,15.108,15.488,15.648,15.837,16.059,16.107,16.263,16.297,16.352,16.381,16.454,16.744,16.852,16.898,16.927,17.062,17.122,17.251,17.284,17.449,17.688,18.409,19.249,19.48,19.59,19.669,19.841,20.027,20.153,20.212,20.444,20.484,20.586,20.636,20.669,20.755,20.862,21.094,21.188,21.263,21.376,21.629,21.66,21.763,22.208,22.464,22.686,23.118,23.231,23.261,23.523,23.702,23.858,23.99,24.114,24.177,24.588,24.633,24.692,24.821,25.369,25.457,25.516,25.54,25.659,25.684,25.742,25.998,26.12,27.128,27.243,27.36,27.55,27.871,27.885,28.21,28.554,28.594,28.787,28.828,29.076,29.108,29.235,29.387,29.419,29.733,29.949,30.041,30.358,30.522,30.793,31.03,31.472,31.562,31.702,31.963,32.27,32.287,32.655,32.769,32.87,33.202,33.602,33.649,33.764,33.856,33.965,34.034,34.297,34.562,34.769,34.884,35.253,35.708,36.006,36.364,36.394,36.424,36.543,36.604,36.696,36.907,36.949,37.096,37.169,37.189,37.214,37.411,37.537,38.321,38.363,39.316,39.356,39.783,nan,nan,nan,nan,nan,nan,nan,nan,nan,nan,nan,nan,nan,nan,nan,nan,nan,nan,nan,nan,nan,nan,nan,nan,nan,nan,nan,nan,nan,nan,nan
0.105,0.171,0.294,0.332,0.362,0.564,0.74,0.766,0.824,0.925,1.146,1.198,1.261,1.305,1.503,1.562,1.731,1.85,1.9,2.043,2.747,2.966,3.017,3.282,3.401,4.034,4.315,4.486,4.505,4.66,4.694,4.726,4.744,4.833,5.012,5.374,5.49,5.537,5.901,5.982,6.124,6.278,6.579,7.161,7.199,7.85,7.945,8.04,8.112,8.244,8.583,8.83,9.009,9.063,9.096,9.591,9.684,10.117,10.313,10.501,11.952,12.055,12.261,12.278,12.392,12.438,12.48,12.605,12.707,12.774,12.812,12.84,13.29,13.836,13.919,14.083,14.447,15.815,16.018,16.103,16.141,16.353,16.386,16.438,16.936,17.038,17.086,17.126,17.579,17.76,17.961,18.075,18.321,19.81,19.961,20.076,20.121,20.245,20.365,20.534,20.692,20.853,20.892,21.111,21.14,21.192,21.231,21.373,21.657,21.772,21.808,21.825,21.896,21.973,22.161,22.25,22.432,22.749,22.805,23.849,24.107,24.466,24.721,24.853,24.894,24.923,25.012,25.042,25.097,25.126,25.267,25.422,25.497,26.079,26.312,26.47,26.586,26.664,27.245,27.439,27.602,27.67,27.871,27.924,28.073,28.149,28.254,28.29,28.354,28.423,28.558,28.624,28.689,28.904,29.041,29.347,29.429,29.506,29.623,29.658,29.866,29.893,29.959,30.109,30.375,30.56,30.647,30.78,31.19,31.333,32.1,32.209,32.278,32.372,32.541,32.748,33.097,33.244,33.294,33.405,33.493,33.549,33.58,33.732,34.218,34.287,34.549,34.706,35.193,35.389,35.511,35.646,36.053,36.644,36.682,36.73,36.746,36.774,37.131,37.356,37.514,37.79,37.811,37.993,38.398,39.148,39.291,39.356,39.665,39.767,39.989,nan,nan,nan,nan,nan,nan,nan,nan,nan,nan,nan,nan,nan,nan,nan,nan,nan,nan,nan,nan
0.031,0.146,0.179,0.718,0.819,0.88,1.0,1.09,1.187,1.454,1.675,1.842,2.15,2.215,2.327,2.363,2.455,2.497,2.667,2.907,3.34,3.635,4.069,4.168,4.407,4.51,4.746,4.994,5.22,5.383,5.783,6.177,6.271,6.353,6.481,6.898,6.958,7.211,7.323,7.371,7.691,7.944,8.162,8.282,8.318,8.408,8.756,8.925,9.055,9.111,9.159,9.193,9.247,9.342,9.415,9.74,9.895,10.576,10.667,10.73,10.975,11.143,11.381,11.561,11.853,12.087,12.295,12.33,12.637,12.711,12.829,12.936,13.008,13.695,13.767,13.991,14.066,14.136,14.26,14.507,14.543,14.706,14.949,15.231,15.486,15.617,15.643,15.699,16.005,16.6,16.654,16.795,16.941,17.104,17.131,17.27,17.333,17.447,17.635,17.826,17.863,18.115,18.17,18.199,18.237,18.491,19.383,19.487,19.793,19.834,19.878,20.095,20.337,20.61,20.689,20.73,20.867,21.129,21.188,21.338,21.366,21.557,21.615,21.724,21.84,22.299,22.661,22.673,22.826,22.857,22.966,23.158,23.247,23.649,23.742,24.262,24.508,24.77,25.099,25.154,25.444,25.46,25.713,25.778,25.84,26.021,26.724,27.033,27.394,27.633,28.437,28.633,28.663,28.884,28.937,28.975,29.101,29.377,29.414,29.555,29.915,30.171,30.349,30.481,30.735,31.098,31.41,31.841,31.931,32.095,32.209,32.31,32.407,32.582,32.671,32.807,33.008,33.045,33.085,33.416,33.619,33.686,34.019,34.214,34.827,35.05,35.138,35.177,35.256,35.389,35.514,35.709,35.819,35.916,36.026,36.289,36.417,36.542,36.569,36.879,37.063,37.197,37.231,37.607,37.84,37.891,37.995,38.08,38.167,38.293,38.337,38.634,38.728,39.187,39.601,39.711,39.749,39.968,nan,nan,nan,nan,nan,nan,nan,nan,nan,nan,nan,nan,nan
0.092,0.144,0.209,0.239,0.397,0.49,0.655,0.87,0.945,1.039,1.135,1.264,1.505,1.737,1.902,1.987,2.048,2.163,2.344,2.619,2.685,2.943,3.649,3.86,4.239,4.319,4.726,4.758,4.812,4.836,4.889,5.004,5.067,5.424,5.681,5.721,5.857,5.904,6.003,6.039,6.372,6.668,6.738,6.947,7.115,7.166,7.241,7.462,7.964,8.104,8.279,8.337,8.387,8.518,8.77,8.9,9.064,9.144,9.215,9.579,9.803,9.883,10.076,10.278,10.595,10.995,11.482,11.717,11.783,12.111,12.161,12.286,12.441,12.562,12.647,12.755,12.902,12.999,13.473,13.957,14.07,14.13,14.349,14.412,14.967,15.012,15.375,15.587,15.739,15.919,15.971,16.004,16.193,16.238,16.342,16.367,16.842,17.087,17.228,17.269,17.285,17.369,17.519,17.55,17.897,18.025,18.213,18.27,18.87,19.05,19.751,20.18,20.21,20.412,20.56,20.635,20.821,20.853,21.01,21.054,21.257,21.303,21.453,21.747,22.195,22.6,22.639,22.739,22.786,23.151,23.209,23.355,23.475,23.866,24.11,24.147,24.244,24.429,24.627,24.681,24.768,24.887,24.974,25.109,25.189,25.215,25.605,25.929,26.016,26.136,26.277,27.221,27.469,27.747,28.021,28.266,28.329,28.445,28.648,29.152,29.234,29.265,29.854,29.922,30.199,30.44,30.527,31.751,32.153,32.404,32.497,32.583,32.681,32.704,32.741,32.91,32.948,33.1,33.405,33.521,33.671,33.738,33.969,34.11,34.293,34.35,34.57,34.779,35.269,35.852,36.013,36.287,36.442,36.495,36.656,36.803,37.037,37.41,37.503,37.617,37.719,38.401,38.744,38.951,39.257,39.579,39.95,nan,nan,nan,nan,nan,nan,nan,nan,nan,nan,nan,nan,nan,nan,nan,nan,nan,nan,nan,nan,nan,nan,nan,nan
0.081,0.269,0.333,0.689,0.723,0.813,0.848,0.891,0.976,1.208,1.255,1.411,1.58,1.645,1.672,1.922,1.961,2.599,2.723,2.807,3.042,3.754,4.037,4.068,4.131,4.305,4.366,4.812,4.885,5.349,5.417,5.441,5.593,6.634,6.908,7.018,7.146,7.423,7.802,7.84,8.111,8.282,9.096,9.28,9.341,9.482,9.535,9.691,9.795,9.855,10.429,10.563,10.761,11.182,11.309,11.988,12.417,12.5,12.815,12.841,13.177,13.299,13.877,14.137,14.161,14.254,14.323,14.746,14.915,14.981,15.083,15.35,15.59,15.678,15.957,16.309,16.344,16.404,16.545,16.578,16.676,16.898,17.122,17.15,17.336,17.43,17.602,17.635,17.811,18.374,18.514,18.567,18.756,18.842,19.074,19.366,19.916,20.566,20.849,20.876,20.933,20.991,21.054,21.142,21.245,21.372,21.404,21.432,21.474,21.508,21.56,21.82,21.854,22.081,22.193,22.269,22.395,22.919,23.121,23.403,23.516,23.867,23.886,24.067,24.183,24.654,24.801,24.988,25.152,25.197,25.328,25.394,25.45,25.559,25.645,26.091,26.336,26.804,27.599,27.716,28.06,28.52,28.563,28.762,28.835,28.928,28.959,29.077,29.268,29.361,29.989,30.365,30.724,31.294,31.383,31.525,31.569,31.604,31.646,31.692,32.052,32.207,32.329,32.542,32.702,32.982,33.231,33.264,33.391,33.468,33.716,33.916,33.976,34.029,34.094,34.841,35.112,35.298,35.413,35.486,35.611,36.039,36.36,36.516,36.57,36.632,37.252,37.283,37.378,37.422,37.783,37.891,37.958,38.295,38.359,38.648,38.687,38.805,39.149,39.423,nan,nan,nan,nan,nan,nan,nan,nan,nan,nan,nan,nan,nan,nan,nan,nan,nan,nan,nan,nan,nan,nan,nan,nan,nan,nan,nan,nan,nan,nan,nan
0.296,0.413,0.466,0.628,0.668,0.72,0.84,1.252,1.268,1.766,1.82,1.859,1.997,2.125,2.467,2.969,3.119,3.379,3.545,3.765,3.891,3.961,4.025,4.458,4.83,4.896,5.05,5.469,5.6,5.854,5.887,5.959,6.002,6.339,6.447,6.698,6.731,6.965,7.202,7.431,7.9,8.306,8.344,8.364,8.943,9.057,9.382,9.461,9.535,9.618,9.638,9.769,9.815,10.078,11.413,11.479,11.887,11.906,12.036,12.571,12.679,12.717,12.804,12.9,13.061,13.926,13.977,14.261,14.44,14.535,14.924,15.707,16.086,16.322,16.365,16.399,16.467,16.562,16.637,16.694,16.746,16.776,16.817,17.147,17.576,17.666,17.825,17.877,17.937,18.191,18.367,18.494,18.846,18.881,19.397,19.529,19.586,19.822,19.985,20.202,20.276,20.3,20.415,20.613,20.816,20.929,21.045,21.098,21.209,21.307,21.405,21.493,21.551,22.026,22.284,22.387,23.359,23.463,23.636,23.959,24.151,24.262,24.496,24.676,24.711,24.798,24.83,24.925,25.317,25.368,25.498,25.554,25.613,25.763,25.904,25.956,26.004,26.105,26.289,26.39,26.445,26.77,27.182,27.572,27.743,28.445,28.562,28.728,28.78,28.918,29.011,29.045,29.173,29.191,29.231,29.266,29.352,29.597,29.618,29.647,29.902,29.948,30.081,30.332,30.749,30.861,31.224,31.267,31.524,32.143,32.216,32.7,32.944,33.228,33.52,33.597,33.934,34.091,34.274,34.321,35.279,36.008,36.208,36.335,36.528,36.63,36.716,36.751,36.8,37.135,37.258,37.37,37.402,37.664,37.949,38.104,38.342,38.54,38.857,39.102,39.195,39.268,39.324,39.351,39.446,39.836,39.919,nan,nan,nan,nan,nan,nan,nan,nan,nan,nan,nan,nan,nan,nan,nan,nan,nan,nan,nan,nan,nan,nan,nan,nan
0.275,0.335,0.37,0.398,0.485,0.592,0.633,0.704,0.782,0.808,0.867,1.809,1.863,2.095,2.614,2.855,3.665,3.732,4.047,4.161,4.417,4.474,4.652,4.952,5.028,5.574,5.736,6.321,7.012,7.298,7.593,7.751,7.884,8.59,8.777,8.977,9.042,9.204,9.327,9.409,9.498,9.543,9.575,9.649,9.7,10.072,10.258,10.36,10.872,10.908,10.967,11.057,11.241,11.293,11.407,11.963,12.05,12.11,12.259,12.318,12.507,12.599,12.622,12.715,12.775,12.838,12.904,12.942,13.001,13.129,13.278,13.449,13.556,13.688,13.866,13.996,14.033,14.1,14.458,15.376,15.527,15.548,15.845,15.917,16.436,16.633,16.826,16.874,16.967,17.057,17.106,17.349,17.466,17.726,18.053,18.207,18.308,18.556,18.86,18.993,19.493,19.632,19.841,20.1,20.132,20.291,20.322,20.362,20.406,20.707,20.886,20.905,20.945,20.993,21.068,21.249,21.312,21.329,21.377,21.484,21.554,22.074,22.105,22.226,22.437,22.601,22.932,24.286,24.365,24.736,24.759,24.992,25.158,25.266,25.298,25.321,25.465,25.621,25.957,26.002,26.05,26.088,26.259,26.329,27.233,27.458,27.787,27.983,28.034,28.122,28.241,28.323,28.461,28.953,29.075,29.124,29.238,29.397,29.601,29.66,29.757,30.172,30.258,30.464,30.524,30.586,30.815,30.883,31.458,32.537,32.635,32.679,32.769,33.055,33.289,33.485,33.723,33.992,34.026,34.135,34.417,34.664,34.724,34.774,34.939,34.991,35.07,35.387,35.526,35.819,35.868,35.922,36.124,36.216,36.309,36.355,36.411,36.491,36.602,37.0,37.174,37.222,37.287,37.542,37.819,37.973,38.154,38.247,38.342,38.758,39.759,39.816,39.861,nan,nan,nan,nan,nan,nan,nan,nan,nan,nan,nan,nan,nan,nan,nan,nan,nan,nan
0.166,0.525,0.583,0.696,0.771,0.823,0.887,0.945,0.986,1.084,1.221,1.39,1.653,1.715,1.793,2.011,2.263,2.443,2.573,3.023,3.322,3.502,3.84,3.947,4.067,4.422,4.463,4.499,4.572,4.686,4.738,5.032,5.719,5.826,6.479,7.477,8.186,8.294,8.413,8.524,8.582,8.606,8.788,8.845,8.928,8.979,9.049,9.332,9.392,9.442,9.671,9.853,9.928,10.391,11.513,11.841,11.895,12.129,12.248,12.271,13.065,13.256,13.838,13.997,14.365,14.498,14.758,15.706,15.926,16.023,16.331,16.552,16.827,17.012,17.037,17.077,17.144,17.237,17.424,17.587,17.638,17.713,17.867,17.994,18.081,18.112,18.604,18.691,18.966,19.003,19.552,19.75,19.865,20.108,20.38,20.475,20.768,20.795,21.592,21.654,21.797,21.863,22.459,22.564,23.663,23.702,23.931,24.007,24.024,24.211,24.583,24.61,24.701,24.956,25.088,25.207,25.281,25.305,25.369,25.393,25.505,25.589,25.684,25.864,25.987,26.177,26.228,26.397,26.876,26.976,27.055,27.276,27.488,27.715,27.837,27.865,28.617,28.758,28.842,29.127,29.25,29.286,29.347,29.475,29.645,30.239,30.431,30.518,31.452,31.473,31.55,31.662,31.786,32.198,32.225,32.449,32.816,32.97,33.279,33.327,33.479,33.512,33.802,33.829,33.842,33.928,34.054,34.738,34.816,35.168,35.545,36.084,36.197,36.41,36.524,36.654,36.698,36.905,36.931,37.005,37.186,37.327,37.393,37.453,37.554,37.578,37.614,37.966,38.101,39.345,39.628,39.873,nan,nan,nan,nan,nan,nan,nan,nan,nan,nan,nan,nan,nan,nan,nan,nan,nan,nan,nan,nan,nan,nan,nan,nan,nan,nan,nan,nan,nan,nan,nan,nan,nan,nan,nan,nan,nan,nan,nan
0.318,0.387,0.456,0.846,1.11,1.236,1.307,1.364,1.748,2.138,2.232,2.477,2.816,2.998,3.13,3.785,4.078,4.327,4.412,4.548,4.906,5.077,5.168,5.436,5.67,5.732,5.772,5.827,5.971,6.652,6.902,7.096,7.408,7.431,7.527,8.292,8.404,8.432,8.578,8.603,8.627,8.673,8.767,8.938,8.97,9.381,9.488,9.565,9.64,9.719,9.837,9.934,9.967,10.02,10.655,10.897,11.035,11.134,11.896,12.125,12.355,12.505,12.639,12.889,12.999,13.271,13.355,13.787,14.071,14.274,14.588,15.154,15.788,15.949,16.111,16.23,16.524,16.547,16.732,16.783,16.925,17.098,17.123,17.175,17.257,17.628,17.679,17.912,18.095,18.258,18.353,18.706,18.744,19.13,19.407,19.766,19.965,20.387,20.422,20.582,20.647,20.782,20.896,21.001,21.251,21.373,21.489,21.97,22.07,22.145,22.279,22.439,22.733,23.298,23.733,24.062,24.288,24.321,24.496,24.583,24.701,24.746,24.937,24.973,25.009,25.155,25.202,25.518,25.563,25.778,25.888,25.93,25.958,26.086,26.132,26.194,26.538,26.831,26.962,27.007,27.207,27.322,27.665,28.289,28.337,28.414,28.711,28.734,28.839,29.09,29.122,29.154,29.312,29.339,29.595,29.679,30.109,30.168,30.355,30.655,31.306,31.87,31.919,32.052,32.142,32.244,32.331,32.416,32.794,32.818,33.091,33.292,33.338,33.602,33.765,33.819,33.899,33.979,34.074,34.152,34.314,34.414,34.718,34.849,34.961,35.052,35.193,35.408,35.502,35.561,35.655,35.976,36.52,36.578,36.997,37.078,37.339,37.463,37.57,37.748,38.16,38.327,38.353,38.821,39.537,39.632,39.736,nan,nan,nan,nan,nan,nan,nan,nan,nan,nan,nan,nan,nan,nan,nan,nan,nan,nan,nan,nan,nan,nan,nan,nan
0.02,0.105,0.306,0.54,0.593,0.652,0.836,0.896,1.066,1.116,1.708,2.24,2.756,2.989,3.34,3.752,3.812,3.98,4.38,4.693,4.889,4.938,4.969,5.036,5.071,5.191,5.221,5.53,5.783,6.162,6.358,6.494,6.552,7.251,7.487,7.53,7.709,7.755,7.949,8.298,8.348,8.474,8.573,8.638,8.903,9.02,9.165,9.802,9.932,10.065,10.113,10.144,10.248,10.531,10.679,10.822,11.142,11.525,11.591,12.011,12.113,12.231,12.285,12.494,12.642,12.714,12.922,12.944,13.071,13.323,13.405,13.464,13.517,13.545,13.913,13.976,13.999,14.606,15.673,15.949,16.214,16.357,16.392,16.71,16.835,16.937,16.993,17.373,17.392,17.568,17.638,17.689,17.895,18.557,18.632,18.687,18.797,19.033,19.292,19.369,19.54,19.81,19.863,19.901,20.113,20.337,20.426,20.527,20.553,20.63,20.698,20.791,20.831,20.977,21.042,21.072,21.1,21.141,21.173,21.306,21.386,21.533,21.74,21.861,22.002,22.033,22.083,22.377,22.492,23.397,24.084,24.244,24.278,24.704,24.804,25.02,25.093,25.936,26.288,26.333,26.564,27.032,27.267,27.606,27.77,28.231,28.396,28.42,28.507,28.566,28.644,28.674,28.699,28.886,28.921,28.975,29.035,29.156,29.271,29.316,29.44,29.552,30.018,30.182,30.883,31.006,31.039,31.328,31.502,31.657,31.745,31.812,31.963,31.987,32.183,32.34,32.433,32.827,33.019,33.06,33.092,33.164,33.197,33.33,33.397,33.505,33.6,33.767,34.505,34.777,34.989,35.124,35.177,35.545,36.054,36.255,36.672,36.864,36.933,37.023,37.103,37.302,37.319,37.477,37.561,37.676,37.925,38.2,38.266,38.33,38.582,38.767,39.008,39.031,39.117,39.95,nan,nan,nan,nan,nan,nan,nan,nan,nan,nan,nan,nan,nan,nan,nan
0.077,0.13,0.197,0.243,0.294,0.384,0.768,0.799,0.91,0.99,1.195,1.248,1.291,1.375,1.499,1.603,1.737,1.787,1.857,2.276,2.32,2.516,2.612,2.727,2.883,2.999,3.306,3.439,3.528,3.906,3.952,3.982,4.099,4.405,4.446,4.588,5.006,5.221,5.319,5.638,6.324,6.382,6.778,6.987,7.187,7.889,7.917,8.396,8.451,8.714,8.801,8.891,8.995,9.183,9.218,9.51,9.687,9.807,10.034,10.14,10.215,10.283,11.087,11.339,11.542,11.596,11.71,11.843,12.315,12.797,13.082,13.169,13.337,13.374,13.586,13.78,13.858,14.51,14.723,14.777,15.06,15.077,15.228,15.381,15.46,15.564,16.028,16.282,16.515,16.887,17.102,17.18,17.232,17.484,18.243,18.68,19.464,19.621,19.67,19.725,19.855,19.926,20.043,20.218,20.423,20.494,20.669,20.729,20.772,20.906,20.947,21.534,21.662,21.785,21.88,22.161,22.243,22.332,22.37,23.362,23.577,23.603,23.638,24.099,24.364,24.506,24.715,24.837,24.9,24.982,25.031,25.188,25.315,25.658,26.275,26.584,26.928,26.988,27.121,27.183,27.238,27.301,27.372,27.397,28.075,28.212,28.402,28.542,28.642,28.67,28.703,28.793,28.856,28.987,29.044,29.101,29.532,29.622,29.717,29.992,30.641,30.809,31.135,31.322,31.538,31.704,31.79,31.897,31.978,32.014,32.289,32.472,32.685,32.97,33.079,33.4,33.442,33.496,33.576,33.709,33.781,34.26,34.298,34.438,34.515,34.997,35.172,35.287,35.723,35.769,35.882,35.944,36.037,36.085,36.199,36.36,36.428,36.526,36.598,36.65,36.679,36.719,36.86,36.903,37.101,37.18,37.237,37.267,37.553,37.642,37.737,37.778,37.922,38.064,38.228,38.279,38.356,38.775,38.807,38.917,39.396,39.648,39.692,39.751,39.889,nan,nan,nan,nan,nan,nan
0.064,0.49,0.526,0.667,0.726,0.829,0.909,1.071,1.162,1.391,1.658,1.79,1.82,1.85,1.97,2.161,2.219,2.599,2.885,2.968,3.729,4.256,4.464,4.513,4.799,4.884,5.017,5.133,5.258,5.296,5.706,5.753,6.08,6.619,6.792,6.947,7.236,7.323,7.907,8.015,8.157,8.199,8.286,8.431,8.486,8.576,8.634,8.75,8.858,9.346,9.644,9.894,10.612,11.014,11.549,11.727,11.813,11.907,12.45,12.736,12.77,12.824,13.181,13.48,13.573,13.695,13.979,14.587,14.987,15.056,15.127,15.16,15.307,15.522,15.628,15.658,15.889,16.114,16.13,16.297,16.599,16.775,16.837,16.902,17.026,17.089,17.182,17.304,17.571,17.685,17.813,18.336,18.433,19.11,19.66,19.868,20.151,20.532,20.782,20.921,21.081,21.125,21.221,21.449,21.947,22.232,22.301,22.488,22.566,23.102,23.263,23.309,24.253,24.423,24.769,25.008,25.145,25.205,25.433,25.962,27.226,27.779,27.955,28.139,28.465,28.598,28.884,28.996,29.026,29.486,29.55,29.668,29.917,30.063,30.106,30.54,30.703,30.895,31.171,31.55,32.18,32.209,32.253,32.287,32.305,32.492,32.747,32.888,33.013,33.048,33.164,33.453,33.499,33.529,33.686,33.913,34.145,34.27,34.59,34.659,34.787,34.904,35.026,35.123,35.414,35.451,36.227,36.291,36.53,36.599,36.782,36.904,36.979,37.091,37.369,37.439,37.476,37.563,37.713,37.895,38.0,38.499,38.788,38.945,39.166,39.527,39.752,nan,nan,nan,nan,nan,nan,nan,nan,nan,nan,nan,nan,nan,nan,nan,nan,nan,nan,nan,nan,nan,nan,nan,nan,nan,nan,nan,nan,nan,nan,nan,nan,nan,nan,nan,nan,nan,nan,nan,nan,nan,nan,nan,nan
0.282,0.328,0.421,0.54,0.691,1.051,1.483,1.524,1.757,1.918,2.072,2.325,2.43,2.501,2.517,2.609,2.679,3.11,3.376,3.491,4.101,4.173,4.362,4.65,4.932,5.185,5.422,5.47,5.646,5.742,5.786,6.197,6.274,6.626,6.945,7.066,7.224,7.372,8.404,8.429,8.532,8.714,8.903,8.93,9.092,9.171,9.274,9.312,9.395,9.471,9.547,9.869,10.091,10.729,10.815,11.49,11.836,12.032,12.158,12.213,12.395,12.576,12.619,12.665,12.854,12.949,13.077,13.143,13.327,13.529,13.579,13.622,13.738,14.105,14.307,14.643,14.736,15.361,15.502,15.894,16.0,16.076,16.126,16.214,16.335,16.355,16.431,16.482,16.527,16.86,16.908,17.186,17.27,17.583,17.613,17.656,17.747,17.962,18.061,18.148,18.213,18.407,18.626,18.684,18.724,18.94,19.041,19.643,19.668,19.767,19.845,19.993,20.1,20.261,20.576,20.667,21.097,21.164,21.302,21.702,21.815,21.848,21.922,21.971,22.038,22.224,22.323,22.809,23.224,23.65,24.16,24.355,24.452,24.501,24.607,24.683,24.741,24.852,24.986,25.146,25.278,25.304,25.346,25.388,25.426,25.494,25.974,26.019,26.533,26.76,26.832,27.045,27.163,27.668,27.681,27.951,28.06,28.098,28.284,28.327,28.41,28.665,28.681,28.811,28.875,29.226,29.504,29.719,30.156,30.293,30.596,30.729,31.527,31.977,32.016,32.082,32.164,32.215,32.392,32.412,32.642,32.678,32.726,32.774,32.828,33.075,33.707,33.993,34.479,34.531,34.665,34.75,35.155,35.312,35.452,35.574,35.722,36.121,36.232,36.295,36.339,36.779,36.845,37.064,37.141,37.382,37.468,37.494,37.708,38.231,38.34,38.39,38.5,38.586,38.66,39.003,39.063,39.213,39.481,39.771,nan,nan,nan,nan,nan,nan,nan,nan,nan,nan,nan
0.307,0.353,0.446,0.565,0.716,1.076,1.508,1.549,1.782,1.943,2.097,2.35,2.455,2.526,2.542,2.634,2.704,3.135,3.401,3.516,4.126,4.198,4.387,4.675,4.957,5.21,5.447,5.495,5.671,5.767,5.811,6.222,6.299,6.651,6.97,7.091,7.249,7.397,8.429,8.454,8.557,8.739,8.928,8.955,9.117,9.196,9.299,9.337,9.42,9.496,9.572,9.894,10.116,10.754,10.84,11.515,11.861,12.057,12.183,12.238,12.42,12.601,12.644,12.69,12.879,12.974,13.102,13.168,13.352,13.554,13.604,13.647,13.763,14.13,14.332,14.668,14.761,15.386,15.527,15.919,16.025,16.101,16.151,16.239,16.36,16.38,16.456,16.507,16.552,16.885,16.933,17.211,17.295,17.608,17.638,17.681,17.772,17.987,18.086,18.173,18.238,18.432,18.651,18.709,18.749,18.965,19.066,19.668,19.693,19.792,19.87,20.018,20.125,20.286,20.601,20.692,21.122,21.189,21.327,21.727,21.84,21.873,21.947,21.996,22.063,22.249,22.348,22.834,23.249,23.675,24.185,24.38,24.477,24.526,24.632,24.708,24.766,24.877,25.011,25.171,25.303,25.329,25.371,25.413,25.451,25.519,25.999,26.044,26.558,26.785,26.857,27.07,27.188,27.693,27.706,27.976,28.085,28.123,28.309,28.352,28.435,28.69,28.706,28.836,28.9,29.251,29.529,29.744,30.181,30.318,30.621,30.754,31.552,32.002,32.041,32.107,32.189,32.24,32.417,32.437,32.667,32.703,32.751,32.799,32.853,33.1,33.732,34.018,34.504,34.556,34.69,34.775,35.18,35.337,35.477,35.599,35.747,36.146,36.257,36.32,36.364,36.804,36.87,37.089,37.166,37.407,37.493,37.519,37.733,38.256,38.365,38.415,38.525,38.611,38.685,39.028,39.088,39.238,39.506,39.796,nan,nan,nan,nan,nan,nan,nan,nan,nan,nan,nan
0.332,0.378,0.471,0.59,0.741,1.101,1.533,1.574,1.807,1.968,2.122,2.375,2.48,2.551,2.567,2.659,2.729,3.16,3.426,3.541,4.151,4.223,4.412,4.7,4.982,5.235,5.472,5.52,5.696,5.792,5.836,6.247,6.324,6.676,6.995,7.116,7.274,7.422,8.454,8.479,8.582,8.764,8.953,8.98,9.142,9.221,9.324,9.362,9.445,9.521,9.597,9.919,10.141,10.779,10.865,11.54,11.886,12.082,12.208,12.263,12.445,12.626,12.669,12.715,12.904,12.999,13.127,13.193,13.377,13.579,13.629,13.672,13.788,14.155,14.357,14.693,14.786,15.411,15.552,15.944,16.05,16.126,16.176,16.264,16.385,16.405,16.481,16.532,16.577,16.91,16.958,17.236,17.32,17.633,17.663,17.706,17.797,18.012,18.111,18.198,18.263,18.457,18.676,18.734,18.774,18.99,19.091,19.693,19.718,19.817,19.895,20.043,20.15,20.311,20.626,20.717,21.147,21.214,21.352,21.752,21.865,21.898,21.972,22.021,22.088,22.274,22.373,22.859,23.274,23.7,24.21,24.405,24.502,24.551,24.657,24.733,24.791,24.902,25.036,25.196,25.328,25.354,25.396,25.438,25.476,25.544,26.024,26.069,26.583,26.81,26.882,27.095,27.213,27.718,27.731,28.001,28.11,28.148,28.334,28.377,28.46,28.715,28.731,28.861,28.925,29.276,29.554,29.769,30.206,30.343,30.646,30.779,31.577,32.027,32.066,32.132,32.214,32.265,32.442,32.462,32.692,32.728,32.776,32.824,32.878,33.125,33.757,34.043,34.529,34.581,34.715,34.8,35.205,35.362,35.502,35.624,35.772,36.171,36.282,36.345,36.389,36.829,36.895,37.114,37.191,37.432,37.518,37.544,37.758,38.281,38.39,38.44,38.55,38.636,38.71,39.053,39.113,39.263,39.531,39.821,nan,nan,nan,nan,nan,nan,nan,nan,nan,nan,nan
0.357,0.403,0.496,0.615,0.766,1.126,1.558,1.599,1.832,1.993,2.147,2.4,2.505,2.576,2.592,2.684,2.754,3.185,3.451,3.566,4.176,4.248,4.437,4.725,5.007,5.26,5.497,5.545,5.721,5.817,5.861,6.272,6.349,6.701,7.02,7.141,7.299,7.447,8.479,8.504,8.607,8.789,8.978,9.005,9.167,9.246,9.349,9.387,9.47,9.546,9.622,9.944,10.166,10.804,10.89,11.565,11.911,12.107,12.233,12.288,12.47,12.651,12.694,12.74,12.929,13.024,13.152,13.218,13.402,13.604,13.654,13.697,13.813,14.18,14.382,14.718,14.811,15.436,15.577,15.969,16.075,16.151,16.201,16.289,16.41,16.43,16.506,16.557,16.602,16.935,16.983,17.261,17.345,17.658,17.688,17.731,17.822,18.037,18.136,18.223,18.288,18.482,18.701,18.759,18.799,19.015,19.116,19.718,19.743,19.842,19.92,20.068,20.175,20.336,20.651,20.742,21.172,21.239,21.377,21.777,21.89,21.923,21.997,22.046,22.113,22.299,22.398,22.884,23.299,23.725,24.235,24.43,24.527,24.576,24.682,24.758,24.816,24.927,25.061,25.221,25.353,25.379,25.421,25.463,25.501,25.569,26.049,26.094,26.608,26.835,26.907,27.12,27.238,27.743,27.756,28.026,28.135,28.173,28.359,28.402,28.485,28.74,28.756,28.886,28.95,29.301,29.579,29.794,30.231,30.368,30.671,30.804,31.602,32.052,32.091,32.157,32.239,32.29,32.467,32.487,32.717,32.753,32.801,32.849,32.903,33.15,33.782,34.068,34.554,34.606,34.74,34.825,35.23,35.387,35.527,35.649,35.797,36.196,36.307,36.37,36.414,36.854,36.92,37.139,37.216,37.457,37.543,37.569,37.783,38.306,38.415,38.465,38.575,38.661,38.735,39.078,39.138,39.288,39.556,39.846,nan,nan,nan,nan,nan,nan,nan,nan,nan,nan,nan
